{
  "type": "FeatureCollection",
  "metadata": {
    "source_file": "merged_time_location_rr_eeg_features.csv",
    "point_count": 349,
    "start_time": "2026-07-17 12:56:16",
    "end_time": "2026-07-17 13:25:16",
    "gps_input_order": "latitude,longitude",
    "geojson_coordinate_order": "longitude,latitude",
    "missing_values": "Linear interpolation was applied to missing continuous physiological values before geographic records were extracted.",
    "derived_metrics": {
      "alpha": "low_alpha + high_alpha",
      "beta": "low_beta + high_beta",
      "gamma": "low_gamma + mid_gamma"
    },
    "metrics": {
      "heart_rate": {
        "label": "Heart Rate",
        "unit": "bpm"
      },
      "rr": {
        "label": "RR Interval",
        "unit": "ms"
      },
      "temperature": {
        "label": "Temperature",
        "unit": "°C"
      },
      "attention": {
        "label": "Attention",
        "unit": "score"
      },
      "relaxation": {
        "label": "Relaxation",
        "unit": "score"
      },
      "sync_rate": {
        "label": "Sync Rate",
        "unit": "%"
      },
      "mental_effort": {
        "label": "Mental Effort",
        "unit": "score"
      },
      "alpha": {
        "label": "Alpha Power",
        "unit": "power"
      },
      "beta": {
        "label": "Beta Power",
        "unit": "power"
      },
      "gamma": {
        "label": "Gamma Power",
        "unit": "power"
      },
      "delta": {
        "label": "Delta Power",
        "unit": "power"
      },
      "theta": {
        "label": "Theta Power",
        "unit": "power"
      },
      "low_alpha": {
        "label": "Low Alpha",
        "unit": "power"
      },
      "high_alpha": {
        "label": "High Alpha",
        "unit": "power"
      },
      "low_beta": {
        "label": "Low Beta",
        "unit": "power"
      },
      "high_beta": {
        "label": "High Beta",
        "unit": "power"
      },
      "low_gamma": {
        "label": "Low Gamma",
        "unit": "power"
      },
      "mid_gamma": {
        "label": "Mid Gamma",
        "unit": "power"
      },
      "pitch": {
        "label": "Pitch",
        "unit": "°"
      },
      "yaw": {
        "label": "Yaw",
        "unit": "°"
      },
      "roll": {
        "label": "Roll",
        "unit": "°"
      },
      "familiarity": {
        "label": "Familiarity",
        "unit": "score"
      }
    },
    "image_mapping": "Street images use repository-relative paths in the form extracted_frames/YYYY-MM-DD_HH-MM-SS.jpg.",
    "missing_image_behavior": "The HTML displays a no-corresponding-image message when the image property is empty or the referenced file cannot be loaded.",
    "audio_behavior": "All audio paths are empty.",
    "browser_path_note": "The HTML and GeoJSON must be served from the shenzhen_demo directory or from a parent web root that preserves the shenzhen_demo/video/extracted_frames path.",
    "cache_behavior": "The fixed HTML uses cache:no-store and cache-busting query parameters.",
    "schema_version": "1.1.0",
    "field_aliases": {
      "familarity": "familiarity"
    },
    "repository_layout": {
      "html": "index.html",
      "geojson": "data/biometric_multi_metric_with_spectrogram.geojson",
      "street_images": "extracted_frames/",
      "spectrograms": "spectrogram/"
    },
    "spectrogram_mapping": "Spectrograms use repository-relative paths in the form spectrogram/YYYY-MM-DD_HH-MM-SS.jpg.",
    "publication_note": "Prepared as a static GitHub Pages demonstration."
  },
  "features": [
    {
      "type": "Feature",
      "id": "record-0001",
      "properties": {
        "city": "venice",
        "timestamp": "2026-07-17 12:56:16",
        "image": "https://media.githubusercontent.com/media/jiakun323/geodata-visualization/refs/heads/main/extracted_frames/2026-07-17_12-56-16.jpg",
        "audio": "",
        "event_mark": "",
        "heart_rate": 92.0,
        "rr": 650.667,
        "temperature": 36.8,
        "attention": 54.0,
        "relaxation": 56.0,
        "sync_rate": 25.0,
        "mental_effort": -26.0,
        "pitch": 17.0,
        "yaw": -153.0,
        "roll": -8.0,
        "delta": 393067,
        "theta": 36935,
        "low_alpha": 6561,
        "high_alpha": 2951,
        "alpha": 9512,
        "low_beta": 12892,
        "high_beta": 26915,
        "beta": 39807,
        "low_gamma": 19727,
        "mid_gamma": 16827,
        "gamma": 36554,
        "rank": 92.0,
        "value": 92.0,
        "hr": 92.0,
        "unit": "bpm",
        "interpolated_fields": "rr",
        "image_expected_filename": "2026-07-17_12-56-16.jpg",
        "spectrogram": "https://media.githubusercontent.com/media/jiakun323/geodata-visualization/refs/heads/main/spectrogram/2026-07-17_12-56-16.jpg",
        "familiarity": -10.0,
        "record_id": "record-0001"
      },
      "geometry": {
        "type": "Point",
        "coordinates": [
          113.999715,
          22.597309
        ]
      }
    },
    {
      "type": "Feature",
      "id": "record-0002",
      "properties": {
        "city": "venice",
        "timestamp": "2026-07-17 12:56:21",
        "image": "https://media.githubusercontent.com/media/jiakun323/geodata-visualization/refs/heads/main/extracted_frames/2026-07-17_12-56-21.jpg",
        "audio": "",
        "event_mark": "",
        "heart_rate": 92.0,
        "rr": 664.5,
        "temperature": 36.8,
        "attention": 67.0,
        "relaxation": 56.0,
        "sync_rate": 33.0,
        "mental_effort": -14.0,
        "pitch": 9.0,
        "yaw": -102.0,
        "roll": -11.0,
        "delta": 693069,
        "theta": 20894,
        "low_alpha": 12046,
        "high_alpha": 11364,
        "alpha": 23410,
        "low_beta": 18499,
        "high_beta": 41164,
        "beta": 59663,
        "low_gamma": 44689,
        "mid_gamma": 9627,
        "gamma": 54316,
        "rank": 92.0,
        "value": 92.0,
        "hr": 92.0,
        "unit": "bpm",
        "interpolated_fields": "",
        "image_expected_filename": "2026-07-17_12-56-21.jpg",
        "spectrogram": "https://media.githubusercontent.com/media/jiakun323/geodata-visualization/refs/heads/main/spectrogram/2026-07-17_12-56-21.jpg",
        "familiarity": 15.0,
        "record_id": "record-0002"
      },
      "geometry": {
        "type": "Point",
        "coordinates": [
          113.999695,
          22.597261
        ]
      }
    },
    {
      "type": "Feature",
      "id": "record-0003",
      "properties": {
        "city": "venice",
        "timestamp": "2026-07-17 12:56:26",
        "image": "https://media.githubusercontent.com/media/jiakun323/geodata-visualization/refs/heads/main/extracted_frames/2026-07-17_12-56-26.jpg",
        "audio": "",
        "event_mark": "",
        "heart_rate": 90.0,
        "rr": 683.0,
        "temperature": 36.8,
        "attention": 94.0,
        "relaxation": 23.0,
        "sync_rate": 26.0,
        "mental_effort": -9.0,
        "pitch": -1.0,
        "yaw": -106.0,
        "roll": -4.0,
        "delta": 563527,
        "theta": 58334,
        "low_alpha": 6470,
        "high_alpha": 8347,
        "alpha": 14817,
        "low_beta": 11519,
        "high_beta": 77868,
        "beta": 89387,
        "low_gamma": 23806,
        "mid_gamma": 27096,
        "gamma": 50902,
        "rank": 90.0,
        "value": 90.0,
        "hr": 90.0,
        "unit": "bpm",
        "interpolated_fields": "",
        "image_expected_filename": "2026-07-17_12-56-26.jpg",
        "spectrogram": "https://media.githubusercontent.com/media/jiakun323/geodata-visualization/refs/heads/main/spectrogram/2026-07-17_12-56-26.jpg",
        "familiarity": -9.0,
        "record_id": "record-0003"
      },
      "geometry": {
        "type": "Point",
        "coordinates": [
          113.999676,
          22.597213
        ]
      }
    },
    {
      "type": "Feature",
      "id": "record-0004",
      "properties": {
        "city": "venice",
        "timestamp": "2026-07-17 12:56:31",
        "image": "https://media.githubusercontent.com/media/jiakun323/geodata-visualization/refs/heads/main/extracted_frames/2026-07-17_12-56-31.jpg",
        "audio": "",
        "event_mark": "",
        "heart_rate": 89.0,
        "rr": 655.0,
        "temperature": 36.8,
        "attention": 50.0,
        "relaxation": 54.0,
        "sync_rate": 22.0,
        "mental_effort": 2.0,
        "pitch": 17.0,
        "yaw": -80.0,
        "roll": -8.0,
        "delta": 4165,
        "theta": 5369,
        "low_alpha": 14219,
        "high_alpha": 8079,
        "alpha": 22298,
        "low_beta": 22763,
        "high_beta": 19009,
        "beta": 41772,
        "low_gamma": 17984,
        "mid_gamma": 8136,
        "gamma": 26120,
        "rank": 89.0,
        "value": 89.0,
        "hr": 89.0,
        "unit": "bpm",
        "interpolated_fields": "",
        "image_expected_filename": "2026-07-17_12-56-31.jpg",
        "spectrogram": "https://media.githubusercontent.com/media/jiakun323/geodata-visualization/refs/heads/main/spectrogram/2026-07-17_12-56-31.jpg",
        "familiarity": 4.0,
        "record_id": "record-0004"
      },
      "geometry": {
        "type": "Point",
        "coordinates": [
          113.999662,
          22.597167
        ]
      }
    },
    {
      "type": "Feature",
      "id": "record-0005",
      "properties": {
        "city": "venice",
        "timestamp": "2026-07-17 12:56:36",
        "image": "https://media.githubusercontent.com/media/jiakun323/geodata-visualization/refs/heads/main/extracted_frames/2026-07-17_12-56-36.jpg",
        "audio": "",
        "event_mark": "",
        "heart_rate": 89.0,
        "rr": 694.0,
        "temperature": 36.8,
        "attention": 50.0,
        "relaxation": 81.0,
        "sync_rate": 33.0,
        "mental_effort": -25.0,
        "pitch": 19.0,
        "yaw": -49.0,
        "roll": -12.0,
        "delta": 99291,
        "theta": 40709,
        "low_alpha": 17307,
        "high_alpha": 10705,
        "alpha": 28012,
        "low_beta": 13704,
        "high_beta": 20247,
        "beta": 33951,
        "low_gamma": 5176,
        "mid_gamma": 2337,
        "gamma": 7513,
        "rank": 89.0,
        "value": 89.0,
        "hr": 89.0,
        "unit": "bpm",
        "interpolated_fields": "",
        "image_expected_filename": "2026-07-17_12-56-36.jpg",
        "spectrogram": "https://media.githubusercontent.com/media/jiakun323/geodata-visualization/refs/heads/main/spectrogram/2026-07-17_12-56-36.jpg",
        "familiarity": 12.0,
        "record_id": "record-0005"
      },
      "geometry": {
        "type": "Point",
        "coordinates": [
          113.999648,
          22.597122
        ]
      }
    },
    {
      "type": "Feature",
      "id": "record-0006",
      "properties": {
        "city": "venice",
        "timestamp": "2026-07-17 12:56:41",
        "image": "https://media.githubusercontent.com/media/jiakun323/geodata-visualization/refs/heads/main/extracted_frames/2026-07-17_12-56-41.jpg",
        "audio": "",
        "event_mark": "",
        "heart_rate": 88.0,
        "rr": 665.0,
        "temperature": 36.8,
        "attention": 53.0,
        "relaxation": 63.0,
        "sync_rate": 34.0,
        "mental_effort": -6.0,
        "pitch": 17.0,
        "yaw": -29.0,
        "roll": -11.0,
        "delta": 335562,
        "theta": 13183,
        "low_alpha": 301,
        "high_alpha": 4655,
        "alpha": 4956,
        "low_beta": 4745,
        "high_beta": 6653,
        "beta": 11398,
        "low_gamma": 3435,
        "mid_gamma": 1809,
        "gamma": 5244,
        "rank": 88.0,
        "value": 88.0,
        "hr": 88.0,
        "unit": "bpm",
        "interpolated_fields": "",
        "image_expected_filename": "2026-07-17_12-56-41.jpg",
        "spectrogram": "https://media.githubusercontent.com/media/jiakun323/geodata-visualization/refs/heads/main/spectrogram/2026-07-17_12-56-41.jpg",
        "familiarity": -37.0,
        "record_id": "record-0006"
      },
      "geometry": {
        "type": "Point",
        "coordinates": [
          113.999633,
          22.597076
        ]
      }
    },
    {
      "type": "Feature",
      "id": "record-0007",
      "properties": {
        "city": "venice",
        "timestamp": "2026-07-17 12:56:46",
        "image": "https://media.githubusercontent.com/media/jiakun323/geodata-visualization/refs/heads/main/extracted_frames/2026-07-17_12-56-46.jpg",
        "audio": "",
        "event_mark": "",
        "heart_rate": 86.0,
        "rr": 730.0,
        "temperature": 36.8,
        "attention": 43.0,
        "relaxation": 67.0,
        "sync_rate": 28.0,
        "mental_effort": -26.0,
        "pitch": 17.0,
        "yaw": 1.0,
        "roll": -15.0,
        "delta": 744427,
        "theta": 71668,
        "low_alpha": 17527,
        "high_alpha": 11758,
        "alpha": 29285,
        "low_beta": 16465,
        "high_beta": 18494,
        "beta": 34959,
        "low_gamma": 34193,
        "mid_gamma": 7192,
        "gamma": 41385,
        "rank": 86.0,
        "value": 86.0,
        "hr": 86.0,
        "unit": "bpm",
        "interpolated_fields": "",
        "image_expected_filename": "2026-07-17_12-56-46.jpg",
        "spectrogram": "https://media.githubusercontent.com/media/jiakun323/geodata-visualization/refs/heads/main/spectrogram/2026-07-17_12-56-46.jpg",
        "familiarity": 22.0,
        "record_id": "record-0007"
      },
      "geometry": {
        "type": "Point",
        "coordinates": [
          113.999619,
          22.597031
        ]
      }
    },
    {
      "type": "Feature",
      "id": "record-0008",
      "properties": {
        "city": "venice",
        "timestamp": "2026-07-17 12:56:51",
        "image": "https://media.githubusercontent.com/media/jiakun323/geodata-visualization/refs/heads/main/extracted_frames/2026-07-17_12-56-51.jpg",
        "audio": "",
        "event_mark": "",
        "heart_rate": 86.0,
        "rr": 698.5,
        "temperature": 36.8,
        "attention": 61.0,
        "relaxation": 54.0,
        "sync_rate": 30.0,
        "mental_effort": 9.0,
        "pitch": 13.0,
        "yaw": 19.0,
        "roll": -2.0,
        "delta": 831830,
        "theta": 998327,
        "low_alpha": 37749,
        "high_alpha": 56955,
        "alpha": 94704,
        "low_beta": 28619,
        "high_beta": 75780,
        "beta": 104399,
        "low_gamma": 52297,
        "mid_gamma": 38407,
        "gamma": 90704,
        "rank": 86.0,
        "value": 86.0,
        "hr": 86.0,
        "unit": "bpm",
        "interpolated_fields": "",
        "image_expected_filename": "2026-07-17_12-56-51.jpg",
        "spectrogram": "https://media.githubusercontent.com/media/jiakun323/geodata-visualization/refs/heads/main/spectrogram/2026-07-17_12-56-51.jpg",
        "familiarity": 16.0,
        "record_id": "record-0008"
      },
      "geometry": {
        "type": "Point",
        "coordinates": [
          113.999605,
          22.596985
        ]
      }
    },
    {
      "type": "Feature",
      "id": "record-0009",
      "properties": {
        "city": "venice",
        "timestamp": "2026-07-17 12:56:56",
        "image": "https://media.githubusercontent.com/media/jiakun323/geodata-visualization/refs/heads/main/extracted_frames/2026-07-17_12-56-56.jpg",
        "audio": "",
        "event_mark": "",
        "heart_rate": 83.0,
        "rr": 703.0,
        "temperature": 36.8,
        "attention": 48.0,
        "relaxation": 51.0,
        "sync_rate": 46.0,
        "mental_effort": -24.0,
        "pitch": 19.0,
        "yaw": 39.0,
        "roll": -11.0,
        "delta": 2001280,
        "theta": 127839,
        "low_alpha": 40288,
        "high_alpha": 35617,
        "alpha": 75905,
        "low_beta": 12546,
        "high_beta": 31551,
        "beta": 44097,
        "low_gamma": 36683,
        "mid_gamma": 26543,
        "gamma": 63226,
        "rank": 83.0,
        "value": 83.0,
        "hr": 83.0,
        "unit": "bpm",
        "interpolated_fields": "",
        "image_expected_filename": "2026-07-17_12-56-56.jpg",
        "spectrogram": "https://media.githubusercontent.com/media/jiakun323/geodata-visualization/refs/heads/main/spectrogram/2026-07-17_12-56-56.jpg",
        "familiarity": 7.0,
        "record_id": "record-0009"
      },
      "geometry": {
        "type": "Point",
        "coordinates": [
          113.999591,
          22.596939
        ]
      }
    },
    {
      "type": "Feature",
      "id": "record-0010",
      "properties": {
        "city": "venice",
        "timestamp": "2026-07-17 12:57:01",
        "image": "https://media.githubusercontent.com/media/jiakun323/geodata-visualization/refs/heads/main/extracted_frames/2026-07-17_12-57-01.jpg",
        "audio": "",
        "event_mark": "",
        "heart_rate": 83.0,
        "rr": 696.5,
        "temperature": 36.9,
        "attention": 35.0,
        "relaxation": 50.0,
        "sync_rate": 34.0,
        "mental_effort": -9.0,
        "pitch": 8.0,
        "yaw": 78.0,
        "roll": -11.0,
        "delta": 45868,
        "theta": 58023,
        "low_alpha": 24234,
        "high_alpha": 25015,
        "alpha": 49249,
        "low_beta": 3779,
        "high_beta": 4509,
        "beta": 8288,
        "low_gamma": 5142,
        "mid_gamma": 2184,
        "gamma": 7326,
        "rank": 83.0,
        "value": 83.0,
        "hr": 83.0,
        "unit": "bpm",
        "interpolated_fields": "",
        "image_expected_filename": "2026-07-17_12-57-01.jpg",
        "spectrogram": "https://media.githubusercontent.com/media/jiakun323/geodata-visualization/refs/heads/main/spectrogram/2026-07-17_12-57-01.jpg",
        "familiarity": 11.0,
        "record_id": "record-0010"
      },
      "geometry": {
        "type": "Point",
        "coordinates": [
          113.999576,
          22.596894
        ]
      }
    },
    {
      "type": "Feature",
      "id": "record-0011",
      "properties": {
        "city": "venice",
        "timestamp": "2026-07-17 12:57:06",
        "image": "https://media.githubusercontent.com/media/jiakun323/geodata-visualization/refs/heads/main/extracted_frames/2026-07-17_12-57-06.jpg",
        "audio": "",
        "event_mark": "",
        "heart_rate": 84.0,
        "rr": 700.667,
        "temperature": 36.8,
        "attention": 47.0,
        "relaxation": 70.0,
        "sync_rate": 34.0,
        "mental_effort": -21.0,
        "pitch": 5.0,
        "yaw": 97.0,
        "roll": -9.0,
        "delta": 289513,
        "theta": 22879,
        "low_alpha": 6095,
        "high_alpha": 2347,
        "alpha": 8442,
        "low_beta": 2274,
        "high_beta": 11489,
        "beta": 13763,
        "low_gamma": 9554,
        "mid_gamma": 1164,
        "gamma": 10718,
        "rank": 84.0,
        "value": 84.0,
        "hr": 84.0,
        "unit": "bpm",
        "interpolated_fields": "",
        "image_expected_filename": "2026-07-17_12-57-06.jpg",
        "spectrogram": "https://media.githubusercontent.com/media/jiakun323/geodata-visualization/refs/heads/main/spectrogram/2026-07-17_12-57-06.jpg",
        "familiarity": 19.0,
        "record_id": "record-0011"
      },
      "geometry": {
        "type": "Point",
        "coordinates": [
          113.999562,
          22.596848
        ]
      }
    },
    {
      "type": "Feature",
      "id": "record-0012",
      "properties": {
        "city": "venice",
        "timestamp": "2026-07-17 12:57:11",
        "image": "https://media.githubusercontent.com/media/jiakun323/geodata-visualization/refs/heads/main/extracted_frames/2026-07-17_12-57-11.jpg",
        "audio": "",
        "event_mark": "",
        "heart_rate": 84.0,
        "rr": 670.0,
        "temperature": 36.9,
        "attention": 50.0,
        "relaxation": 67.0,
        "sync_rate": 80.0,
        "mental_effort": -31.0,
        "pitch": 10.0,
        "yaw": 94.0,
        "roll": -13.0,
        "delta": 446207,
        "theta": 561158,
        "low_alpha": 62036,
        "high_alpha": 83072,
        "alpha": 145108,
        "low_beta": 58097,
        "high_beta": 78029,
        "beta": 136126,
        "low_gamma": 51827,
        "mid_gamma": 18566,
        "gamma": 70393,
        "rank": 84.0,
        "value": 84.0,
        "hr": 84.0,
        "unit": "bpm",
        "interpolated_fields": "",
        "image_expected_filename": "2026-07-17_12-57-11.jpg",
        "spectrogram": "https://media.githubusercontent.com/media/jiakun323/geodata-visualization/refs/heads/main/spectrogram/2026-07-17_12-57-11.jpg",
        "familiarity": 6.0,
        "record_id": "record-0012"
      },
      "geometry": {
        "type": "Point",
        "coordinates": [
          113.999548,
          22.596803
        ]
      }
    },
    {
      "type": "Feature",
      "id": "record-0013",
      "properties": {
        "city": "venice",
        "timestamp": "2026-07-17 12:57:16",
        "image": "https://media.githubusercontent.com/media/jiakun323/geodata-visualization/refs/heads/main/extracted_frames/2026-07-17_12-57-16.jpg",
        "audio": "",
        "event_mark": "",
        "heart_rate": 85.0,
        "rr": 710.0,
        "temperature": 36.9,
        "attention": 61.0,
        "relaxation": 48.0,
        "sync_rate": 44.0,
        "mental_effort": -14.0,
        "pitch": 22.0,
        "yaw": 128.0,
        "roll": -6.0,
        "delta": 1394275,
        "theta": 147585,
        "low_alpha": 22677,
        "high_alpha": 66838,
        "alpha": 89515,
        "low_beta": 18433,
        "high_beta": 43530,
        "beta": 61963,
        "low_gamma": 59070,
        "mid_gamma": 21046,
        "gamma": 80116,
        "rank": 85.0,
        "value": 85.0,
        "hr": 85.0,
        "unit": "bpm",
        "interpolated_fields": "",
        "image_expected_filename": "2026-07-17_12-57-16.jpg",
        "spectrogram": "https://media.githubusercontent.com/media/jiakun323/geodata-visualization/refs/heads/main/spectrogram/2026-07-17_12-57-16.jpg",
        "familiarity": -12.0,
        "record_id": "record-0013"
      },
      "geometry": {
        "type": "Point",
        "coordinates": [
          113.999533,
          22.596757
        ]
      }
    },
    {
      "type": "Feature",
      "id": "record-0014",
      "properties": {
        "city": "venice",
        "timestamp": "2026-07-17 12:57:21",
        "image": "https://media.githubusercontent.com/media/jiakun323/geodata-visualization/refs/heads/main/extracted_frames/2026-07-17_12-57-21.jpg",
        "audio": "",
        "event_mark": "",
        "heart_rate": 84.0,
        "rr": 683.0,
        "temperature": 36.9,
        "attention": 63.0,
        "relaxation": 75.0,
        "sync_rate": 59.0,
        "mental_effort": -20.0,
        "pitch": 12.0,
        "yaw": 160.0,
        "roll": -11.0,
        "delta": 121294,
        "theta": 4883,
        "low_alpha": 2329,
        "high_alpha": 983,
        "alpha": 3312,
        "low_beta": 1204,
        "high_beta": 1991,
        "beta": 3195,
        "low_gamma": 4163,
        "mid_gamma": 2635,
        "gamma": 6798,
        "rank": 84.0,
        "value": 84.0,
        "hr": 84.0,
        "unit": "bpm",
        "interpolated_fields": "rr",
        "image_expected_filename": "2026-07-17_12-57-21.jpg",
        "spectrogram": "https://media.githubusercontent.com/media/jiakun323/geodata-visualization/refs/heads/main/spectrogram/2026-07-17_12-57-21.jpg",
        "familiarity": 15.0,
        "record_id": "record-0014"
      },
      "geometry": {
        "type": "Point",
        "coordinates": [
          113.999519,
          22.596711
        ]
      }
    },
    {
      "type": "Feature",
      "id": "record-0015",
      "properties": {
        "city": "venice",
        "timestamp": "2026-07-17 12:57:26",
        "image": "https://media.githubusercontent.com/media/jiakun323/geodata-visualization/refs/heads/main/extracted_frames/2026-07-17_12-57-26.jpg",
        "audio": "",
        "event_mark": "",
        "heart_rate": 84.0,
        "rr": 689.333,
        "temperature": 36.9,
        "attention": 83.0,
        "relaxation": 51.0,
        "sync_rate": 23.0,
        "mental_effort": -7.0,
        "pitch": 9.0,
        "yaw": -170.0,
        "roll": -9.0,
        "delta": 450956,
        "theta": 60988,
        "low_alpha": 32134,
        "high_alpha": 9425,
        "alpha": 41559,
        "low_beta": 18830,
        "high_beta": 25414,
        "beta": 44244,
        "low_gamma": 24236,
        "mid_gamma": 23745,
        "gamma": 47981,
        "rank": 84.0,
        "value": 84.0,
        "hr": 84.0,
        "unit": "bpm",
        "interpolated_fields": "",
        "image_expected_filename": "2026-07-17_12-57-26.jpg",
        "spectrogram": "https://media.githubusercontent.com/media/jiakun323/geodata-visualization/refs/heads/main/spectrogram/2026-07-17_12-57-26.jpg",
        "familiarity": -12.0,
        "record_id": "record-0015"
      },
      "geometry": {
        "type": "Point",
        "coordinates": [
          113.999505,
          22.596666
        ]
      }
    },
    {
      "type": "Feature",
      "id": "record-0016",
      "properties": {
        "city": "venice",
        "timestamp": "2026-07-17 12:57:31",
        "image": "https://media.githubusercontent.com/media/jiakun323/geodata-visualization/refs/heads/main/extracted_frames/2026-07-17_12-57-31.jpg",
        "audio": "",
        "event_mark": "有车要进地库，然后快速通行让车。",
        "heart_rate": 85.0,
        "rr": 699.5,
        "temperature": 36.9,
        "attention": 47.0,
        "relaxation": 69.0,
        "sync_rate": 26.0,
        "mental_effort": -17.0,
        "pitch": 22.0,
        "yaw": -121.0,
        "roll": -15.0,
        "delta": 2759031,
        "theta": 171454,
        "low_alpha": 48687,
        "high_alpha": 28855,
        "alpha": 77542,
        "low_beta": 11037,
        "high_beta": 27195,
        "beta": 38232,
        "low_gamma": 47297,
        "mid_gamma": 14513,
        "gamma": 61810,
        "rank": 85.0,
        "value": 85.0,
        "hr": 85.0,
        "unit": "bpm",
        "interpolated_fields": "",
        "image_expected_filename": "2026-07-17_12-57-31.jpg",
        "spectrogram": "https://media.githubusercontent.com/media/jiakun323/geodata-visualization/refs/heads/main/spectrogram/2026-07-17_12-57-31.jpg",
        "familiarity": -2.0,
        "record_id": "record-0016"
      },
      "geometry": {
        "type": "Point",
        "coordinates": [
          113.999491,
          22.59662
        ]
      }
    },
    {
      "type": "Feature",
      "id": "record-0017",
      "properties": {
        "city": "venice",
        "timestamp": "2026-07-17 12:57:36",
        "image": "https://media.githubusercontent.com/media/jiakun323/geodata-visualization/refs/heads/main/extracted_frames/2026-07-17_12-57-36.jpg",
        "audio": "",
        "event_mark": "",
        "heart_rate": 84.0,
        "rr": 668.333,
        "temperature": 36.9,
        "attention": 61.0,
        "relaxation": 50.0,
        "sync_rate": 34.0,
        "mental_effort": -1.0,
        "pitch": 17.0,
        "yaw": -111.0,
        "roll": -6.0,
        "delta": 1467372,
        "theta": 78075,
        "low_alpha": 27294,
        "high_alpha": 37009,
        "alpha": 64303,
        "low_beta": 53589,
        "high_beta": 46974,
        "beta": 100563,
        "low_gamma": 35224,
        "mid_gamma": 17945,
        "gamma": 53169,
        "rank": 84.0,
        "value": 84.0,
        "hr": 84.0,
        "unit": "bpm",
        "interpolated_fields": "",
        "image_expected_filename": "2026-07-17_12-57-36.jpg",
        "spectrogram": "https://media.githubusercontent.com/media/jiakun323/geodata-visualization/refs/heads/main/spectrogram/2026-07-17_12-57-36.jpg",
        "familiarity": -9.0,
        "record_id": "record-0017"
      },
      "geometry": {
        "type": "Point",
        "coordinates": [
          113.999464,
          22.596581
        ]
      }
    },
    {
      "type": "Feature",
      "id": "record-0018",
      "properties": {
        "city": "venice",
        "timestamp": "2026-07-17 12:57:41",
        "image": "https://media.githubusercontent.com/media/jiakun323/geodata-visualization/refs/heads/main/extracted_frames/2026-07-17_12-57-41.jpg",
        "audio": "",
        "event_mark": "",
        "heart_rate": 85.0,
        "rr": 625.333,
        "temperature": 36.9,
        "attention": 47.0,
        "relaxation": 90.0,
        "sync_rate": 26.0,
        "mental_effort": -22.0,
        "pitch": 20.0,
        "yaw": -92.0,
        "roll": -8.0,
        "delta": 161530,
        "theta": 57034,
        "low_alpha": 20548,
        "high_alpha": 6695,
        "alpha": 27243,
        "low_beta": 5449,
        "high_beta": 17355,
        "beta": 22804,
        "low_gamma": 7940,
        "mid_gamma": 2632,
        "gamma": 10572,
        "rank": 85.0,
        "value": 85.0,
        "hr": 85.0,
        "unit": "bpm",
        "interpolated_fields": "",
        "image_expected_filename": "2026-07-17_12-57-41.jpg",
        "spectrogram": "https://media.githubusercontent.com/media/jiakun323/geodata-visualization/refs/heads/main/spectrogram/2026-07-17_12-57-41.jpg",
        "familiarity": 18.0,
        "record_id": "record-0018"
      },
      "geometry": {
        "type": "Point",
        "coordinates": [
          113.999428,
          22.596545
        ]
      }
    },
    {
      "type": "Feature",
      "id": "record-0019",
      "properties": {
        "city": "venice",
        "timestamp": "2026-07-17 12:57:46",
        "image": "https://media.githubusercontent.com/media/jiakun323/geodata-visualization/refs/heads/main/extracted_frames/2026-07-17_12-57-46.jpg",
        "audio": "",
        "event_mark": "",
        "heart_rate": 90.0,
        "rr": 598.5,
        "temperature": 36.9,
        "attention": 64.0,
        "relaxation": 51.0,
        "sync_rate": 26.0,
        "mental_effort": -19.0,
        "pitch": 19.0,
        "yaw": -71.0,
        "roll": -13.0,
        "delta": 77023,
        "theta": 13368,
        "low_alpha": 14089,
        "high_alpha": 8207,
        "alpha": 22296,
        "low_beta": 7824,
        "high_beta": 9581,
        "beta": 17405,
        "low_gamma": 13505,
        "mid_gamma": 3517,
        "gamma": 17022,
        "rank": 90.0,
        "value": 90.0,
        "hr": 90.0,
        "unit": "bpm",
        "interpolated_fields": "",
        "image_expected_filename": "2026-07-17_12-57-46.jpg",
        "spectrogram": "https://media.githubusercontent.com/media/jiakun323/geodata-visualization/refs/heads/main/spectrogram/2026-07-17_12-57-46.jpg",
        "familiarity": 7.0,
        "record_id": "record-0019"
      },
      "geometry": {
        "type": "Point",
        "coordinates": [
          113.999392,
          22.59651
        ]
      }
    },
    {
      "type": "Feature",
      "id": "record-0020",
      "properties": {
        "city": "venice",
        "timestamp": "2026-07-17 12:57:51",
        "image": "https://media.githubusercontent.com/media/jiakun323/geodata-visualization/refs/heads/main/extracted_frames/2026-07-17_12-57-51.jpg",
        "audio": "",
        "event_mark": "",
        "heart_rate": 94.0,
        "rr": 631.75,
        "temperature": 36.9,
        "attention": 43.0,
        "relaxation": 54.0,
        "sync_rate": 39.0,
        "mental_effort": -22.0,
        "pitch": 14.0,
        "yaw": -33.0,
        "roll": -3.0,
        "delta": 589911,
        "theta": 266889,
        "low_alpha": 48102,
        "high_alpha": 46259,
        "alpha": 94361,
        "low_beta": 79041,
        "high_beta": 26762,
        "beta": 105803,
        "low_gamma": 28285,
        "mid_gamma": 16903,
        "gamma": 45188,
        "rank": 94.0,
        "value": 94.0,
        "hr": 94.0,
        "unit": "bpm",
        "interpolated_fields": "rr",
        "image_expected_filename": "2026-07-17_12-57-51.jpg",
        "spectrogram": "https://media.githubusercontent.com/media/jiakun323/geodata-visualization/refs/heads/main/spectrogram/2026-07-17_12-57-51.jpg",
        "familiarity": -1.0,
        "record_id": "record-0020"
      },
      "geometry": {
        "type": "Point",
        "coordinates": [
          113.999357,
          22.596475
        ]
      }
    },
    {
      "type": "Feature",
      "id": "record-0021",
      "properties": {
        "city": "venice",
        "timestamp": "2026-07-17 12:57:56",
        "image": "https://media.githubusercontent.com/media/jiakun323/geodata-visualization/refs/heads/main/extracted_frames/2026-07-17_12-57-56.jpg",
        "audio": "",
        "event_mark": "看向 A5 的智慧大食堂，可能是饿了。",
        "heart_rate": 96.0,
        "rr": 667.0,
        "temperature": 37.0,
        "attention": 48.0,
        "relaxation": 67.0,
        "sync_rate": 33.0,
        "mental_effort": -6.0,
        "pitch": 14.0,
        "yaw": -48.0,
        "roll": -5.0,
        "delta": 853073,
        "theta": 348921,
        "low_alpha": 48731,
        "high_alpha": 24906,
        "alpha": 73637,
        "low_beta": 57384,
        "high_beta": 60378,
        "beta": 117762,
        "low_gamma": 85276,
        "mid_gamma": 50921,
        "gamma": 136197,
        "rank": 96.0,
        "value": 96.0,
        "hr": 96.0,
        "unit": "bpm",
        "interpolated_fields": "",
        "image_expected_filename": "2026-07-17_12-57-56.jpg",
        "spectrogram": "https://media.githubusercontent.com/media/jiakun323/geodata-visualization/refs/heads/main/spectrogram/2026-07-17_12-57-56.jpg",
        "familiarity": 15.0,
        "record_id": "record-0021"
      },
      "geometry": {
        "type": "Point",
        "coordinates": [
          113.999321,
          22.596439
        ]
      }
    },
    {
      "type": "Feature",
      "id": "record-0022",
      "properties": {
        "city": "venice",
        "timestamp": "2026-07-17 12:58:01",
        "image": "https://media.githubusercontent.com/media/jiakun323/geodata-visualization/refs/heads/main/extracted_frames/2026-07-17_12-58-01.jpg",
        "audio": "",
        "event_mark": "",
        "heart_rate": 96.0,
        "rr": 705.0,
        "temperature": 37.0,
        "attention": 23.0,
        "relaxation": 75.0,
        "sync_rate": 37.0,
        "mental_effort": -33.0,
        "pitch": 11.0,
        "yaw": -11.0,
        "roll": -16.0,
        "delta": 685702,
        "theta": 468045,
        "low_alpha": 18241,
        "high_alpha": 167903,
        "alpha": 186144,
        "low_beta": 33514,
        "high_beta": 21908,
        "beta": 55422,
        "low_gamma": 18469,
        "mid_gamma": 35920,
        "gamma": 54389,
        "rank": 96.0,
        "value": 96.0,
        "hr": 96.0,
        "unit": "bpm",
        "interpolated_fields": "",
        "image_expected_filename": "2026-07-17_12-58-01.jpg",
        "spectrogram": "https://media.githubusercontent.com/media/jiakun323/geodata-visualization/refs/heads/main/spectrogram/2026-07-17_12-58-01.jpg",
        "familiarity": -16.0,
        "record_id": "record-0022"
      },
      "geometry": {
        "type": "Point",
        "coordinates": [
          113.999285,
          22.596404
        ]
      }
    },
    {
      "type": "Feature",
      "id": "record-0023",
      "properties": {
        "city": "venice",
        "timestamp": "2026-07-17 12:58:06",
        "image": "https://media.githubusercontent.com/media/jiakun323/geodata-visualization/refs/heads/main/extracted_frames/2026-07-17_12-58-06.jpg",
        "audio": "",
        "event_mark": "",
        "heart_rate": 94.0,
        "rr": 692.083,
        "temperature": 37.0,
        "attention": 50.0,
        "relaxation": 54.0,
        "sync_rate": 31.0,
        "mental_effort": -22.0,
        "pitch": 24.0,
        "yaw": -9.0,
        "roll": -13.0,
        "delta": 118285,
        "theta": 17459,
        "low_alpha": 6613,
        "high_alpha": 1968,
        "alpha": 8581,
        "low_beta": 6751,
        "high_beta": 7551,
        "beta": 14302,
        "low_gamma": 4605,
        "mid_gamma": 1234,
        "gamma": 5839,
        "rank": 94.0,
        "value": 94.0,
        "hr": 94.0,
        "unit": "bpm",
        "interpolated_fields": "rr",
        "image_expected_filename": "2026-07-17_12-58-06.jpg",
        "spectrogram": "https://media.githubusercontent.com/media/jiakun323/geodata-visualization/refs/heads/main/spectrogram/2026-07-17_12-58-06.jpg",
        "familiarity": -12.0,
        "record_id": "record-0023"
      },
      "geometry": {
        "type": "Point",
        "coordinates": [
          113.99925,
          22.596368
        ]
      }
    },
    {
      "type": "Feature",
      "id": "record-0024",
      "properties": {
        "city": "venice",
        "timestamp": "2026-07-17 12:58:11",
        "image": "https://media.githubusercontent.com/media/jiakun323/geodata-visualization/refs/heads/main/extracted_frames/2026-07-17_12-58-11.jpg",
        "audio": "",
        "event_mark": "",
        "heart_rate": 89.0,
        "rr": 684.5,
        "temperature": 37.0,
        "attention": 44.0,
        "relaxation": 64.0,
        "sync_rate": 42.0,
        "mental_effort": -21.0,
        "pitch": 21.0,
        "yaw": 0.0,
        "roll": -5.0,
        "delta": 1187491,
        "theta": 121608,
        "low_alpha": 76729,
        "high_alpha": 10887,
        "alpha": 87616,
        "low_beta": 9186,
        "high_beta": 13573,
        "beta": 22759,
        "low_gamma": 21087,
        "mid_gamma": 12709,
        "gamma": 33796,
        "rank": 89.0,
        "value": 89.0,
        "hr": 89.0,
        "unit": "bpm",
        "interpolated_fields": "",
        "image_expected_filename": "2026-07-17_12-58-11.jpg",
        "spectrogram": "https://media.githubusercontent.com/media/jiakun323/geodata-visualization/refs/heads/main/spectrogram/2026-07-17_12-58-11.jpg",
        "familiarity": 7.0,
        "record_id": "record-0024"
      },
      "geometry": {
        "type": "Point",
        "coordinates": [
          113.999214,
          22.596333
        ]
      }
    },
    {
      "type": "Feature",
      "id": "record-0025",
      "properties": {
        "city": "venice",
        "timestamp": "2026-07-17 12:58:16",
        "image": "https://media.githubusercontent.com/media/jiakun323/geodata-visualization/refs/heads/main/extracted_frames/2026-07-17_12-58-16.jpg",
        "audio": "",
        "event_mark": "",
        "heart_rate": 85.0,
        "rr": 666.5,
        "temperature": 37.0,
        "attention": 48.0,
        "relaxation": 75.0,
        "sync_rate": 35.0,
        "mental_effort": -34.0,
        "pitch": 10.0,
        "yaw": 34.0,
        "roll": -18.0,
        "delta": 1091235,
        "theta": 45942,
        "low_alpha": 12224,
        "high_alpha": 10476,
        "alpha": 22700,
        "low_beta": 17726,
        "high_beta": 16808,
        "beta": 34534,
        "low_gamma": 13912,
        "mid_gamma": 6254,
        "gamma": 20166,
        "rank": 85.0,
        "value": 85.0,
        "hr": 85.0,
        "unit": "bpm",
        "interpolated_fields": "",
        "image_expected_filename": "2026-07-17_12-58-16.jpg",
        "spectrogram": "https://media.githubusercontent.com/media/jiakun323/geodata-visualization/refs/heads/main/spectrogram/2026-07-17_12-58-16.jpg",
        "familiarity": -11.0,
        "record_id": "record-0025"
      },
      "geometry": {
        "type": "Point",
        "coordinates": [
          113.999187,
          22.5963
        ]
      }
    },
    {
      "type": "Feature",
      "id": "record-0026",
      "properties": {
        "city": "venice",
        "timestamp": "2026-07-17 12:58:21",
        "image": "https://media.githubusercontent.com/media/jiakun323/geodata-visualization/refs/heads/main/extracted_frames/2026-07-17_12-58-21.jpg",
        "audio": "",
        "event_mark": "",
        "heart_rate": 86.0,
        "rr": 678.75,
        "temperature": 37.0,
        "attention": 27.0,
        "relaxation": 48.0,
        "sync_rate": 74.0,
        "mental_effort": -29.0,
        "pitch": 12.0,
        "yaw": 50.0,
        "roll": -3.0,
        "delta": 998220,
        "theta": 631348,
        "low_alpha": 79203,
        "high_alpha": 51248,
        "alpha": 130451,
        "low_beta": 48670,
        "high_beta": 50093,
        "beta": 98763,
        "low_gamma": 33905,
        "mid_gamma": 14894,
        "gamma": 48799,
        "rank": 86.0,
        "value": 86.0,
        "hr": 86.0,
        "unit": "bpm",
        "interpolated_fields": "",
        "image_expected_filename": "2026-07-17_12-58-21.jpg",
        "spectrogram": "https://media.githubusercontent.com/media/jiakun323/geodata-visualization/refs/heads/main/spectrogram/2026-07-17_12-58-21.jpg",
        "familiarity": 7.0,
        "record_id": "record-0026"
      },
      "geometry": {
        "type": "Point",
        "coordinates": [
          113.999161,
          22.596267
        ]
      }
    },
    {
      "type": "Feature",
      "id": "record-0027",
      "properties": {
        "city": "venice",
        "timestamp": "2026-07-17 12:58:26",
        "image": "https://media.githubusercontent.com/media/jiakun323/geodata-visualization/refs/heads/main/extracted_frames/2026-07-17_12-58-26.jpg",
        "audio": "",
        "event_mark": "",
        "heart_rate": 87.0,
        "rr": 686.5,
        "temperature": 37.0,
        "attention": 54.0,
        "relaxation": 64.0,
        "sync_rate": 68.0,
        "mental_effort": -21.0,
        "pitch": 20.0,
        "yaw": 66.0,
        "roll": -4.0,
        "delta": 360442,
        "theta": 354017,
        "low_alpha": 56881,
        "high_alpha": 13502,
        "alpha": 70383,
        "low_beta": 27122,
        "high_beta": 53796,
        "beta": 80918,
        "low_gamma": 58916,
        "mid_gamma": 8366,
        "gamma": 67282,
        "rank": 87.0,
        "value": 87.0,
        "hr": 87.0,
        "unit": "bpm",
        "interpolated_fields": "",
        "image_expected_filename": "2026-07-17_12-58-26.jpg",
        "spectrogram": "https://media.githubusercontent.com/media/jiakun323/geodata-visualization/refs/heads/main/spectrogram/2026-07-17_12-58-26.jpg",
        "familiarity": -2.0,
        "record_id": "record-0027"
      },
      "geometry": {
        "type": "Point",
        "coordinates": [
          113.999136,
          22.596228
        ]
      }
    },
    {
      "type": "Feature",
      "id": "record-0028",
      "properties": {
        "city": "venice",
        "timestamp": "2026-07-17 12:58:31",
        "image": "https://media.githubusercontent.com/media/jiakun323/geodata-visualization/refs/heads/main/extracted_frames/2026-07-17_12-58-31.jpg",
        "audio": "",
        "event_mark": "",
        "heart_rate": 87.0,
        "rr": 659.0,
        "temperature": 37.0,
        "attention": 60.0,
        "relaxation": 74.0,
        "sync_rate": 79.0,
        "mental_effort": -30.0,
        "pitch": 22.0,
        "yaw": 120.0,
        "roll": -19.0,
        "delta": 709967,
        "theta": 20159,
        "low_alpha": 38069,
        "high_alpha": 23306,
        "alpha": 61375,
        "low_beta": 14413,
        "high_beta": 48778,
        "beta": 63191,
        "low_gamma": 14117,
        "mid_gamma": 26908,
        "gamma": 41025,
        "rank": 87.0,
        "value": 87.0,
        "hr": 87.0,
        "unit": "bpm",
        "interpolated_fields": "",
        "image_expected_filename": "2026-07-17_12-58-31.jpg",
        "spectrogram": "https://media.githubusercontent.com/media/jiakun323/geodata-visualization/refs/heads/main/spectrogram/2026-07-17_12-58-31.jpg",
        "familiarity": 3.0,
        "record_id": "record-0028"
      },
      "geometry": {
        "type": "Point",
        "coordinates": [
          113.999113,
          22.596185
        ]
      }
    },
    {
      "type": "Feature",
      "id": "record-0029",
      "properties": {
        "city": "venice",
        "timestamp": "2026-07-17 12:58:36",
        "image": "https://media.githubusercontent.com/media/jiakun323/geodata-visualization/refs/heads/main/extracted_frames/2026-07-17_12-58-36.jpg",
        "audio": "",
        "event_mark": "",
        "heart_rate": 87.0,
        "rr": 679.5,
        "temperature": 37.0,
        "attention": 44.0,
        "relaxation": 51.0,
        "sync_rate": 61.0,
        "mental_effort": -34.0,
        "pitch": 20.0,
        "yaw": 108.0,
        "roll": -12.0,
        "delta": 141748,
        "theta": 79427,
        "low_alpha": 51560,
        "high_alpha": 5699,
        "alpha": 57259,
        "low_beta": 3707,
        "high_beta": 22288,
        "beta": 25995,
        "low_gamma": 13018,
        "mid_gamma": 8310,
        "gamma": 21328,
        "rank": 87.0,
        "value": 87.0,
        "hr": 87.0,
        "unit": "bpm",
        "interpolated_fields": "",
        "image_expected_filename": "2026-07-17_12-58-36.jpg",
        "spectrogram": "https://media.githubusercontent.com/media/jiakun323/geodata-visualization/refs/heads/main/spectrogram/2026-07-17_12-58-36.jpg",
        "familiarity": 14.0,
        "record_id": "record-0029"
      },
      "geometry": {
        "type": "Point",
        "coordinates": [
          113.99909,
          22.596142
        ]
      }
    },
    {
      "type": "Feature",
      "id": "record-0030",
      "properties": {
        "city": "venice",
        "timestamp": "2026-07-17 12:58:41",
        "image": "https://media.githubusercontent.com/media/jiakun323/geodata-visualization/refs/heads/main/extracted_frames/2026-07-17_12-58-41.jpg",
        "audio": "",
        "event_mark": "",
        "heart_rate": 87.0,
        "rr": 649.0,
        "temperature": 37.0,
        "attention": 43.0,
        "relaxation": 66.0,
        "sync_rate": 44.0,
        "mental_effort": -29.0,
        "pitch": -7.0,
        "yaw": 121.0,
        "roll": -9.0,
        "delta": 412338,
        "theta": 188402,
        "low_alpha": 67284,
        "high_alpha": 25208,
        "alpha": 92492,
        "low_beta": 75582,
        "high_beta": 70481,
        "beta": 146063,
        "low_gamma": 67762,
        "mid_gamma": 17713,
        "gamma": 85475,
        "rank": 87.0,
        "value": 87.0,
        "hr": 87.0,
        "unit": "bpm",
        "interpolated_fields": "",
        "image_expected_filename": "2026-07-17_12-58-41.jpg",
        "spectrogram": "https://media.githubusercontent.com/media/jiakun323/geodata-visualization/refs/heads/main/spectrogram/2026-07-17_12-58-41.jpg",
        "familiarity": 0.0,
        "record_id": "record-0030"
      },
      "geometry": {
        "type": "Point",
        "coordinates": [
          113.999067,
          22.596099
        ]
      }
    },
    {
      "type": "Feature",
      "id": "record-0031",
      "properties": {
        "city": "venice",
        "timestamp": "2026-07-17 12:58:46",
        "image": "https://media.githubusercontent.com/media/jiakun323/geodata-visualization/refs/heads/main/extracted_frames/2026-07-17_12-58-46.jpg",
        "audio": "",
        "event_mark": "",
        "heart_rate": 87.0,
        "rr": 702.0,
        "temperature": 37.0,
        "attention": 60.0,
        "relaxation": 47.0,
        "sync_rate": 43.0,
        "mental_effort": -30.0,
        "pitch": 8.0,
        "yaw": 128.0,
        "roll": -12.0,
        "delta": 36225,
        "theta": 34171,
        "low_alpha": 612,
        "high_alpha": 9459,
        "alpha": 10071,
        "low_beta": 7230,
        "high_beta": 23344,
        "beta": 30574,
        "low_gamma": 16458,
        "mid_gamma": 7898,
        "gamma": 24356,
        "rank": 87.0,
        "value": 87.0,
        "hr": 87.0,
        "unit": "bpm",
        "interpolated_fields": "",
        "image_expected_filename": "2026-07-17_12-58-46.jpg",
        "spectrogram": "https://media.githubusercontent.com/media/jiakun323/geodata-visualization/refs/heads/main/spectrogram/2026-07-17_12-58-46.jpg",
        "familiarity": 1.0,
        "record_id": "record-0031"
      },
      "geometry": {
        "type": "Point",
        "coordinates": [
          113.999044,
          22.596055
        ]
      }
    },
    {
      "type": "Feature",
      "id": "record-0032",
      "properties": {
        "city": "venice",
        "timestamp": "2026-07-17 12:58:51",
        "image": "https://media.githubusercontent.com/media/jiakun323/geodata-visualization/refs/heads/main/extracted_frames/2026-07-17_12-58-51.jpg",
        "audio": "",
        "event_mark": "",
        "heart_rate": 86.0,
        "rr": 662.5,
        "temperature": 37.0,
        "attention": 54.0,
        "relaxation": 34.0,
        "sync_rate": 29.0,
        "mental_effort": 0.0,
        "pitch": 19.0,
        "yaw": -155.0,
        "roll": -5.0,
        "delta": 278817,
        "theta": 45719,
        "low_alpha": 8239,
        "high_alpha": 1202,
        "alpha": 9441,
        "low_beta": 2702,
        "high_beta": 6372,
        "beta": 9074,
        "low_gamma": 15016,
        "mid_gamma": 2862,
        "gamma": 17878,
        "rank": 86.0,
        "value": 86.0,
        "hr": 86.0,
        "unit": "bpm",
        "interpolated_fields": "",
        "image_expected_filename": "2026-07-17_12-58-51.jpg",
        "spectrogram": "https://media.githubusercontent.com/media/jiakun323/geodata-visualization/refs/heads/main/spectrogram/2026-07-17_12-58-51.jpg",
        "familiarity": -23.0,
        "record_id": "record-0032"
      },
      "geometry": {
        "type": "Point",
        "coordinates": [
          113.999021,
          22.596012
        ]
      }
    },
    {
      "type": "Feature",
      "id": "record-0033",
      "properties": {
        "city": "venice",
        "timestamp": "2026-07-17 12:58:56",
        "image": "https://media.githubusercontent.com/media/jiakun323/geodata-visualization/refs/heads/main/extracted_frames/2026-07-17_12-58-56.jpg",
        "audio": "",
        "event_mark": "",
        "heart_rate": 86.0,
        "rr": 686.0,
        "temperature": 37.0,
        "attention": 61.0,
        "relaxation": 51.0,
        "sync_rate": 42.0,
        "mental_effort": -12.0,
        "pitch": -17.0,
        "yaw": -134.0,
        "roll": -11.0,
        "delta": 519035,
        "theta": 215589,
        "low_alpha": 17900,
        "high_alpha": 26738,
        "alpha": 44638,
        "low_beta": 25659,
        "high_beta": 67664,
        "beta": 93323,
        "low_gamma": 22319,
        "mid_gamma": 7188,
        "gamma": 29507,
        "rank": 86.0,
        "value": 86.0,
        "hr": 86.0,
        "unit": "bpm",
        "interpolated_fields": "",
        "image_expected_filename": "2026-07-17_12-58-56.jpg",
        "spectrogram": "https://media.githubusercontent.com/media/jiakun323/geodata-visualization/refs/heads/main/spectrogram/2026-07-17_12-58-56.jpg",
        "familiarity": 8.0,
        "record_id": "record-0033"
      },
      "geometry": {
        "type": "Point",
        "coordinates": [
          113.998992,
          22.595973
        ]
      }
    },
    {
      "type": "Feature",
      "id": "record-0034",
      "properties": {
        "city": "venice",
        "timestamp": "2026-07-17 12:59:01",
        "image": "https://media.githubusercontent.com/media/jiakun323/geodata-visualization/refs/heads/main/extracted_frames/2026-07-17_12-59-01.jpg",
        "audio": "",
        "event_mark": "",
        "heart_rate": 86.0,
        "rr": 687.0,
        "temperature": 37.0,
        "attention": 38.0,
        "relaxation": 38.0,
        "sync_rate": 64.0,
        "mental_effort": -20.0,
        "pitch": 31.0,
        "yaw": -107.0,
        "roll": -19.0,
        "delta": 916635,
        "theta": 113351,
        "low_alpha": 17101,
        "high_alpha": 16887,
        "alpha": 33988,
        "low_beta": 5985,
        "high_beta": 16294,
        "beta": 22279,
        "low_gamma": 25434,
        "mid_gamma": 15076,
        "gamma": 40510,
        "rank": 86.0,
        "value": 86.0,
        "hr": 86.0,
        "unit": "bpm",
        "interpolated_fields": "",
        "image_expected_filename": "2026-07-17_12-59-01.jpg",
        "spectrogram": "https://media.githubusercontent.com/media/jiakun323/geodata-visualization/refs/heads/main/spectrogram/2026-07-17_12-59-01.jpg",
        "familiarity": 9.0,
        "record_id": "record-0034"
      },
      "geometry": {
        "type": "Point",
        "coordinates": [
          113.998959,
          22.595936
        ]
      }
    },
    {
      "type": "Feature",
      "id": "record-0035",
      "properties": {
        "city": "venice",
        "timestamp": "2026-07-17 12:59:06",
        "image": "https://media.githubusercontent.com/media/jiakun323/geodata-visualization/refs/heads/main/extracted_frames/2026-07-17_12-59-06.jpg",
        "audio": "",
        "event_mark": "",
        "heart_rate": 86.0,
        "rr": 685.0,
        "temperature": 37.0,
        "attention": 48.0,
        "relaxation": 38.0,
        "sync_rate": 35.0,
        "mental_effort": -35.0,
        "pitch": -2.0,
        "yaw": -118.0,
        "roll": 0.0,
        "delta": 549270,
        "theta": 469853,
        "low_alpha": 30016,
        "high_alpha": 38333,
        "alpha": 68349,
        "low_beta": 50326,
        "high_beta": 33895,
        "beta": 84221,
        "low_gamma": 40798,
        "mid_gamma": 15062,
        "gamma": 55860,
        "rank": 86.0,
        "value": 86.0,
        "hr": 86.0,
        "unit": "bpm",
        "interpolated_fields": "",
        "image_expected_filename": "2026-07-17_12-59-06.jpg",
        "spectrogram": "https://media.githubusercontent.com/media/jiakun323/geodata-visualization/refs/heads/main/spectrogram/2026-07-17_12-59-06.jpg",
        "familiarity": 10.0,
        "record_id": "record-0035"
      },
      "geometry": {
        "type": "Point",
        "coordinates": [
          113.998925,
          22.595899
        ]
      }
    },
    {
      "type": "Feature",
      "id": "record-0036",
      "properties": {
        "city": "venice",
        "timestamp": "2026-07-17 12:59:11",
        "image": "https://media.githubusercontent.com/media/jiakun323/geodata-visualization/refs/heads/main/extracted_frames/2026-07-17_12-59-11.jpg",
        "audio": "",
        "event_mark": "",
        "heart_rate": 86.0,
        "rr": 687.5,
        "temperature": 37.0,
        "attention": 64.0,
        "relaxation": 67.0,
        "sync_rate": 67.0,
        "mental_effort": -1.0,
        "pitch": -37.0,
        "yaw": -123.0,
        "roll": 10.0,
        "delta": 867420,
        "theta": 21929,
        "low_alpha": 18011,
        "high_alpha": 32205,
        "alpha": 50216,
        "low_beta": 16842,
        "high_beta": 32959,
        "beta": 49801,
        "low_gamma": 30699,
        "mid_gamma": 14965,
        "gamma": 45664,
        "rank": 86.0,
        "value": 86.0,
        "hr": 86.0,
        "unit": "bpm",
        "interpolated_fields": "",
        "image_expected_filename": "2026-07-17_12-59-11.jpg",
        "spectrogram": "https://media.githubusercontent.com/media/jiakun323/geodata-visualization/refs/heads/main/spectrogram/2026-07-17_12-59-11.jpg",
        "familiarity": 15.0,
        "record_id": "record-0036"
      },
      "geometry": {
        "type": "Point",
        "coordinates": [
          113.998892,
          22.595861
        ]
      }
    },
    {
      "type": "Feature",
      "id": "record-0037",
      "properties": {
        "city": "venice",
        "timestamp": "2026-07-17 12:59:16",
        "image": "https://media.githubusercontent.com/media/jiakun323/geodata-visualization/refs/heads/main/extracted_frames/2026-07-17_12-59-16.jpg",
        "audio": "",
        "event_mark": "",
        "heart_rate": 86.0,
        "rr": 657.0,
        "temperature": 37.1,
        "attention": 53.0,
        "relaxation": 30.0,
        "sync_rate": 63.0,
        "mental_effort": -34.0,
        "pitch": 19.0,
        "yaw": -59.0,
        "roll": -16.0,
        "delta": 518292,
        "theta": 822293,
        "low_alpha": 45789,
        "high_alpha": 48837,
        "alpha": 94626,
        "low_beta": 30697,
        "high_beta": 56453,
        "beta": 87150,
        "low_gamma": 57017,
        "mid_gamma": 9994,
        "gamma": 67011,
        "rank": 86.0,
        "value": 86.0,
        "hr": 86.0,
        "unit": "bpm",
        "interpolated_fields": "rr",
        "image_expected_filename": "2026-07-17_12-59-16.jpg",
        "spectrogram": "https://media.githubusercontent.com/media/jiakun323/geodata-visualization/refs/heads/main/spectrogram/2026-07-17_12-59-16.jpg",
        "familiarity": -27.0,
        "record_id": "record-0037"
      },
      "geometry": {
        "type": "Point",
        "coordinates": [
          113.998862,
          22.595829
        ]
      }
    },
    {
      "type": "Feature",
      "id": "record-0038",
      "properties": {
        "city": "venice",
        "timestamp": "2026-07-17 12:59:21",
        "image": "https://media.githubusercontent.com/media/jiakun323/geodata-visualization/refs/heads/main/extracted_frames/2026-07-17_12-59-21.jpg",
        "audio": "",
        "event_mark": "",
        "heart_rate": 87.0,
        "rr": 666.5,
        "temperature": 37.1,
        "attention": 41.0,
        "relaxation": 64.0,
        "sync_rate": 33.0,
        "mental_effort": -36.0,
        "pitch": 17.0,
        "yaw": -50.0,
        "roll": -5.0,
        "delta": 1132160,
        "theta": 92405,
        "low_alpha": 17688,
        "high_alpha": 9947,
        "alpha": 27635,
        "low_beta": 3803,
        "high_beta": 17781,
        "beta": 21584,
        "low_gamma": 10676,
        "mid_gamma": 16935,
        "gamma": 27611,
        "rank": 87.0,
        "value": 87.0,
        "hr": 87.0,
        "unit": "bpm",
        "interpolated_fields": "",
        "image_expected_filename": "2026-07-17_12-59-21.jpg",
        "spectrogram": "https://media.githubusercontent.com/media/jiakun323/geodata-visualization/refs/heads/main/spectrogram/2026-07-17_12-59-21.jpg",
        "familiarity": 6.0,
        "record_id": "record-0038"
      },
      "geometry": {
        "type": "Point",
        "coordinates": [
          113.998833,
          22.595798
        ]
      }
    },
    {
      "type": "Feature",
      "id": "record-0039",
      "properties": {
        "city": "venice",
        "timestamp": "2026-07-17 12:59:26",
        "image": "https://media.githubusercontent.com/media/jiakun323/geodata-visualization/refs/heads/main/extracted_frames/2026-07-17_12-59-26.jpg",
        "audio": "",
        "event_mark": "",
        "heart_rate": 88.0,
        "rr": 660.0,
        "temperature": 37.1,
        "attention": 44.0,
        "relaxation": 93.0,
        "sync_rate": 49.0,
        "mental_effort": -5.0,
        "pitch": 12.0,
        "yaw": -14.0,
        "roll": -19.0,
        "delta": 2044581,
        "theta": 144242,
        "low_alpha": 48799,
        "high_alpha": 29407,
        "alpha": 78206,
        "low_beta": 16777,
        "high_beta": 73684,
        "beta": 90461,
        "low_gamma": 46458,
        "mid_gamma": 19775,
        "gamma": 66233,
        "rank": 88.0,
        "value": 88.0,
        "hr": 88.0,
        "unit": "bpm",
        "interpolated_fields": "",
        "image_expected_filename": "2026-07-17_12-59-26.jpg",
        "spectrogram": "https://media.githubusercontent.com/media/jiakun323/geodata-visualization/refs/heads/main/spectrogram/2026-07-17_12-59-26.jpg",
        "familiarity": -14.0,
        "record_id": "record-0039"
      },
      "geometry": {
        "type": "Point",
        "coordinates": [
          113.998804,
          22.595767
        ]
      }
    },
    {
      "type": "Feature",
      "id": "record-0040",
      "properties": {
        "city": "venice",
        "timestamp": "2026-07-17 12:59:31",
        "image": "https://media.githubusercontent.com/media/jiakun323/geodata-visualization/refs/heads/main/extracted_frames/2026-07-17_12-59-31.jpg",
        "audio": "",
        "event_mark": "",
        "heart_rate": 88.0,
        "rr": 653.5,
        "temperature": 37.1,
        "attention": 43.0,
        "relaxation": 60.0,
        "sync_rate": 37.0,
        "mental_effort": -35.0,
        "pitch": 19.0,
        "yaw": 6.0,
        "roll": -11.0,
        "delta": 1203664,
        "theta": 1094786,
        "low_alpha": 88348,
        "high_alpha": 43311,
        "alpha": 131659,
        "low_beta": 54708,
        "high_beta": 124926,
        "beta": 179634,
        "low_gamma": 80219,
        "mid_gamma": 10880,
        "gamma": 91099,
        "rank": 88.0,
        "value": 88.0,
        "hr": 88.0,
        "unit": "bpm",
        "interpolated_fields": "",
        "image_expected_filename": "2026-07-17_12-59-31.jpg",
        "spectrogram": "https://media.githubusercontent.com/media/jiakun323/geodata-visualization/refs/heads/main/spectrogram/2026-07-17_12-59-31.jpg",
        "familiarity": 17.0,
        "record_id": "record-0040"
      },
      "geometry": {
        "type": "Point",
        "coordinates": [
          113.998775,
          22.595736
        ]
      }
    },
    {
      "type": "Feature",
      "id": "record-0041",
      "properties": {
        "city": "venice",
        "timestamp": "2026-07-17 12:59:36",
        "image": "https://media.githubusercontent.com/media/jiakun323/geodata-visualization/refs/heads/main/extracted_frames/2026-07-17_12-59-36.jpg",
        "audio": "",
        "event_mark": "",
        "heart_rate": 90.0,
        "rr": 637.5,
        "temperature": 37.1,
        "attention": 37.0,
        "relaxation": 64.0,
        "sync_rate": 59.0,
        "mental_effort": -33.0,
        "pitch": 6.0,
        "yaw": 3.0,
        "roll": -7.0,
        "delta": 1094603,
        "theta": 192412,
        "low_alpha": 314072,
        "high_alpha": 44387,
        "alpha": 358459,
        "low_beta": 32655,
        "high_beta": 40143,
        "beta": 72798,
        "low_gamma": 29209,
        "mid_gamma": 21895,
        "gamma": 51104,
        "rank": 90.0,
        "value": 90.0,
        "hr": 90.0,
        "unit": "bpm",
        "interpolated_fields": "",
        "image_expected_filename": "2026-07-17_12-59-36.jpg",
        "spectrogram": "https://media.githubusercontent.com/media/jiakun323/geodata-visualization/refs/heads/main/spectrogram/2026-07-17_12-59-36.jpg",
        "familiarity": -1.0,
        "record_id": "record-0041"
      },
      "geometry": {
        "type": "Point",
        "coordinates": [
          113.998746,
          22.595705
        ]
      }
    },
    {
      "type": "Feature",
      "id": "record-0042",
      "properties": {
        "city": "venice",
        "timestamp": "2026-07-17 12:59:41",
        "image": "https://media.githubusercontent.com/media/jiakun323/geodata-visualization/refs/heads/main/extracted_frames/2026-07-17_12-59-41.jpg",
        "audio": "",
        "event_mark": "",
        "heart_rate": 91.0,
        "rr": 690.0,
        "temperature": 37.1,
        "attention": 44.0,
        "relaxation": 30.0,
        "sync_rate": 45.0,
        "mental_effort": -21.0,
        "pitch": 8.0,
        "yaw": 28.0,
        "roll": -14.0,
        "delta": 756573,
        "theta": 48402,
        "low_alpha": 3416,
        "high_alpha": 13209,
        "alpha": 16625,
        "low_beta": 3704,
        "high_beta": 6307,
        "beta": 10011,
        "low_gamma": 8283,
        "mid_gamma": 668,
        "gamma": 8951,
        "rank": 91.0,
        "value": 91.0,
        "hr": 91.0,
        "unit": "bpm",
        "interpolated_fields": "",
        "image_expected_filename": "2026-07-17_12-59-41.jpg",
        "spectrogram": "https://media.githubusercontent.com/media/jiakun323/geodata-visualization/refs/heads/main/spectrogram/2026-07-17_12-59-41.jpg",
        "familiarity": 1.0,
        "record_id": "record-0042"
      },
      "geometry": {
        "type": "Point",
        "coordinates": [
          113.998717,
          22.595674
        ]
      }
    },
    {
      "type": "Feature",
      "id": "record-0043",
      "properties": {
        "city": "venice",
        "timestamp": "2026-07-17 12:59:46",
        "image": "https://media.githubusercontent.com/media/jiakun323/geodata-visualization/refs/heads/main/extracted_frames/2026-07-17_12-59-46.jpg",
        "audio": "",
        "event_mark": "",
        "heart_rate": 90.0,
        "rr": 658.0,
        "temperature": 37.1,
        "attention": 61.0,
        "relaxation": 74.0,
        "sync_rate": 44.0,
        "mental_effort": -36.0,
        "pitch": 20.0,
        "yaw": 61.0,
        "roll": -12.0,
        "delta": 141302,
        "theta": 1025,
        "low_alpha": 3124,
        "high_alpha": 2156,
        "alpha": 5280,
        "low_beta": 1580,
        "high_beta": 4918,
        "beta": 6498,
        "low_gamma": 2134,
        "mid_gamma": 1796,
        "gamma": 3930,
        "rank": 90.0,
        "value": 90.0,
        "hr": 90.0,
        "unit": "bpm",
        "interpolated_fields": "",
        "image_expected_filename": "2026-07-17_12-59-46.jpg",
        "spectrogram": "https://media.githubusercontent.com/media/jiakun323/geodata-visualization/refs/heads/main/spectrogram/2026-07-17_12-59-46.jpg",
        "familiarity": -25.0,
        "record_id": "record-0043"
      },
      "geometry": {
        "type": "Point",
        "coordinates": [
          113.998688,
          22.595643
        ]
      }
    },
    {
      "type": "Feature",
      "id": "record-0044",
      "properties": {
        "city": "venice",
        "timestamp": "2026-07-17 12:59:51",
        "image": "https://media.githubusercontent.com/media/jiakun323/geodata-visualization/refs/heads/main/extracted_frames/2026-07-17_12-59-51.jpg",
        "audio": "",
        "event_mark": "",
        "heart_rate": 88.0,
        "rr": 696.0,
        "temperature": 37.1,
        "attention": 41.0,
        "relaxation": 80.0,
        "sync_rate": 61.0,
        "mental_effort": -29.0,
        "pitch": 13.0,
        "yaw": 64.0,
        "roll": -6.0,
        "delta": 1031389,
        "theta": 42864,
        "low_alpha": 36804,
        "high_alpha": 33849,
        "alpha": 70653,
        "low_beta": 5154,
        "high_beta": 20637,
        "beta": 25791,
        "low_gamma": 13141,
        "mid_gamma": 9864,
        "gamma": 23005,
        "rank": 88.0,
        "value": 88.0,
        "hr": 88.0,
        "unit": "bpm",
        "interpolated_fields": "",
        "image_expected_filename": "2026-07-17_12-59-51.jpg",
        "spectrogram": "https://media.githubusercontent.com/media/jiakun323/geodata-visualization/refs/heads/main/spectrogram/2026-07-17_12-59-51.jpg",
        "familiarity": 2.0,
        "record_id": "record-0044"
      },
      "geometry": {
        "type": "Point",
        "coordinates": [
          113.998657,
          22.595612
        ]
      }
    },
    {
      "type": "Feature",
      "id": "record-0045",
      "properties": {
        "city": "venice",
        "timestamp": "2026-07-17 12:59:56",
        "image": "https://media.githubusercontent.com/media/jiakun323/geodata-visualization/refs/heads/main/extracted_frames/2026-07-17_12-59-56.jpg",
        "audio": "",
        "event_mark": "",
        "heart_rate": 88.0,
        "rr": 664.0,
        "temperature": 37.1,
        "attention": 51.0,
        "relaxation": 51.0,
        "sync_rate": 27.0,
        "mental_effort": -11.0,
        "pitch": 18.0,
        "yaw": 97.0,
        "roll": -20.0,
        "delta": 154888,
        "theta": 48517,
        "low_alpha": 5748,
        "high_alpha": 4404,
        "alpha": 10152,
        "low_beta": 7160,
        "high_beta": 6399,
        "beta": 13559,
        "low_gamma": 7076,
        "mid_gamma": 1763,
        "gamma": 8839,
        "rank": 88.0,
        "value": 88.0,
        "hr": 88.0,
        "unit": "bpm",
        "interpolated_fields": "",
        "image_expected_filename": "2026-07-17_12-59-56.jpg",
        "spectrogram": "https://media.githubusercontent.com/media/jiakun323/geodata-visualization/refs/heads/main/spectrogram/2026-07-17_12-59-56.jpg",
        "familiarity": 15.0,
        "record_id": "record-0045"
      },
      "geometry": {
        "type": "Point",
        "coordinates": [
          113.998627,
          22.595581
        ]
      }
    },
    {
      "type": "Feature",
      "id": "record-0046",
      "properties": {
        "city": "venice",
        "timestamp": "2026-07-17 13:00:01",
        "image": "https://media.githubusercontent.com/media/jiakun323/geodata-visualization/refs/heads/main/extracted_frames/2026-07-17_13-00-01.jpg",
        "audio": "",
        "event_mark": "",
        "heart_rate": 87.0,
        "rr": 690.0,
        "temperature": 37.1,
        "attention": 38.0,
        "relaxation": 54.0,
        "sync_rate": 34.0,
        "mental_effort": -32.0,
        "pitch": 23.0,
        "yaw": 142.0,
        "roll": -4.0,
        "delta": 966781,
        "theta": 151553,
        "low_alpha": 60220,
        "high_alpha": 52089,
        "alpha": 112309,
        "low_beta": 5432,
        "high_beta": 11862,
        "beta": 17294,
        "low_gamma": 12132,
        "mid_gamma": 4430,
        "gamma": 16562,
        "rank": 87.0,
        "value": 87.0,
        "hr": 87.0,
        "unit": "bpm",
        "interpolated_fields": "",
        "image_expected_filename": "2026-07-17_13-00-01.jpg",
        "spectrogram": "https://media.githubusercontent.com/media/jiakun323/geodata-visualization/refs/heads/main/spectrogram/2026-07-17_13-00-01.jpg",
        "familiarity": 17.0,
        "record_id": "record-0046"
      },
      "geometry": {
        "type": "Point",
        "coordinates": [
          113.998599,
          22.595532
        ]
      }
    },
    {
      "type": "Feature",
      "id": "record-0047",
      "properties": {
        "city": "venice",
        "timestamp": "2026-07-17 13:00:06",
        "image": "https://media.githubusercontent.com/media/jiakun323/geodata-visualization/refs/heads/main/extracted_frames/2026-07-17_13-00-06.jpg",
        "audio": "",
        "event_mark": "",
        "heart_rate": 87.0,
        "rr": 693.0,
        "temperature": 37.1,
        "attention": 35.0,
        "relaxation": 47.0,
        "sync_rate": 37.0,
        "mental_effort": -31.0,
        "pitch": 25.0,
        "yaw": 102.0,
        "roll": -8.0,
        "delta": 951341,
        "theta": 764902,
        "low_alpha": 66315,
        "high_alpha": 40484,
        "alpha": 106799,
        "low_beta": 24340,
        "high_beta": 37779,
        "beta": 62119,
        "low_gamma": 55425,
        "mid_gamma": 16607,
        "gamma": 72032,
        "rank": 87.0,
        "value": 87.0,
        "hr": 87.0,
        "unit": "bpm",
        "interpolated_fields": "",
        "image_expected_filename": "2026-07-17_13-00-06.jpg",
        "spectrogram": "https://media.githubusercontent.com/media/jiakun323/geodata-visualization/refs/heads/main/spectrogram/2026-07-17_13-00-06.jpg",
        "familiarity": -14.0,
        "record_id": "record-0047"
      },
      "geometry": {
        "type": "Point",
        "coordinates": [
          113.998568,
          22.595487
        ]
      }
    },
    {
      "type": "Feature",
      "id": "record-0048",
      "properties": {
        "city": "venice",
        "timestamp": "2026-07-17 13:00:11",
        "image": "https://media.githubusercontent.com/media/jiakun323/geodata-visualization/refs/heads/main/extracted_frames/2026-07-17_13-00-11.jpg",
        "audio": "",
        "event_mark": "",
        "heart_rate": 87.0,
        "rr": 645.5,
        "temperature": 37.1,
        "attention": 30.0,
        "relaxation": 54.0,
        "sync_rate": 46.0,
        "mental_effort": -20.0,
        "pitch": 22.0,
        "yaw": -172.0,
        "roll": -19.0,
        "delta": 967420,
        "theta": 275744,
        "low_alpha": 112620,
        "high_alpha": 38585,
        "alpha": 151205,
        "low_beta": 67020,
        "high_beta": 34922,
        "beta": 101942,
        "low_gamma": 172789,
        "mid_gamma": 123628,
        "gamma": 296417,
        "rank": 87.0,
        "value": 87.0,
        "hr": 87.0,
        "unit": "bpm",
        "interpolated_fields": "",
        "image_expected_filename": "2026-07-17_13-00-11.jpg",
        "spectrogram": "https://media.githubusercontent.com/media/jiakun323/geodata-visualization/refs/heads/main/spectrogram/2026-07-17_13-00-11.jpg",
        "familiarity": -11.0,
        "record_id": "record-0048"
      },
      "geometry": {
        "type": "Point",
        "coordinates": [
          113.998521,
          22.595463
        ]
      }
    },
    {
      "type": "Feature",
      "id": "record-0049",
      "properties": {
        "city": "venice",
        "timestamp": "2026-07-17 13:00:16",
        "image": "https://media.githubusercontent.com/media/jiakun323/geodata-visualization/refs/heads/main/extracted_frames/2026-07-17_13-00-16.jpg",
        "audio": "",
        "event_mark": "",
        "heart_rate": 87.0,
        "rr": 724.0,
        "temperature": 37.1,
        "attention": 80.0,
        "relaxation": 54.0,
        "sync_rate": 71.0,
        "mental_effort": -18.0,
        "pitch": 10.0,
        "yaw": -165.0,
        "roll": -1.0,
        "delta": 15703,
        "theta": 19258,
        "low_alpha": 7723,
        "high_alpha": 4710,
        "alpha": 12433,
        "low_beta": 18200,
        "high_beta": 14546,
        "beta": 32746,
        "low_gamma": 17469,
        "mid_gamma": 10411,
        "gamma": 27880,
        "rank": 87.0,
        "value": 87.0,
        "hr": 87.0,
        "unit": "bpm",
        "interpolated_fields": "",
        "image_expected_filename": "2026-07-17_13-00-16.jpg",
        "spectrogram": "https://media.githubusercontent.com/media/jiakun323/geodata-visualization/refs/heads/main/spectrogram/2026-07-17_13-00-16.jpg",
        "familiarity": -11.0,
        "record_id": "record-0049"
      },
      "geometry": {
        "type": "Point",
        "coordinates": [
          113.998474,
          22.595439
        ]
      }
    },
    {
      "type": "Feature",
      "id": "record-0050",
      "properties": {
        "city": "venice",
        "timestamp": "2026-07-17 13:00:21",
        "image": "https://media.githubusercontent.com/media/jiakun323/geodata-visualization/refs/heads/main/extracted_frames/2026-07-17_13-00-21.jpg",
        "audio": "",
        "event_mark": "",
        "heart_rate": 88.0,
        "rr": 637.5,
        "temperature": 37.1,
        "attention": 40.0,
        "relaxation": 61.0,
        "sync_rate": 61.0,
        "mental_effort": -25.0,
        "pitch": 0.0,
        "yaw": -167.0,
        "roll": -5.0,
        "delta": 1566374,
        "theta": 118616,
        "low_alpha": 48174,
        "high_alpha": 30482,
        "alpha": 78656,
        "low_beta": 10155,
        "high_beta": 42800,
        "beta": 52955,
        "low_gamma": 18711,
        "mid_gamma": 21833,
        "gamma": 40544,
        "rank": 88.0,
        "value": 88.0,
        "hr": 88.0,
        "unit": "bpm",
        "interpolated_fields": "",
        "image_expected_filename": "2026-07-17_13-00-21.jpg",
        "spectrogram": "https://media.githubusercontent.com/media/jiakun323/geodata-visualization/refs/heads/main/spectrogram/2026-07-17_13-00-21.jpg",
        "familiarity": -15.0,
        "record_id": "record-0050"
      },
      "geometry": {
        "type": "Point",
        "coordinates": [
          113.998428,
          22.595416
        ]
      }
    },
    {
      "type": "Feature",
      "id": "record-0051",
      "properties": {
        "city": "venice",
        "timestamp": "2026-07-17 13:00:26",
        "image": "https://media.githubusercontent.com/media/jiakun323/geodata-visualization/refs/heads/main/extracted_frames/2026-07-17_13-00-26.jpg",
        "audio": "",
        "event_mark": "",
        "heart_rate": 88.0,
        "rr": 695.167,
        "temperature": 37.1,
        "attention": 27.0,
        "relaxation": 37.0,
        "sync_rate": 60.0,
        "mental_effort": -11.0,
        "pitch": 17.0,
        "yaw": -141.0,
        "roll": -16.0,
        "delta": 582190,
        "theta": 32829,
        "low_alpha": 1207,
        "high_alpha": 3128,
        "alpha": 4335,
        "low_beta": 2640,
        "high_beta": 5269,
        "beta": 7909,
        "low_gamma": 4172,
        "mid_gamma": 3179,
        "gamma": 7351,
        "rank": 88.0,
        "value": 88.0,
        "hr": 88.0,
        "unit": "bpm",
        "interpolated_fields": "rr",
        "image_expected_filename": "2026-07-17_13-00-26.jpg",
        "spectrogram": "https://media.githubusercontent.com/media/jiakun323/geodata-visualization/refs/heads/main/spectrogram/2026-07-17_13-00-26.jpg",
        "familiarity": 22.0,
        "record_id": "record-0051"
      },
      "geometry": {
        "type": "Point",
        "coordinates": [
          113.998381,
          22.595392
        ]
      }
    },
    {
      "type": "Feature",
      "id": "record-0052",
      "properties": {
        "city": "venice",
        "timestamp": "2026-07-17 13:00:31",
        "image": "https://media.githubusercontent.com/media/jiakun323/geodata-visualization/refs/heads/main/extracted_frames/2026-07-17_13-00-31.jpg",
        "audio": "",
        "event_mark": "",
        "heart_rate": 88.0,
        "rr": 674.0,
        "temperature": 37.1,
        "attention": 64.0,
        "relaxation": 47.0,
        "sync_rate": 46.0,
        "mental_effort": -33.0,
        "pitch": -2.0,
        "yaw": -124.0,
        "roll": -3.0,
        "delta": 415452,
        "theta": 26166,
        "low_alpha": 30293,
        "high_alpha": 22229,
        "alpha": 52522,
        "low_beta": 9195,
        "high_beta": 27967,
        "beta": 37162,
        "low_gamma": 19142,
        "mid_gamma": 5600,
        "gamma": 24742,
        "rank": 88.0,
        "value": 88.0,
        "hr": 88.0,
        "unit": "bpm",
        "interpolated_fields": "",
        "image_expected_filename": "2026-07-17_13-00-31.jpg",
        "spectrogram": "https://media.githubusercontent.com/media/jiakun323/geodata-visualization/refs/heads/main/spectrogram/2026-07-17_13-00-31.jpg",
        "familiarity": 16.0,
        "record_id": "record-0052"
      },
      "geometry": {
        "type": "Point",
        "coordinates": [
          113.998334,
          22.595368
        ]
      }
    },
    {
      "type": "Feature",
      "id": "record-0053",
      "properties": {
        "city": "venice",
        "timestamp": "2026-07-17 13:00:36",
        "image": "https://media.githubusercontent.com/media/jiakun323/geodata-visualization/refs/heads/main/extracted_frames/2026-07-17_13-00-36.jpg",
        "audio": "",
        "event_mark": "",
        "heart_rate": 87.0,
        "rr": 698.0,
        "temperature": 37.1,
        "attention": 66.0,
        "relaxation": 84.0,
        "sync_rate": 83.0,
        "mental_effort": -31.0,
        "pitch": 12.0,
        "yaw": -102.0,
        "roll": -18.0,
        "delta": 909330,
        "theta": 72030,
        "low_alpha": 64328,
        "high_alpha": 22149,
        "alpha": 86477,
        "low_beta": 6908,
        "high_beta": 46181,
        "beta": 53089,
        "low_gamma": 29723,
        "mid_gamma": 10668,
        "gamma": 40391,
        "rank": 87.0,
        "value": 87.0,
        "hr": 87.0,
        "unit": "bpm",
        "interpolated_fields": "",
        "image_expected_filename": "2026-07-17_13-00-36.jpg",
        "spectrogram": "https://media.githubusercontent.com/media/jiakun323/geodata-visualization/refs/heads/main/spectrogram/2026-07-17_13-00-36.jpg",
        "familiarity": 10.0,
        "record_id": "record-0053"
      },
      "geometry": {
        "type": "Point",
        "coordinates": [
          113.998288,
          22.595344
        ]
      }
    },
    {
      "type": "Feature",
      "id": "record-0054",
      "properties": {
        "city": "venice",
        "timestamp": "2026-07-17 13:00:41",
        "image": "https://media.githubusercontent.com/media/jiakun323/geodata-visualization/refs/heads/main/extracted_frames/2026-07-17_13-00-41.jpg",
        "audio": "",
        "event_mark": "",
        "heart_rate": 86.0,
        "rr": 682.5,
        "temperature": 37.1,
        "attention": 40.0,
        "relaxation": 60.0,
        "sync_rate": 67.0,
        "mental_effort": -22.0,
        "pitch": 0.0,
        "yaw": -85.0,
        "roll": -8.0,
        "delta": 382986,
        "theta": 63519,
        "low_alpha": 4809,
        "high_alpha": 5482,
        "alpha": 10291,
        "low_beta": 11736,
        "high_beta": 5524,
        "beta": 17260,
        "low_gamma": 7544,
        "mid_gamma": 4986,
        "gamma": 12530,
        "rank": 86.0,
        "value": 86.0,
        "hr": 86.0,
        "unit": "bpm",
        "interpolated_fields": "rr",
        "image_expected_filename": "2026-07-17_13-00-41.jpg",
        "spectrogram": "https://media.githubusercontent.com/media/jiakun323/geodata-visualization/refs/heads/main/spectrogram/2026-07-17_13-00-41.jpg",
        "familiarity": 12.0,
        "record_id": "record-0054"
      },
      "geometry": {
        "type": "Point",
        "coordinates": [
          113.998241,
          22.59532
        ]
      }
    },
    {
      "type": "Feature",
      "id": "record-0055",
      "properties": {
        "city": "venice",
        "timestamp": "2026-07-17 13:00:46",
        "image": "https://media.githubusercontent.com/media/jiakun323/geodata-visualization/refs/heads/main/extracted_frames/2026-07-17_13-00-46.jpg",
        "audio": "",
        "event_mark": "",
        "heart_rate": 86.0,
        "rr": 697.0,
        "temperature": 37.1,
        "attention": 40.0,
        "relaxation": 43.0,
        "sync_rate": 58.0,
        "mental_effort": -3.0,
        "pitch": 1.0,
        "yaw": -66.0,
        "roll": -5.0,
        "delta": 144920,
        "theta": 60477,
        "low_alpha": 13114,
        "high_alpha": 20606,
        "alpha": 33720,
        "low_beta": 4157,
        "high_beta": 8861,
        "beta": 13018,
        "low_gamma": 13116,
        "mid_gamma": 2588,
        "gamma": 15704,
        "rank": 86.0,
        "value": 86.0,
        "hr": 86.0,
        "unit": "bpm",
        "interpolated_fields": "",
        "image_expected_filename": "2026-07-17_13-00-46.jpg",
        "spectrogram": "https://media.githubusercontent.com/media/jiakun323/geodata-visualization/refs/heads/main/spectrogram/2026-07-17_13-00-46.jpg",
        "familiarity": 13.0,
        "record_id": "record-0055"
      },
      "geometry": {
        "type": "Point",
        "coordinates": [
          113.998194,
          22.595296
        ]
      }
    },
    {
      "type": "Feature",
      "id": "record-0056",
      "properties": {
        "city": "venice",
        "timestamp": "2026-07-17 13:00:51",
        "image": "https://media.githubusercontent.com/media/jiakun323/geodata-visualization/refs/heads/main/extracted_frames/2026-07-17_13-00-51.jpg",
        "audio": "",
        "event_mark": "",
        "heart_rate": 86.0,
        "rr": 714.0,
        "temperature": 37.1,
        "attention": 74.0,
        "relaxation": 56.0,
        "sync_rate": 42.0,
        "mental_effort": 8.0,
        "pitch": 12.0,
        "yaw": -36.0,
        "roll": -15.0,
        "delta": 412635,
        "theta": 355415,
        "low_alpha": 54481,
        "high_alpha": 19573,
        "alpha": 74054,
        "low_beta": 15554,
        "high_beta": 38389,
        "beta": 53943,
        "low_gamma": 28773,
        "mid_gamma": 24653,
        "gamma": 53426,
        "rank": 86.0,
        "value": 86.0,
        "hr": 86.0,
        "unit": "bpm",
        "interpolated_fields": "",
        "image_expected_filename": "2026-07-17_13-00-51.jpg",
        "spectrogram": "https://media.githubusercontent.com/media/jiakun323/geodata-visualization/refs/heads/main/spectrogram/2026-07-17_13-00-51.jpg",
        "familiarity": 0.0,
        "record_id": "record-0056"
      },
      "geometry": {
        "type": "Point",
        "coordinates": [
          113.998149,
          22.595271
        ]
      }
    },
    {
      "type": "Feature",
      "id": "record-0057",
      "properties": {
        "city": "venice",
        "timestamp": "2026-07-17 13:00:56",
        "image": "https://media.githubusercontent.com/media/jiakun323/geodata-visualization/refs/heads/main/extracted_frames/2026-07-17_13-00-56.jpg",
        "audio": "",
        "event_mark": "",
        "heart_rate": 85.0,
        "rr": 688.0,
        "temperature": 37.1,
        "attention": 69.0,
        "relaxation": 63.0,
        "sync_rate": 78.0,
        "mental_effort": -12.0,
        "pitch": 4.0,
        "yaw": -23.0,
        "roll": -4.0,
        "delta": 642607,
        "theta": 110074,
        "low_alpha": 32141,
        "high_alpha": 44826,
        "alpha": 76967,
        "low_beta": 13611,
        "high_beta": 10629,
        "beta": 24240,
        "low_gamma": 18933,
        "mid_gamma": 9540,
        "gamma": 28473,
        "rank": 85.0,
        "value": 85.0,
        "hr": 85.0,
        "unit": "bpm",
        "interpolated_fields": "",
        "image_expected_filename": "2026-07-17_13-00-56.jpg",
        "spectrogram": "https://media.githubusercontent.com/media/jiakun323/geodata-visualization/refs/heads/main/spectrogram/2026-07-17_13-00-56.jpg",
        "familiarity": -4.0,
        "record_id": "record-0057"
      },
      "geometry": {
        "type": "Point",
        "coordinates": [
          113.998107,
          22.595242
        ]
      }
    },
    {
      "type": "Feature",
      "id": "record-0058",
      "properties": {
        "city": "venice",
        "timestamp": "2026-07-17 13:01:01",
        "image": "https://media.githubusercontent.com/media/jiakun323/geodata-visualization/refs/heads/main/extracted_frames/2026-07-17_13-01-01.jpg",
        "audio": "",
        "event_mark": "",
        "heart_rate": 85.0,
        "rr": 683.0,
        "temperature": 37.1,
        "attention": 57.0,
        "relaxation": 34.0,
        "sync_rate": 51.0,
        "mental_effort": -35.0,
        "pitch": 9.0,
        "yaw": -12.0,
        "roll": -7.0,
        "delta": 57744,
        "theta": 35821,
        "low_alpha": 3967,
        "high_alpha": 2094,
        "alpha": 6061,
        "low_beta": 4394,
        "high_beta": 7500,
        "beta": 11894,
        "low_gamma": 13087,
        "mid_gamma": 10907,
        "gamma": 23994,
        "rank": 85.0,
        "value": 85.0,
        "hr": 85.0,
        "unit": "bpm",
        "interpolated_fields": "",
        "image_expected_filename": "2026-07-17_13-01-01.jpg",
        "spectrogram": "https://media.githubusercontent.com/media/jiakun323/geodata-visualization/refs/heads/main/spectrogram/2026-07-17_13-01-01.jpg",
        "familiarity": -18.0,
        "record_id": "record-0058"
      },
      "geometry": {
        "type": "Point",
        "coordinates": [
          113.998065,
          22.595212
        ]
      }
    },
    {
      "type": "Feature",
      "id": "record-0059",
      "properties": {
        "city": "venice",
        "timestamp": "2026-07-17 13:01:06",
        "image": "https://media.githubusercontent.com/media/jiakun323/geodata-visualization/refs/heads/main/extracted_frames/2026-07-17_13-01-06.jpg",
        "audio": "",
        "event_mark": "",
        "heart_rate": 85.0,
        "rr": 699.5,
        "temperature": 37.1,
        "attention": 44.0,
        "relaxation": 83.0,
        "sync_rate": 24.0,
        "mental_effort": -25.0,
        "pitch": 18.0,
        "yaw": 21.0,
        "roll": -13.0,
        "delta": 1241401,
        "theta": 151545,
        "low_alpha": 59724,
        "high_alpha": 49100,
        "alpha": 108824,
        "low_beta": 11612,
        "high_beta": 23997,
        "beta": 35609,
        "low_gamma": 29820,
        "mid_gamma": 6477,
        "gamma": 36297,
        "rank": 85.0,
        "value": 85.0,
        "hr": 85.0,
        "unit": "bpm",
        "interpolated_fields": "rr",
        "image_expected_filename": "2026-07-17_13-01-06.jpg",
        "spectrogram": "https://media.githubusercontent.com/media/jiakun323/geodata-visualization/refs/heads/main/spectrogram/2026-07-17_13-01-06.jpg",
        "familiarity": -9.0,
        "record_id": "record-0059"
      },
      "geometry": {
        "type": "Point",
        "coordinates": [
          113.998023,
          22.595183
        ]
      }
    },
    {
      "type": "Feature",
      "id": "record-0060",
      "properties": {
        "city": "venice",
        "timestamp": "2026-07-17 13:01:11",
        "image": "https://media.githubusercontent.com/media/jiakun323/geodata-visualization/refs/heads/main/extracted_frames/2026-07-17_13-01-11.jpg",
        "audio": "",
        "event_mark": "",
        "heart_rate": 85.0,
        "rr": 657.778,
        "temperature": 37.1,
        "attention": 63.0,
        "relaxation": 53.0,
        "sync_rate": 29.0,
        "mental_effort": -11.0,
        "pitch": -14.0,
        "yaw": 2.0,
        "roll": 6.0,
        "delta": 722111,
        "theta": 14736,
        "low_alpha": 21355,
        "high_alpha": 23303,
        "alpha": 44658,
        "low_beta": 32675,
        "high_beta": 5438,
        "beta": 38113,
        "low_gamma": 10271,
        "mid_gamma": 8241,
        "gamma": 18512,
        "rank": 85.0,
        "value": 85.0,
        "hr": 85.0,
        "unit": "bpm",
        "interpolated_fields": "rr",
        "image_expected_filename": "2026-07-17_13-01-11.jpg",
        "spectrogram": "https://media.githubusercontent.com/media/jiakun323/geodata-visualization/refs/heads/main/spectrogram/2026-07-17_13-01-11.jpg",
        "familiarity": 14.0,
        "record_id": "record-0060"
      },
      "geometry": {
        "type": "Point",
        "coordinates": [
          113.997981,
          22.595153
        ]
      }
    },
    {
      "type": "Feature",
      "id": "record-0061",
      "properties": {
        "city": "venice",
        "timestamp": "2026-07-17 13:01:16",
        "image": "https://media.githubusercontent.com/media/jiakun323/geodata-visualization/refs/heads/main/extracted_frames/2026-07-17_13-01-16.jpg",
        "audio": "",
        "event_mark": "",
        "heart_rate": 86.0,
        "rr": 685.667,
        "temperature": 37.1,
        "attention": 60.0,
        "relaxation": 84.0,
        "sync_rate": 45.0,
        "mental_effort": -39.0,
        "pitch": 1.0,
        "yaw": 44.0,
        "roll": -11.0,
        "delta": 27909,
        "theta": 45074,
        "low_alpha": 16469,
        "high_alpha": 33037,
        "alpha": 49506,
        "low_beta": 9031,
        "high_beta": 11515,
        "beta": 20546,
        "low_gamma": 5719,
        "mid_gamma": 1496,
        "gamma": 7215,
        "rank": 86.0,
        "value": 86.0,
        "hr": 86.0,
        "unit": "bpm",
        "interpolated_fields": "",
        "image_expected_filename": "2026-07-17_13-01-16.jpg",
        "spectrogram": "https://media.githubusercontent.com/media/jiakun323/geodata-visualization/refs/heads/main/spectrogram/2026-07-17_13-01-16.jpg",
        "familiarity": 7.0,
        "record_id": "record-0061"
      },
      "geometry": {
        "type": "Point",
        "coordinates": [
          113.997939,
          22.595124
        ]
      }
    },
    {
      "type": "Feature",
      "id": "record-0062",
      "properties": {
        "city": "venice",
        "timestamp": "2026-07-17 13:01:21",
        "image": "https://media.githubusercontent.com/media/jiakun323/geodata-visualization/refs/heads/main/extracted_frames/2026-07-17_13-01-21.jpg",
        "audio": "",
        "event_mark": "",
        "heart_rate": 88.0,
        "rr": 666.5,
        "temperature": 37.1,
        "attention": 21.0,
        "relaxation": 60.0,
        "sync_rate": 72.0,
        "mental_effort": -37.0,
        "pitch": -2.0,
        "yaw": 67.0,
        "roll": -9.0,
        "delta": 431991,
        "theta": 214722,
        "low_alpha": 22839,
        "high_alpha": 14074,
        "alpha": 36913,
        "low_beta": 10288,
        "high_beta": 8218,
        "beta": 18506,
        "low_gamma": 14641,
        "mid_gamma": 8857,
        "gamma": 23498,
        "rank": 88.0,
        "value": 88.0,
        "hr": 88.0,
        "unit": "bpm",
        "interpolated_fields": "",
        "image_expected_filename": "2026-07-17_13-01-21.jpg",
        "spectrogram": "https://media.githubusercontent.com/media/jiakun323/geodata-visualization/refs/heads/main/spectrogram/2026-07-17_13-01-21.jpg",
        "familiarity": 8.0,
        "record_id": "record-0062"
      },
      "geometry": {
        "type": "Point",
        "coordinates": [
          113.997894,
          22.595097
        ]
      }
    },
    {
      "type": "Feature",
      "id": "record-0063",
      "properties": {
        "city": "venice",
        "timestamp": "2026-07-17 13:01:26",
        "image": "https://media.githubusercontent.com/media/jiakun323/geodata-visualization/refs/heads/main/extracted_frames/2026-07-17_13-01-26.jpg",
        "audio": "",
        "event_mark": "",
        "heart_rate": 88.0,
        "rr": 701.0,
        "temperature": 37.1,
        "attention": 51.0,
        "relaxation": 74.0,
        "sync_rate": 60.0,
        "mental_effort": -20.0,
        "pitch": 1.0,
        "yaw": 93.0,
        "roll": -4.0,
        "delta": 1172246,
        "theta": 728048,
        "low_alpha": 551028,
        "high_alpha": 118700,
        "alpha": 669728,
        "low_beta": 48874,
        "high_beta": 164942,
        "beta": 213816,
        "low_gamma": 92824,
        "mid_gamma": 62132,
        "gamma": 154956,
        "rank": 88.0,
        "value": 88.0,
        "hr": 88.0,
        "unit": "bpm",
        "interpolated_fields": "",
        "image_expected_filename": "2026-07-17_13-01-26.jpg",
        "spectrogram": "https://media.githubusercontent.com/media/jiakun323/geodata-visualization/refs/heads/main/spectrogram/2026-07-17_13-01-26.jpg",
        "familiarity": 2.0,
        "record_id": "record-0063"
      },
      "geometry": {
        "type": "Point",
        "coordinates": [
          113.997842,
          22.595084
        ]
      }
    },
    {
      "type": "Feature",
      "id": "record-0064",
      "properties": {
        "city": "venice",
        "timestamp": "2026-07-17 13:01:31",
        "image": "https://media.githubusercontent.com/media/jiakun323/geodata-visualization/refs/heads/main/extracted_frames/2026-07-17_13-01-31.jpg",
        "audio": "",
        "event_mark": "",
        "heart_rate": 88.0,
        "rr": 682.333,
        "temperature": 37.1,
        "attention": 48.0,
        "relaxation": 66.0,
        "sync_rate": 63.0,
        "mental_effort": 19.0,
        "pitch": 13.0,
        "yaw": 118.0,
        "roll": -15.0,
        "delta": 357530,
        "theta": 68608,
        "low_alpha": 70966,
        "high_alpha": 28357,
        "alpha": 99323,
        "low_beta": 44303,
        "high_beta": 34596,
        "beta": 78899,
        "low_gamma": 26816,
        "mid_gamma": 16808,
        "gamma": 43624,
        "rank": 88.0,
        "value": 88.0,
        "hr": 88.0,
        "unit": "bpm",
        "interpolated_fields": "rr",
        "image_expected_filename": "2026-07-17_13-01-31.jpg",
        "spectrogram": "https://media.githubusercontent.com/media/jiakun323/geodata-visualization/refs/heads/main/spectrogram/2026-07-17_13-01-31.jpg",
        "familiarity": -6.0,
        "record_id": "record-0064"
      },
      "geometry": {
        "type": "Point",
        "coordinates": [
          113.997789,
          22.595071
        ]
      }
    },
    {
      "type": "Feature",
      "id": "record-0065",
      "properties": {
        "city": "venice",
        "timestamp": "2026-07-17 13:01:36",
        "image": "https://media.githubusercontent.com/media/jiakun323/geodata-visualization/refs/heads/main/extracted_frames/2026-07-17_13-01-36.jpg",
        "audio": "",
        "event_mark": "",
        "heart_rate": 87.0,
        "rr": 666.333,
        "temperature": 37.1,
        "attention": 47.0,
        "relaxation": 51.0,
        "sync_rate": 31.0,
        "mental_effort": -29.0,
        "pitch": 21.0,
        "yaw": 143.0,
        "roll": -10.0,
        "delta": 2633133,
        "theta": 361577,
        "low_alpha": 149488,
        "high_alpha": 243390,
        "alpha": 392878,
        "low_beta": 84265,
        "high_beta": 81329,
        "beta": 165594,
        "low_gamma": 100308,
        "mid_gamma": 24093,
        "gamma": 124401,
        "rank": 87.0,
        "value": 87.0,
        "hr": 87.0,
        "unit": "bpm",
        "interpolated_fields": "",
        "image_expected_filename": "2026-07-17_13-01-36.jpg",
        "spectrogram": "https://media.githubusercontent.com/media/jiakun323/geodata-visualization/refs/heads/main/spectrogram/2026-07-17_13-01-36.jpg",
        "familiarity": -10.0,
        "record_id": "record-0065"
      },
      "geometry": {
        "type": "Point",
        "coordinates": [
          113.997736,
          22.595058
        ]
      }
    },
    {
      "type": "Feature",
      "id": "record-0066",
      "properties": {
        "city": "venice",
        "timestamp": "2026-07-17 13:01:41",
        "image": "https://media.githubusercontent.com/media/jiakun323/geodata-visualization/refs/heads/main/extracted_frames/2026-07-17_13-01-41.jpg",
        "audio": "",
        "event_mark": "",
        "heart_rate": 87.0,
        "rr": 679.0,
        "temperature": 37.1,
        "attention": 56.0,
        "relaxation": 96.0,
        "sync_rate": 76.0,
        "mental_effort": -21.0,
        "pitch": 25.0,
        "yaw": 164.0,
        "roll": -10.0,
        "delta": 42511,
        "theta": 4458,
        "low_alpha": 34179,
        "high_alpha": 27701,
        "alpha": 61880,
        "low_beta": 9224,
        "high_beta": 10545,
        "beta": 19769,
        "low_gamma": 9910,
        "mid_gamma": 3738,
        "gamma": 13648,
        "rank": 87.0,
        "value": 87.0,
        "hr": 87.0,
        "unit": "bpm",
        "interpolated_fields": "",
        "image_expected_filename": "2026-07-17_13-01-41.jpg",
        "spectrogram": "https://media.githubusercontent.com/media/jiakun323/geodata-visualization/refs/heads/main/spectrogram/2026-07-17_13-01-41.jpg",
        "familiarity": 20.0,
        "record_id": "record-0066"
      },
      "geometry": {
        "type": "Point",
        "coordinates": [
          113.99769,
          22.595045
        ]
      }
    },
    {
      "type": "Feature",
      "id": "record-0067",
      "properties": {
        "city": "venice",
        "timestamp": "2026-07-17 13:01:46",
        "image": "https://media.githubusercontent.com/media/jiakun323/geodata-visualization/refs/heads/main/extracted_frames/2026-07-17_13-01-46.jpg",
        "audio": "",
        "event_mark": "",
        "heart_rate": 87.0,
        "rr": 661.0,
        "temperature": 37.2,
        "attention": 60.0,
        "relaxation": 54.0,
        "sync_rate": 50.0,
        "mental_effort": -18.0,
        "pitch": 24.0,
        "yaw": 148.0,
        "roll": -15.0,
        "delta": 75065,
        "theta": 35413,
        "low_alpha": 16336,
        "high_alpha": 1689,
        "alpha": 18025,
        "low_beta": 20414,
        "high_beta": 21612,
        "beta": 42026,
        "low_gamma": 13683,
        "mid_gamma": 9939,
        "gamma": 23622,
        "rank": 87.0,
        "value": 87.0,
        "hr": 87.0,
        "unit": "bpm",
        "interpolated_fields": "",
        "image_expected_filename": "2026-07-17_13-01-46.jpg",
        "spectrogram": "https://media.githubusercontent.com/media/jiakun323/geodata-visualization/refs/heads/main/spectrogram/2026-07-17_13-01-46.jpg",
        "familiarity": 10.0,
        "record_id": "record-0067"
      },
      "geometry": {
        "type": "Point",
        "coordinates": [
          113.997654,
          22.595034
        ]
      }
    },
    {
      "type": "Feature",
      "id": "record-0068",
      "properties": {
        "city": "venice",
        "timestamp": "2026-07-17 13:01:51",
        "image": "https://media.githubusercontent.com/media/jiakun323/geodata-visualization/refs/heads/main/extracted_frames/2026-07-17_13-01-51.jpg",
        "audio": "",
        "event_mark": "",
        "heart_rate": 87.0,
        "rr": 704.0,
        "temperature": 37.2,
        "attention": 56.0,
        "relaxation": 20.0,
        "sync_rate": 24.0,
        "mental_effort": -15.0,
        "pitch": 23.0,
        "yaw": -134.0,
        "roll": -10.0,
        "delta": 107623,
        "theta": 11656,
        "low_alpha": 854,
        "high_alpha": 607,
        "alpha": 1461,
        "low_beta": 1280,
        "high_beta": 3616,
        "beta": 4896,
        "low_gamma": 5264,
        "mid_gamma": 679,
        "gamma": 5943,
        "rank": 87.0,
        "value": 87.0,
        "hr": 87.0,
        "unit": "bpm",
        "interpolated_fields": "",
        "image_expected_filename": "2026-07-17_13-01-51.jpg",
        "spectrogram": "https://media.githubusercontent.com/media/jiakun323/geodata-visualization/refs/heads/main/spectrogram/2026-07-17_13-01-51.jpg",
        "familiarity": 2.0,
        "record_id": "record-0068"
      },
      "geometry": {
        "type": "Point",
        "coordinates": [
          113.997618,
          22.595022
        ]
      }
    },
    {
      "type": "Feature",
      "id": "record-0069",
      "properties": {
        "city": "venice",
        "timestamp": "2026-07-17 13:01:56",
        "image": "https://media.githubusercontent.com/media/jiakun323/geodata-visualization/refs/heads/main/extracted_frames/2026-07-17_13-01-56.jpg",
        "audio": "",
        "event_mark": "",
        "heart_rate": 87.0,
        "rr": 661.611,
        "temperature": 37.1,
        "attention": 77.0,
        "relaxation": 64.0,
        "sync_rate": 65.0,
        "mental_effort": 16.0,
        "pitch": -2.0,
        "yaw": -163.0,
        "roll": -9.0,
        "delta": 457628,
        "theta": 87208,
        "low_alpha": 45057,
        "high_alpha": 14070,
        "alpha": 59127,
        "low_beta": 21307,
        "high_beta": 38005,
        "beta": 59312,
        "low_gamma": 16551,
        "mid_gamma": 5374,
        "gamma": 21925,
        "rank": 87.0,
        "value": 87.0,
        "hr": 87.0,
        "unit": "bpm",
        "interpolated_fields": "rr",
        "image_expected_filename": "2026-07-17_13-01-56.jpg",
        "spectrogram": "https://media.githubusercontent.com/media/jiakun323/geodata-visualization/refs/heads/main/spectrogram/2026-07-17_13-01-56.jpg",
        "familiarity": 0.0,
        "record_id": "record-0069"
      },
      "geometry": {
        "type": "Point",
        "coordinates": [
          113.997582,
          22.595011
        ]
      }
    },
    {
      "type": "Feature",
      "id": "record-0070",
      "properties": {
        "city": "venice",
        "timestamp": "2026-07-17 13:02:01",
        "image": "https://media.githubusercontent.com/media/jiakun323/geodata-visualization/refs/heads/main/extracted_frames/2026-07-17_13-02-01.jpg",
        "audio": "",
        "event_mark": "",
        "heart_rate": 86.0,
        "rr": 717.5,
        "temperature": 37.2,
        "attention": 77.0,
        "relaxation": 48.0,
        "sync_rate": 70.0,
        "mental_effort": -26.0,
        "pitch": 9.0,
        "yaw": -142.0,
        "roll": -4.0,
        "delta": 284629,
        "theta": 77561,
        "low_alpha": 7823,
        "high_alpha": 22719,
        "alpha": 30542,
        "low_beta": 18468,
        "high_beta": 14537,
        "beta": 33005,
        "low_gamma": 22994,
        "mid_gamma": 8769,
        "gamma": 31763,
        "rank": 86.0,
        "value": 86.0,
        "hr": 86.0,
        "unit": "bpm",
        "interpolated_fields": "",
        "image_expected_filename": "2026-07-17_13-02-01.jpg",
        "spectrogram": "https://media.githubusercontent.com/media/jiakun323/geodata-visualization/refs/heads/main/spectrogram/2026-07-17_13-02-01.jpg",
        "familiarity": 1.0,
        "record_id": "record-0070"
      },
      "geometry": {
        "type": "Point",
        "coordinates": [
          113.997546,
          22.594999
        ]
      }
    },
    {
      "type": "Feature",
      "id": "record-0071",
      "properties": {
        "city": "venice",
        "timestamp": "2026-07-17 13:02:06",
        "image": "https://media.githubusercontent.com/media/jiakun323/geodata-visualization/refs/heads/main/extracted_frames/2026-07-17_13-02-06.jpg",
        "audio": "",
        "event_mark": "",
        "heart_rate": 87.0,
        "rr": 666.0,
        "temperature": 37.2,
        "attention": 24.0,
        "relaxation": 57.0,
        "sync_rate": 31.0,
        "mental_effort": -12.0,
        "pitch": -13.0,
        "yaw": -78.0,
        "roll": -9.0,
        "delta": 571378,
        "theta": 55863,
        "low_alpha": 11363,
        "high_alpha": 40143,
        "alpha": 51506,
        "low_beta": 4943,
        "high_beta": 11041,
        "beta": 15984,
        "low_gamma": 5467,
        "mid_gamma": 2217,
        "gamma": 7684,
        "rank": 87.0,
        "value": 87.0,
        "hr": 87.0,
        "unit": "bpm",
        "interpolated_fields": "",
        "image_expected_filename": "2026-07-17_13-02-06.jpg",
        "spectrogram": "https://media.githubusercontent.com/media/jiakun323/geodata-visualization/refs/heads/main/spectrogram/2026-07-17_13-02-06.jpg",
        "familiarity": 6.0,
        "record_id": "record-0071"
      },
      "geometry": {
        "type": "Point",
        "coordinates": [
          113.99751,
          22.594987
        ]
      }
    },
    {
      "type": "Feature",
      "id": "record-0072",
      "properties": {
        "city": "venice",
        "timestamp": "2026-07-17 13:02:11",
        "image": "https://media.githubusercontent.com/media/jiakun323/geodata-visualization/refs/heads/main/extracted_frames/2026-07-17_13-02-11.jpg",
        "audio": "",
        "event_mark": "",
        "heart_rate": 87.0,
        "rr": 663.0,
        "temperature": 37.1,
        "attention": 60.0,
        "relaxation": 50.0,
        "sync_rate": 48.0,
        "mental_effort": -24.0,
        "pitch": 23.0,
        "yaw": -58.0,
        "roll": -11.0,
        "delta": 9933,
        "theta": 13235,
        "low_alpha": 6739,
        "high_alpha": 12909,
        "alpha": 19648,
        "low_beta": 9602,
        "high_beta": 16855,
        "beta": 26457,
        "low_gamma": 7895,
        "mid_gamma": 9688,
        "gamma": 17583,
        "rank": 87.0,
        "value": 87.0,
        "hr": 87.0,
        "unit": "bpm",
        "interpolated_fields": "",
        "image_expected_filename": "2026-07-17_13-02-11.jpg",
        "spectrogram": "https://media.githubusercontent.com/media/jiakun323/geodata-visualization/refs/heads/main/spectrogram/2026-07-17_13-02-11.jpg",
        "familiarity": 7.0,
        "record_id": "record-0072"
      },
      "geometry": {
        "type": "Point",
        "coordinates": [
          113.997468,
          22.594945
        ]
      }
    },
    {
      "type": "Feature",
      "id": "record-0073",
      "properties": {
        "city": "venice",
        "timestamp": "2026-07-17 13:02:16",
        "image": "https://media.githubusercontent.com/media/jiakun323/geodata-visualization/refs/heads/main/extracted_frames/2026-07-17_13-02-16.jpg",
        "audio": "",
        "event_mark": "",
        "heart_rate": 87.0,
        "rr": 710.0,
        "temperature": 37.2,
        "attention": 47.0,
        "relaxation": 41.0,
        "sync_rate": 49.0,
        "mental_effort": -21.0,
        "pitch": 4.0,
        "yaw": -93.0,
        "roll": 1.0,
        "delta": 262741,
        "theta": 152404,
        "low_alpha": 1848,
        "high_alpha": 26181,
        "alpha": 28029,
        "low_beta": 12324,
        "high_beta": 21508,
        "beta": 33832,
        "low_gamma": 8106,
        "mid_gamma": 21895,
        "gamma": 30001,
        "rank": 87.0,
        "value": 87.0,
        "hr": 87.0,
        "unit": "bpm",
        "interpolated_fields": "rr",
        "image_expected_filename": "2026-07-17_13-02-16.jpg",
        "spectrogram": "https://media.githubusercontent.com/media/jiakun323/geodata-visualization/refs/heads/main/spectrogram/2026-07-17_13-02-16.jpg",
        "familiarity": -2.0,
        "record_id": "record-0073"
      },
      "geometry": {
        "type": "Point",
        "coordinates": [
          113.997425,
          22.594894
        ]
      }
    },
    {
      "type": "Feature",
      "id": "record-0074",
      "properties": {
        "city": "venice",
        "timestamp": "2026-07-17 13:02:21",
        "image": "https://media.githubusercontent.com/media/jiakun323/geodata-visualization/refs/heads/main/extracted_frames/2026-07-17_13-02-21.jpg",
        "audio": "",
        "event_mark": "",
        "heart_rate": 87.0,
        "rr": 677.0,
        "temperature": 37.1,
        "attention": 48.0,
        "relaxation": 34.0,
        "sync_rate": 67.0,
        "mental_effort": -30.0,
        "pitch": -4.0,
        "yaw": -72.0,
        "roll": -6.0,
        "delta": 1675354,
        "theta": 453286,
        "low_alpha": 54219,
        "high_alpha": 25930,
        "alpha": 80149,
        "low_beta": 146811,
        "high_beta": 57940,
        "beta": 204751,
        "low_gamma": 118059,
        "mid_gamma": 66075,
        "gamma": 184134,
        "rank": 87.0,
        "value": 87.0,
        "hr": 87.0,
        "unit": "bpm",
        "interpolated_fields": "",
        "image_expected_filename": "2026-07-17_13-02-21.jpg",
        "spectrogram": "https://media.githubusercontent.com/media/jiakun323/geodata-visualization/refs/heads/main/spectrogram/2026-07-17_13-02-21.jpg",
        "familiarity": 2.0,
        "record_id": "record-0074"
      },
      "geometry": {
        "type": "Point",
        "coordinates": [
          113.997382,
          22.594844
        ]
      }
    },
    {
      "type": "Feature",
      "id": "record-0075",
      "properties": {
        "city": "venice",
        "timestamp": "2026-07-17 13:02:26",
        "image": "https://media.githubusercontent.com/media/jiakun323/geodata-visualization/refs/heads/main/extracted_frames/2026-07-17_13-02-26.jpg",
        "audio": "",
        "event_mark": "",
        "heart_rate": 86.0,
        "rr": 714.0,
        "temperature": 37.1,
        "attention": 44.0,
        "relaxation": 53.0,
        "sync_rate": 70.0,
        "mental_effort": -19.0,
        "pitch": -10.0,
        "yaw": -20.0,
        "roll": -4.0,
        "delta": 898877,
        "theta": 75253,
        "low_alpha": 37157,
        "high_alpha": 19053,
        "alpha": 56210,
        "low_beta": 18900,
        "high_beta": 14390,
        "beta": 33290,
        "low_gamma": 9284,
        "mid_gamma": 5261,
        "gamma": 14545,
        "rank": 86.0,
        "value": 86.0,
        "hr": 86.0,
        "unit": "bpm",
        "interpolated_fields": "",
        "image_expected_filename": "2026-07-17_13-02-26.jpg",
        "spectrogram": "https://media.githubusercontent.com/media/jiakun323/geodata-visualization/refs/heads/main/spectrogram/2026-07-17_13-02-26.jpg",
        "familiarity": 9.0,
        "record_id": "record-0075"
      },
      "geometry": {
        "type": "Point",
        "coordinates": [
          113.997337,
          22.594808
        ]
      }
    },
    {
      "type": "Feature",
      "id": "record-0076",
      "properties": {
        "city": "venice",
        "timestamp": "2026-07-17 13:02:31",
        "image": "https://media.githubusercontent.com/media/jiakun323/geodata-visualization/refs/heads/main/extracted_frames/2026-07-17_13-02-31.jpg",
        "audio": "",
        "event_mark": "",
        "heart_rate": 85.0,
        "rr": 674.0,
        "temperature": 37.2,
        "attention": 60.0,
        "relaxation": 57.0,
        "sync_rate": 85.0,
        "mental_effort": 1.0,
        "pitch": -9.0,
        "yaw": 0.0,
        "roll": 5.0,
        "delta": 34178,
        "theta": 10889,
        "low_alpha": 6052,
        "high_alpha": 4596,
        "alpha": 10648,
        "low_beta": 2998,
        "high_beta": 6344,
        "beta": 9342,
        "low_gamma": 1621,
        "mid_gamma": 2376,
        "gamma": 3997,
        "rank": 85.0,
        "value": 85.0,
        "hr": 85.0,
        "unit": "bpm",
        "interpolated_fields": "",
        "image_expected_filename": "2026-07-17_13-02-31.jpg",
        "spectrogram": "https://media.githubusercontent.com/media/jiakun323/geodata-visualization/refs/heads/main/spectrogram/2026-07-17_13-02-31.jpg",
        "familiarity": 15.0,
        "record_id": "record-0076"
      },
      "geometry": {
        "type": "Point",
        "coordinates": [
          113.997291,
          22.594776
        ]
      }
    },
    {
      "type": "Feature",
      "id": "record-0077",
      "properties": {
        "city": "venice",
        "timestamp": "2026-07-17 13:02:36",
        "image": "https://media.githubusercontent.com/media/jiakun323/geodata-visualization/refs/heads/main/extracted_frames/2026-07-17_13-02-36.jpg",
        "audio": "",
        "event_mark": "后方要电瓶车要超车，避让回头看。",
        "heart_rate": 85.0,
        "rr": 691.5,
        "temperature": 37.2,
        "attention": 24.0,
        "relaxation": 53.0,
        "sync_rate": 51.0,
        "mental_effort": -9.0,
        "pitch": 23.0,
        "yaw": 3.0,
        "roll": -1.0,
        "delta": 907880,
        "theta": 105171,
        "low_alpha": 20130,
        "high_alpha": 30445,
        "alpha": 50575,
        "low_beta": 13072,
        "high_beta": 13557,
        "beta": 26629,
        "low_gamma": 18527,
        "mid_gamma": 12920,
        "gamma": 31447,
        "rank": 85.0,
        "value": 85.0,
        "hr": 85.0,
        "unit": "bpm",
        "interpolated_fields": "",
        "image_expected_filename": "2026-07-17_13-02-36.jpg",
        "spectrogram": "https://media.githubusercontent.com/media/jiakun323/geodata-visualization/refs/heads/main/spectrogram/2026-07-17_13-02-36.jpg",
        "familiarity": 15.0,
        "record_id": "record-0077"
      },
      "geometry": {
        "type": "Point",
        "coordinates": [
          113.997233,
          22.594779
        ]
      }
    },
    {
      "type": "Feature",
      "id": "record-0078",
      "properties": {
        "city": "venice",
        "timestamp": "2026-07-17 13:02:41",
        "image": "https://media.githubusercontent.com/media/jiakun323/geodata-visualization/refs/heads/main/extracted_frames/2026-07-17_13-02-41.jpg",
        "audio": "",
        "event_mark": "",
        "heart_rate": 85.0,
        "rr": 703.333,
        "temperature": 37.1,
        "attention": 51.0,
        "relaxation": 43.0,
        "sync_rate": 43.0,
        "mental_effort": -20.0,
        "pitch": 21.0,
        "yaw": 17.0,
        "roll": -15.0,
        "delta": 1154594,
        "theta": 109131,
        "low_alpha": 31165,
        "high_alpha": 33621,
        "alpha": 64786,
        "low_beta": 26321,
        "high_beta": 9616,
        "beta": 35937,
        "low_gamma": 15950,
        "mid_gamma": 11402,
        "gamma": 27352,
        "rank": 85.0,
        "value": 85.0,
        "hr": 85.0,
        "unit": "bpm",
        "interpolated_fields": "",
        "image_expected_filename": "2026-07-17_13-02-41.jpg",
        "spectrogram": "https://media.githubusercontent.com/media/jiakun323/geodata-visualization/refs/heads/main/spectrogram/2026-07-17_13-02-41.jpg",
        "familiarity": -7.0,
        "record_id": "record-0078"
      },
      "geometry": {
        "type": "Point",
        "coordinates": [
          113.997175,
          22.594781
        ]
      }
    },
    {
      "type": "Feature",
      "id": "record-0079",
      "properties": {
        "city": "venice",
        "timestamp": "2026-07-17 13:02:46",
        "image": "https://media.githubusercontent.com/media/jiakun323/geodata-visualization/refs/heads/main/extracted_frames/2026-07-17_13-02-46.jpg",
        "audio": "",
        "event_mark": "",
        "heart_rate": 85.0,
        "rr": 660.75,
        "temperature": 37.2,
        "attention": 48.0,
        "relaxation": 21.0,
        "sync_rate": 38.0,
        "mental_effort": -23.0,
        "pitch": 28.0,
        "yaw": 62.0,
        "roll": -8.0,
        "delta": 623408,
        "theta": 49363,
        "low_alpha": 4061,
        "high_alpha": 4353,
        "alpha": 8414,
        "low_beta": 5063,
        "high_beta": 6279,
        "beta": 11342,
        "low_gamma": 13874,
        "mid_gamma": 2675,
        "gamma": 16549,
        "rank": 85.0,
        "value": 85.0,
        "hr": 85.0,
        "unit": "bpm",
        "interpolated_fields": "rr",
        "image_expected_filename": "2026-07-17_13-02-46.jpg",
        "spectrogram": "https://media.githubusercontent.com/media/jiakun323/geodata-visualization/refs/heads/main/spectrogram/2026-07-17_13-02-46.jpg",
        "familiarity": 5.0,
        "record_id": "record-0079"
      },
      "geometry": {
        "type": "Point",
        "coordinates": [
          113.997117,
          22.594783
        ]
      }
    },
    {
      "type": "Feature",
      "id": "record-0080",
      "properties": {
        "city": "venice",
        "timestamp": "2026-07-17 13:02:51",
        "image": "https://media.githubusercontent.com/media/jiakun323/geodata-visualization/refs/heads/main/extracted_frames/2026-07-17_13-02-51.jpg",
        "audio": "",
        "event_mark": "",
        "heart_rate": 85.0,
        "rr": 697.5,
        "temperature": 37.2,
        "attention": 48.0,
        "relaxation": 21.0,
        "sync_rate": 77.0,
        "mental_effort": -16.0,
        "pitch": -11.0,
        "yaw": 57.0,
        "roll": -15.0,
        "delta": 1371648,
        "theta": 824029,
        "low_alpha": 25494,
        "high_alpha": 57521,
        "alpha": 83015,
        "low_beta": 39036,
        "high_beta": 61292,
        "beta": 100328,
        "low_gamma": 28500,
        "mid_gamma": 52375,
        "gamma": 80875,
        "rank": 85.0,
        "value": 85.0,
        "hr": 85.0,
        "unit": "bpm",
        "interpolated_fields": "rr",
        "image_expected_filename": "2026-07-17_13-02-51.jpg",
        "spectrogram": "https://media.githubusercontent.com/media/jiakun323/geodata-visualization/refs/heads/main/spectrogram/2026-07-17_13-02-51.jpg",
        "familiarity": 9.0,
        "record_id": "record-0080"
      },
      "geometry": {
        "type": "Point",
        "coordinates": [
          113.997059,
          22.594786
        ]
      }
    },
    {
      "type": "Feature",
      "id": "record-0081",
      "properties": {
        "city": "venice",
        "timestamp": "2026-07-17 13:02:56",
        "image": "https://media.githubusercontent.com/media/jiakun323/geodata-visualization/refs/heads/main/extracted_frames/2026-07-17_13-02-56.jpg",
        "audio": "",
        "event_mark": "",
        "heart_rate": 87.0,
        "rr": 667.5,
        "temperature": 37.2,
        "attention": 67.0,
        "relaxation": 29.0,
        "sync_rate": 76.0,
        "mental_effort": -16.0,
        "pitch": 6.0,
        "yaw": 80.0,
        "roll": -3.0,
        "delta": 1430518,
        "theta": 40785,
        "low_alpha": 2911,
        "high_alpha": 15616,
        "alpha": 18527,
        "low_beta": 9184,
        "high_beta": 20556,
        "beta": 29740,
        "low_gamma": 7991,
        "mid_gamma": 3632,
        "gamma": 11623,
        "rank": 87.0,
        "value": 87.0,
        "hr": 87.0,
        "unit": "bpm",
        "interpolated_fields": "rr",
        "image_expected_filename": "2026-07-17_13-02-56.jpg",
        "spectrogram": "https://media.githubusercontent.com/media/jiakun323/geodata-visualization/refs/heads/main/spectrogram/2026-07-17_13-02-56.jpg",
        "familiarity": 3.0,
        "record_id": "record-0081"
      },
      "geometry": {
        "type": "Point",
        "coordinates": [
          113.997001,
          22.594788
        ]
      }
    },
    {
      "type": "Feature",
      "id": "record-0082",
      "properties": {
        "city": "venice",
        "timestamp": "2026-07-17 13:03:01",
        "image": "https://media.githubusercontent.com/media/jiakun323/geodata-visualization/refs/heads/main/extracted_frames/2026-07-17_13-03-01.jpg",
        "audio": "",
        "event_mark": "过马路，在那个健身房那。",
        "heart_rate": 86.0,
        "rr": 722.0,
        "temperature": 37.2,
        "attention": 27.0,
        "relaxation": 47.0,
        "sync_rate": 61.0,
        "mental_effort": -23.0,
        "pitch": 37.0,
        "yaw": 98.0,
        "roll": -9.0,
        "delta": 3477178,
        "theta": 180395,
        "low_alpha": 6228,
        "high_alpha": 62102,
        "alpha": 68330,
        "low_beta": 28365,
        "high_beta": 15934,
        "beta": 44299,
        "low_gamma": 16229,
        "mid_gamma": 4180,
        "gamma": 20409,
        "rank": 86.0,
        "value": 86.0,
        "hr": 86.0,
        "unit": "bpm",
        "interpolated_fields": "",
        "image_expected_filename": "2026-07-17_13-03-01.jpg",
        "spectrogram": "https://media.githubusercontent.com/media/jiakun323/geodata-visualization/refs/heads/main/spectrogram/2026-07-17_13-03-01.jpg",
        "familiarity": -27.0,
        "record_id": "record-0082"
      },
      "geometry": {
        "type": "Point",
        "coordinates": [
          113.996958,
          22.594779
        ]
      }
    },
    {
      "type": "Feature",
      "id": "record-0083",
      "properties": {
        "city": "venice",
        "timestamp": "2026-07-17 13:03:06",
        "image": "https://media.githubusercontent.com/media/jiakun323/geodata-visualization/refs/heads/main/extracted_frames/2026-07-17_13-03-06.jpg",
        "audio": "",
        "event_mark": "",
        "heart_rate": 86.0,
        "rr": 666.333,
        "temperature": 37.2,
        "attention": 53.0,
        "relaxation": 61.0,
        "sync_rate": 45.0,
        "mental_effort": -32.0,
        "pitch": 2.0,
        "yaw": 115.0,
        "roll": -8.0,
        "delta": 419899,
        "theta": 45054,
        "low_alpha": 11543,
        "high_alpha": 10908,
        "alpha": 22451,
        "low_beta": 10581,
        "high_beta": 17849,
        "beta": 28430,
        "low_gamma": 28794,
        "mid_gamma": 7071,
        "gamma": 35865,
        "rank": 86.0,
        "value": 86.0,
        "hr": 86.0,
        "unit": "bpm",
        "interpolated_fields": "rr",
        "image_expected_filename": "2026-07-17_13-03-06.jpg",
        "spectrogram": "https://media.githubusercontent.com/media/jiakun323/geodata-visualization/refs/heads/main/spectrogram/2026-07-17_13-03-06.jpg",
        "familiarity": -8.0,
        "record_id": "record-0083"
      },
      "geometry": {
        "type": "Point",
        "coordinates": [
          113.99692,
          22.594765
        ]
      }
    },
    {
      "type": "Feature",
      "id": "record-0084",
      "properties": {
        "city": "venice",
        "timestamp": "2026-07-17 13:03:11",
        "image": "https://media.githubusercontent.com/media/jiakun323/geodata-visualization/refs/heads/main/extracted_frames/2026-07-17_13-03-11.jpg",
        "audio": "",
        "event_mark": "",
        "heart_rate": 87.0,
        "rr": 641.75,
        "temperature": 37.2,
        "attention": 53.0,
        "relaxation": 51.0,
        "sync_rate": 71.0,
        "mental_effort": -28.0,
        "pitch": 30.0,
        "yaw": 136.0,
        "roll": -11.0,
        "delta": 2446680,
        "theta": 136199,
        "low_alpha": 143559,
        "high_alpha": 20439,
        "alpha": 163998,
        "low_beta": 27721,
        "high_beta": 83178,
        "beta": 110899,
        "low_gamma": 42299,
        "mid_gamma": 15852,
        "gamma": 58151,
        "rank": 87.0,
        "value": 87.0,
        "hr": 87.0,
        "unit": "bpm",
        "interpolated_fields": "rr",
        "image_expected_filename": "2026-07-17_13-03-11.jpg",
        "spectrogram": "https://media.githubusercontent.com/media/jiakun323/geodata-visualization/refs/heads/main/spectrogram/2026-07-17_13-03-11.jpg",
        "familiarity": 18.0,
        "record_id": "record-0084"
      },
      "geometry": {
        "type": "Point",
        "coordinates": [
          113.996881,
          22.594752
        ]
      }
    },
    {
      "type": "Feature",
      "id": "record-0085",
      "properties": {
        "city": "venice",
        "timestamp": "2026-07-17 13:03:16",
        "image": "https://media.githubusercontent.com/media/jiakun323/geodata-visualization/refs/heads/main/extracted_frames/2026-07-17_13-03-16.jpg",
        "audio": "",
        "event_mark": "进入幼儿园门口的那个棚子下面收伞。",
        "heart_rate": 90.0,
        "rr": 669.0,
        "temperature": 37.2,
        "attention": 47.0,
        "relaxation": 47.0,
        "sync_rate": 53.0,
        "mental_effort": -31.0,
        "pitch": 9.0,
        "yaw": -175.0,
        "roll": -14.0,
        "delta": 1262562,
        "theta": 208938,
        "low_alpha": 106260,
        "high_alpha": 22385,
        "alpha": 128645,
        "low_beta": 44964,
        "high_beta": 57891,
        "beta": 102855,
        "low_gamma": 78910,
        "mid_gamma": 24677,
        "gamma": 103587,
        "rank": 90.0,
        "value": 90.0,
        "hr": 90.0,
        "unit": "bpm",
        "interpolated_fields": "",
        "image_expected_filename": "2026-07-17_13-03-16.jpg",
        "spectrogram": "https://media.githubusercontent.com/media/jiakun323/geodata-visualization/refs/heads/main/spectrogram/2026-07-17_13-03-16.jpg",
        "familiarity": 18.0,
        "record_id": "record-0085"
      },
      "geometry": {
        "type": "Point",
        "coordinates": [
          113.996843,
          22.594739
        ]
      }
    },
    {
      "type": "Feature",
      "id": "record-0086",
      "properties": {
        "city": "venice",
        "timestamp": "2026-07-17 13:03:21",
        "image": "https://media.githubusercontent.com/media/jiakun323/geodata-visualization/refs/heads/main/extracted_frames/2026-07-17_13-03-21.jpg",
        "audio": "",
        "event_mark": "",
        "heart_rate": 91.0,
        "rr": 649.417,
        "temperature": 37.2,
        "attention": 50.0,
        "relaxation": 37.0,
        "sync_rate": 53.0,
        "mental_effort": -28.0,
        "pitch": 34.0,
        "yaw": -171.0,
        "roll": -14.0,
        "delta": 90446,
        "theta": 24585,
        "low_alpha": 4292,
        "high_alpha": 19312,
        "alpha": 23604,
        "low_beta": 21076,
        "high_beta": 26503,
        "beta": 47579,
        "low_gamma": 4056,
        "mid_gamma": 1514,
        "gamma": 5570,
        "rank": 91.0,
        "value": 91.0,
        "hr": 91.0,
        "unit": "bpm",
        "interpolated_fields": "rr",
        "image_expected_filename": "2026-07-17_13-03-21.jpg",
        "spectrogram": "https://media.githubusercontent.com/media/jiakun323/geodata-visualization/refs/heads/main/spectrogram/2026-07-17_13-03-21.jpg",
        "familiarity": 13.0,
        "record_id": "record-0086"
      },
      "geometry": {
        "type": "Point",
        "coordinates": [
          113.996804,
          22.594726
        ]
      }
    },
    {
      "type": "Feature",
      "id": "record-0087",
      "properties": {
        "city": "venice",
        "timestamp": "2026-07-17 13:03:26",
        "image": "https://media.githubusercontent.com/media/jiakun323/geodata-visualization/refs/heads/main/extracted_frames/2026-07-17_13-03-26.jpg",
        "audio": "",
        "event_mark": "",
        "heart_rate": 90.0,
        "rr": 656.0,
        "temperature": 37.2,
        "attention": 61.0,
        "relaxation": 37.0,
        "sync_rate": 49.0,
        "mental_effort": -18.0,
        "pitch": 2.0,
        "yaw": -152.0,
        "roll": -17.0,
        "delta": 976884,
        "theta": 1095938,
        "low_alpha": 90716,
        "high_alpha": 126767,
        "alpha": 217483,
        "low_beta": 128300,
        "high_beta": 109249,
        "beta": 237549,
        "low_gamma": 194601,
        "mid_gamma": 48232,
        "gamma": 242833,
        "rank": 90.0,
        "value": 90.0,
        "hr": 90.0,
        "unit": "bpm",
        "interpolated_fields": "",
        "image_expected_filename": "2026-07-17_13-03-26.jpg",
        "spectrogram": "https://media.githubusercontent.com/media/jiakun323/geodata-visualization/refs/heads/main/spectrogram/2026-07-17_13-03-26.jpg",
        "familiarity": -2.0,
        "record_id": "record-0087"
      },
      "geometry": {
        "type": "Point",
        "coordinates": [
          113.996764,
          22.594713
        ]
      }
    },
    {
      "type": "Feature",
      "id": "record-0088",
      "properties": {
        "city": "venice",
        "timestamp": "2026-07-17 13:03:31",
        "image": "https://media.githubusercontent.com/media/jiakun323/geodata-visualization/refs/heads/main/extracted_frames/2026-07-17_13-03-31.jpg",
        "audio": "",
        "event_mark": "",
        "heart_rate": 91.0,
        "rr": 627.0,
        "temperature": 37.2,
        "attention": 40.0,
        "relaxation": 38.0,
        "sync_rate": 45.0,
        "mental_effort": -17.0,
        "pitch": 20.0,
        "yaw": -137.0,
        "roll": -7.0,
        "delta": 166260,
        "theta": 38914,
        "low_alpha": 2643,
        "high_alpha": 8364,
        "alpha": 11007,
        "low_beta": 2554,
        "high_beta": 4608,
        "beta": 7162,
        "low_gamma": 917,
        "mid_gamma": 503,
        "gamma": 1420,
        "rank": 91.0,
        "value": 91.0,
        "hr": 91.0,
        "unit": "bpm",
        "interpolated_fields": "",
        "image_expected_filename": "2026-07-17_13-03-31.jpg",
        "spectrogram": "https://media.githubusercontent.com/media/jiakun323/geodata-visualization/refs/heads/main/spectrogram/2026-07-17_13-03-31.jpg",
        "familiarity": -9.0,
        "record_id": "record-0088"
      },
      "geometry": {
        "type": "Point",
        "coordinates": [
          113.996721,
          22.5947
        ]
      }
    },
    {
      "type": "Feature",
      "id": "record-0089",
      "properties": {
        "city": "venice",
        "timestamp": "2026-07-17 13:03:36",
        "image": "https://media.githubusercontent.com/media/jiakun323/geodata-visualization/refs/heads/main/extracted_frames/2026-07-17_13-03-36.jpg",
        "audio": "",
        "event_mark": "",
        "heart_rate": 91.5,
        "rr": 633.25,
        "temperature": 37.2,
        "attention": 48.5,
        "relaxation": 30.5,
        "sync_rate": 28.5,
        "mental_effort": -20.0,
        "pitch": 12.0,
        "yaw": -115.0,
        "roll": -11.0,
        "delta": 857468,
        "theta": 115142,
        "low_alpha": 13418,
        "high_alpha": 13016,
        "alpha": 26434,
        "low_beta": 7677,
        "high_beta": 15287,
        "beta": 22964,
        "low_gamma": 19578,
        "mid_gamma": 15606,
        "gamma": 35184,
        "rank": 91.5,
        "value": 91.5,
        "hr": 91.5,
        "unit": "bpm",
        "interpolated_fields": "rr, attention, relaxation, delta, theta, low_alpha, high_alpha, low_beta, high_beta, low_gamma, mid_gamma, pitch, yaw, roll, sync_rate, mental_effort, familarity, temperature, heart_rate",
        "image_expected_filename": "2026-07-17_13-03-36.jpg",
        "spectrogram": "https://media.githubusercontent.com/media/jiakun323/geodata-visualization/refs/heads/main/spectrogram/2026-07-17_13-03-36.jpg",
        "familiarity": 14.5,
        "record_id": "record-0089"
      },
      "geometry": {
        "type": "Point",
        "coordinates": [
          113.996676,
          22.594687
        ]
      }
    },
    {
      "type": "Feature",
      "id": "record-0090",
      "properties": {
        "city": "venice",
        "timestamp": "2026-07-17 13:03:41",
        "image": "https://media.githubusercontent.com/media/jiakun323/geodata-visualization/refs/heads/main/extracted_frames/2026-07-17_13-03-41.jpg",
        "audio": "",
        "event_mark": "",
        "heart_rate": 92.0,
        "rr": 646.25,
        "temperature": 37.2,
        "attention": 69.0,
        "relaxation": 57.0,
        "sync_rate": 74.0,
        "mental_effort": -21.0,
        "pitch": 21.0,
        "yaw": -94.0,
        "roll": -7.0,
        "delta": 642124,
        "theta": 29468,
        "low_alpha": 18406,
        "high_alpha": 9540,
        "alpha": 27946,
        "low_beta": 20493,
        "high_beta": 10727,
        "beta": 31220,
        "low_gamma": 8466,
        "mid_gamma": 6178,
        "gamma": 14644,
        "rank": 92.0,
        "value": 92.0,
        "hr": 92.0,
        "unit": "bpm",
        "interpolated_fields": "",
        "image_expected_filename": "2026-07-17_13-03-41.jpg",
        "spectrogram": "https://media.githubusercontent.com/media/jiakun323/geodata-visualization/refs/heads/main/spectrogram/2026-07-17_13-03-41.jpg",
        "familiarity": 11.0,
        "record_id": "record-0090"
      },
      "geometry": {
        "type": "Point",
        "coordinates": [
          113.996623,
          22.594676
        ]
      }
    },
    {
      "type": "Feature",
      "id": "record-0091",
      "properties": {
        "city": "venice",
        "timestamp": "2026-07-17 13:03:46",
        "image": "https://media.githubusercontent.com/media/jiakun323/geodata-visualization/refs/heads/main/extracted_frames/2026-07-17_13-03-46.jpg",
        "audio": "",
        "event_mark": "",
        "heart_rate": 92.0,
        "rr": 642.0,
        "temperature": 37.2,
        "attention": 67.0,
        "relaxation": 40.0,
        "sync_rate": 82.0,
        "mental_effort": -18.0,
        "pitch": 25.0,
        "yaw": -85.0,
        "roll": -16.0,
        "delta": 969927,
        "theta": 210890,
        "low_alpha": 13935,
        "high_alpha": 62143,
        "alpha": 76078,
        "low_beta": 32017,
        "high_beta": 88175,
        "beta": 120192,
        "low_gamma": 77710,
        "mid_gamma": 26212,
        "gamma": 103922,
        "rank": 92.0,
        "value": 92.0,
        "hr": 92.0,
        "unit": "bpm",
        "interpolated_fields": "",
        "image_expected_filename": "2026-07-17_13-03-46.jpg",
        "spectrogram": "https://media.githubusercontent.com/media/jiakun323/geodata-visualization/refs/heads/main/spectrogram/2026-07-17_13-03-46.jpg",
        "familiarity": 4.0,
        "record_id": "record-0091"
      },
      "geometry": {
        "type": "Point",
        "coordinates": [
          113.99657,
          22.594665
        ]
      }
    },
    {
      "type": "Feature",
      "id": "record-0092",
      "properties": {
        "city": "venice",
        "timestamp": "2026-07-17 13:03:51",
        "image": "https://media.githubusercontent.com/media/jiakun323/geodata-visualization/refs/heads/main/extracted_frames/2026-07-17_13-03-51.jpg",
        "audio": "",
        "event_mark": "",
        "heart_rate": 92.0,
        "rr": 633.75,
        "temperature": 37.2,
        "attention": 66.0,
        "relaxation": 43.0,
        "sync_rate": 58.0,
        "mental_effort": 0.0,
        "pitch": 27.0,
        "yaw": -66.0,
        "roll": -16.0,
        "delta": 25921,
        "theta": 10097,
        "low_alpha": 5666,
        "high_alpha": 13076,
        "alpha": 18742,
        "low_beta": 8688,
        "high_beta": 30980,
        "beta": 39668,
        "low_gamma": 17399,
        "mid_gamma": 7246,
        "gamma": 24645,
        "rank": 92.0,
        "value": 92.0,
        "hr": 92.0,
        "unit": "bpm",
        "interpolated_fields": "rr",
        "image_expected_filename": "2026-07-17_13-03-51.jpg",
        "spectrogram": "https://media.githubusercontent.com/media/jiakun323/geodata-visualization/refs/heads/main/spectrogram/2026-07-17_13-03-51.jpg",
        "familiarity": 5.0,
        "record_id": "record-0092"
      },
      "geometry": {
        "type": "Point",
        "coordinates": [
          113.996516,
          22.594653
        ]
      }
    },
    {
      "type": "Feature",
      "id": "record-0093",
      "properties": {
        "city": "venice",
        "timestamp": "2026-07-17 13:03:56",
        "image": "https://media.githubusercontent.com/media/jiakun323/geodata-visualization/refs/heads/main/extracted_frames/2026-07-17_13-03-56.jpg",
        "audio": "",
        "event_mark": "",
        "heart_rate": 92.0,
        "rr": 642.0,
        "temperature": 37.1,
        "attention": 41.0,
        "relaxation": 27.0,
        "sync_rate": 67.0,
        "mental_effort": -28.0,
        "pitch": 21.0,
        "yaw": -56.0,
        "roll": -2.0,
        "delta": 646955,
        "theta": 176677,
        "low_alpha": 11608,
        "high_alpha": 19366,
        "alpha": 30974,
        "low_beta": 10966,
        "high_beta": 27147,
        "beta": 38113,
        "low_gamma": 8564,
        "mid_gamma": 10170,
        "gamma": 18734,
        "rank": 92.0,
        "value": 92.0,
        "hr": 92.0,
        "unit": "bpm",
        "interpolated_fields": "",
        "image_expected_filename": "2026-07-17_13-03-56.jpg",
        "spectrogram": "https://media.githubusercontent.com/media/jiakun323/geodata-visualization/refs/heads/main/spectrogram/2026-07-17_13-03-56.jpg",
        "familiarity": 4.0,
        "record_id": "record-0093"
      },
      "geometry": {
        "type": "Point",
        "coordinates": [
          113.996467,
          22.594635
        ]
      }
    },
    {
      "type": "Feature",
      "id": "record-0094",
      "properties": {
        "city": "venice",
        "timestamp": "2026-07-17 13:04:01",
        "image": "https://media.githubusercontent.com/media/jiakun323/geodata-visualization/refs/heads/main/extracted_frames/2026-07-17_13-04-01.jpg",
        "audio": "",
        "event_mark": "",
        "heart_rate": 92.0,
        "rr": 630.667,
        "temperature": 37.1,
        "attention": 50.0,
        "relaxation": 53.0,
        "sync_rate": 55.0,
        "mental_effort": -23.0,
        "pitch": 16.0,
        "yaw": -23.0,
        "roll": -7.0,
        "delta": 975251,
        "theta": 173240,
        "low_alpha": 64555,
        "high_alpha": 16694,
        "alpha": 81249,
        "low_beta": 22379,
        "high_beta": 35809,
        "beta": 58188,
        "low_gamma": 34644,
        "mid_gamma": 56294,
        "gamma": 90938,
        "rank": 92.0,
        "value": 92.0,
        "hr": 92.0,
        "unit": "bpm",
        "interpolated_fields": "",
        "image_expected_filename": "2026-07-17_13-04-01.jpg",
        "spectrogram": "https://media.githubusercontent.com/media/jiakun323/geodata-visualization/refs/heads/main/spectrogram/2026-07-17_13-04-01.jpg",
        "familiarity": 16.0,
        "record_id": "record-0094"
      },
      "geometry": {
        "type": "Point",
        "coordinates": [
          113.996419,
          22.594611
        ]
      }
    },
    {
      "type": "Feature",
      "id": "record-0095",
      "properties": {
        "city": "venice",
        "timestamp": "2026-07-17 13:04:06",
        "image": "https://media.githubusercontent.com/media/jiakun323/geodata-visualization/refs/heads/main/extracted_frames/2026-07-17_13-04-06.jpg",
        "audio": "",
        "event_mark": "",
        "heart_rate": 92.0,
        "rr": 651.5,
        "temperature": 37.2,
        "attention": 29.0,
        "relaxation": 54.0,
        "sync_rate": 71.0,
        "mental_effort": -21.0,
        "pitch": 38.0,
        "yaw": -13.0,
        "roll": -9.0,
        "delta": 653833,
        "theta": 71553,
        "low_alpha": 24688,
        "high_alpha": 6902,
        "alpha": 31590,
        "low_beta": 10347,
        "high_beta": 15440,
        "beta": 25787,
        "low_gamma": 14185,
        "mid_gamma": 2547,
        "gamma": 16732,
        "rank": 92.0,
        "value": 92.0,
        "hr": 92.0,
        "unit": "bpm",
        "interpolated_fields": "",
        "image_expected_filename": "2026-07-17_13-04-06.jpg",
        "spectrogram": "https://media.githubusercontent.com/media/jiakun323/geodata-visualization/refs/heads/main/spectrogram/2026-07-17_13-04-06.jpg",
        "familiarity": -2.0,
        "record_id": "record-0095"
      },
      "geometry": {
        "type": "Point",
        "coordinates": [
          113.996372,
          22.594587
        ]
      }
    },
    {
      "type": "Feature",
      "id": "record-0096",
      "properties": {
        "city": "venice",
        "timestamp": "2026-07-17 13:04:11",
        "image": "https://media.githubusercontent.com/media/jiakun323/geodata-visualization/refs/heads/main/extracted_frames/2026-07-17_13-04-11.jpg",
        "audio": "",
        "event_mark": "",
        "heart_rate": 92.0,
        "rr": 646.667,
        "temperature": 37.2,
        "attention": 47.0,
        "relaxation": 48.0,
        "sync_rate": 32.0,
        "mental_effort": -36.0,
        "pitch": 15.0,
        "yaw": 24.0,
        "roll": -13.0,
        "delta": 119556,
        "theta": 59822,
        "low_alpha": 18164,
        "high_alpha": 9631,
        "alpha": 27795,
        "low_beta": 7748,
        "high_beta": 21489,
        "beta": 29237,
        "low_gamma": 11737,
        "mid_gamma": 5689,
        "gamma": 17426,
        "rank": 92.0,
        "value": 92.0,
        "hr": 92.0,
        "unit": "bpm",
        "interpolated_fields": "",
        "image_expected_filename": "2026-07-17_13-04-11.jpg",
        "spectrogram": "https://media.githubusercontent.com/media/jiakun323/geodata-visualization/refs/heads/main/spectrogram/2026-07-17_13-04-11.jpg",
        "familiarity": -4.0,
        "record_id": "record-0096"
      },
      "geometry": {
        "type": "Point",
        "coordinates": [
          113.996325,
          22.594563
        ]
      }
    },
    {
      "type": "Feature",
      "id": "record-0097",
      "properties": {
        "city": "venice",
        "timestamp": "2026-07-17 13:04:16",
        "image": "https://media.githubusercontent.com/media/jiakun323/geodata-visualization/refs/heads/main/extracted_frames/2026-07-17_13-04-16.jpg",
        "audio": "",
        "event_mark": "开伞",
        "heart_rate": 91.0,
        "rr": 662.0,
        "temperature": 37.2,
        "attention": 41.0,
        "relaxation": 21.0,
        "sync_rate": 54.0,
        "mental_effort": -24.0,
        "pitch": 18.0,
        "yaw": 28.0,
        "roll": -12.0,
        "delta": 666297,
        "theta": 254265,
        "low_alpha": 101715,
        "high_alpha": 16126,
        "alpha": 117841,
        "low_beta": 42010,
        "high_beta": 46195,
        "beta": 88205,
        "low_gamma": 20118,
        "mid_gamma": 17201,
        "gamma": 37319,
        "rank": 91.0,
        "value": 91.0,
        "hr": 91.0,
        "unit": "bpm",
        "interpolated_fields": "",
        "image_expected_filename": "2026-07-17_13-04-16.jpg",
        "spectrogram": "https://media.githubusercontent.com/media/jiakun323/geodata-visualization/refs/heads/main/spectrogram/2026-07-17_13-04-16.jpg",
        "familiarity": 8.0,
        "record_id": "record-0097"
      },
      "geometry": {
        "type": "Point",
        "coordinates": [
          113.996274,
          22.594546
        ]
      }
    },
    {
      "type": "Feature",
      "id": "record-0098",
      "properties": {
        "city": "venice",
        "timestamp": "2026-07-17 13:04:21",
        "image": "https://media.githubusercontent.com/media/jiakun323/geodata-visualization/refs/heads/main/extracted_frames/2026-07-17_13-04-21.jpg",
        "audio": "",
        "event_mark": "",
        "heart_rate": 90.0,
        "rr": 637.0,
        "temperature": 37.2,
        "attention": 41.0,
        "relaxation": 53.0,
        "sync_rate": 34.0,
        "mental_effort": -32.0,
        "pitch": 12.0,
        "yaw": 42.0,
        "roll": -6.0,
        "delta": 417662,
        "theta": 81410,
        "low_alpha": 2302,
        "high_alpha": 9971,
        "alpha": 12273,
        "low_beta": 11818,
        "high_beta": 16662,
        "beta": 28480,
        "low_gamma": 3125,
        "mid_gamma": 2001,
        "gamma": 5126,
        "rank": 90.0,
        "value": 90.0,
        "hr": 90.0,
        "unit": "bpm",
        "interpolated_fields": "",
        "image_expected_filename": "2026-07-17_13-04-21.jpg",
        "spectrogram": "https://media.githubusercontent.com/media/jiakun323/geodata-visualization/refs/heads/main/spectrogram/2026-07-17_13-04-21.jpg",
        "familiarity": 7.0,
        "record_id": "record-0098"
      },
      "geometry": {
        "type": "Point",
        "coordinates": [
          113.996219,
          22.594532
        ]
      }
    },
    {
      "type": "Feature",
      "id": "record-0099",
      "properties": {
        "city": "venice",
        "timestamp": "2026-07-17 13:04:26",
        "image": "https://media.githubusercontent.com/media/jiakun323/geodata-visualization/refs/heads/main/extracted_frames/2026-07-17_13-04-26.jpg",
        "audio": "",
        "event_mark": "",
        "heart_rate": 90.0,
        "rr": 619.0,
        "temperature": 37.2,
        "attention": 54.0,
        "relaxation": 38.0,
        "sync_rate": 53.0,
        "mental_effort": -30.0,
        "pitch": 15.0,
        "yaw": 60.0,
        "roll": -8.0,
        "delta": 699782,
        "theta": 241348,
        "low_alpha": 32134,
        "high_alpha": 15994,
        "alpha": 48128,
        "low_beta": 12630,
        "high_beta": 44161,
        "beta": 56791,
        "low_gamma": 22830,
        "mid_gamma": 13732,
        "gamma": 36562,
        "rank": 90.0,
        "value": 90.0,
        "hr": 90.0,
        "unit": "bpm",
        "interpolated_fields": "rr",
        "image_expected_filename": "2026-07-17_13-04-26.jpg",
        "spectrogram": "https://media.githubusercontent.com/media/jiakun323/geodata-visualization/refs/heads/main/spectrogram/2026-07-17_13-04-26.jpg",
        "familiarity": 13.0,
        "record_id": "record-0099"
      },
      "geometry": {
        "type": "Point",
        "coordinates": [
          113.996165,
          22.594519
        ]
      }
    },
    {
      "type": "Feature",
      "id": "record-0100",
      "properties": {
        "city": "venice",
        "timestamp": "2026-07-17 13:04:31",
        "image": "https://media.githubusercontent.com/media/jiakun323/geodata-visualization/refs/heads/main/extracted_frames/2026-07-17_13-04-31.jpg",
        "audio": "",
        "event_mark": "",
        "heart_rate": 93.0,
        "rr": 641.143,
        "temperature": 37.2,
        "attention": 40.0,
        "relaxation": 51.0,
        "sync_rate": 42.0,
        "mental_effort": -34.0,
        "pitch": 13.0,
        "yaw": 90.0,
        "roll": -1.0,
        "delta": 617302,
        "theta": 196158,
        "low_alpha": 8372,
        "high_alpha": 13977,
        "alpha": 22349,
        "low_beta": 34959,
        "high_beta": 24113,
        "beta": 59072,
        "low_gamma": 27130,
        "mid_gamma": 11424,
        "gamma": 38554,
        "rank": 93.0,
        "value": 93.0,
        "hr": 93.0,
        "unit": "bpm",
        "interpolated_fields": "rr",
        "image_expected_filename": "2026-07-17_13-04-31.jpg",
        "spectrogram": "https://media.githubusercontent.com/media/jiakun323/geodata-visualization/refs/heads/main/spectrogram/2026-07-17_13-04-31.jpg",
        "familiarity": -30.0,
        "record_id": "record-0100"
      },
      "geometry": {
        "type": "Point",
        "coordinates": [
          113.996111,
          22.594505
        ]
      }
    },
    {
      "type": "Feature",
      "id": "record-0101",
      "properties": {
        "city": "venice",
        "timestamp": "2026-07-17 13:04:36",
        "image": "https://media.githubusercontent.com/media/jiakun323/geodata-visualization/refs/heads/main/extracted_frames/2026-07-17_13-04-36.jpg",
        "audio": "",
        "event_mark": "",
        "heart_rate": 94.0,
        "rr": 654.083,
        "temperature": 37.2,
        "attention": 34.0,
        "relaxation": 43.0,
        "sync_rate": 55.0,
        "mental_effort": -18.0,
        "pitch": 13.0,
        "yaw": 86.0,
        "roll": -4.0,
        "delta": 751170,
        "theta": 111922,
        "low_alpha": 14547,
        "high_alpha": 28672,
        "alpha": 43219,
        "low_beta": 17280,
        "high_beta": 11767,
        "beta": 29047,
        "low_gamma": 26411,
        "mid_gamma": 1925,
        "gamma": 28336,
        "rank": 94.0,
        "value": 94.0,
        "hr": 94.0,
        "unit": "bpm",
        "interpolated_fields": "rr",
        "image_expected_filename": "2026-07-17_13-04-36.jpg",
        "spectrogram": "https://media.githubusercontent.com/media/jiakun323/geodata-visualization/refs/heads/main/spectrogram/2026-07-17_13-04-36.jpg",
        "familiarity": 8.0,
        "record_id": "record-0101"
      },
      "geometry": {
        "type": "Point",
        "coordinates": [
          113.996057,
          22.594492
        ]
      }
    },
    {
      "type": "Feature",
      "id": "record-0102",
      "properties": {
        "city": "venice",
        "timestamp": "2026-07-17 13:04:41",
        "image": "https://media.githubusercontent.com/media/jiakun323/geodata-visualization/refs/heads/main/extracted_frames/2026-07-17_13-04-41.jpg",
        "audio": "",
        "event_mark": "",
        "heart_rate": 92.0,
        "rr": 632.667,
        "temperature": 37.2,
        "attention": 41.0,
        "relaxation": 60.0,
        "sync_rate": 54.0,
        "mental_effort": -4.0,
        "pitch": 11.0,
        "yaw": 140.0,
        "roll": -7.0,
        "delta": 284224,
        "theta": 99960,
        "low_alpha": 44974,
        "high_alpha": 4659,
        "alpha": 49633,
        "low_beta": 4145,
        "high_beta": 6762,
        "beta": 10907,
        "low_gamma": 17723,
        "mid_gamma": 6461,
        "gamma": 24184,
        "rank": 92.0,
        "value": 92.0,
        "hr": 92.0,
        "unit": "bpm",
        "interpolated_fields": "",
        "image_expected_filename": "2026-07-17_13-04-41.jpg",
        "spectrogram": "https://media.githubusercontent.com/media/jiakun323/geodata-visualization/refs/heads/main/spectrogram/2026-07-17_13-04-41.jpg",
        "familiarity": 7.0,
        "record_id": "record-0102"
      },
      "geometry": {
        "type": "Point",
        "coordinates": [
          113.996004,
          22.594479
        ]
      }
    },
    {
      "type": "Feature",
      "id": "record-0103",
      "properties": {
        "city": "venice",
        "timestamp": "2026-07-17 13:04:46",
        "image": "https://media.githubusercontent.com/media/jiakun323/geodata-visualization/refs/heads/main/extracted_frames/2026-07-17_13-04-46.jpg",
        "audio": "",
        "event_mark": "",
        "heart_rate": 91.0,
        "rr": 650.083,
        "temperature": 37.2,
        "attention": 64.0,
        "relaxation": 35.0,
        "sync_rate": 44.0,
        "mental_effort": -24.0,
        "pitch": 1.0,
        "yaw": 138.0,
        "roll": -16.0,
        "delta": 83498,
        "theta": 11962,
        "low_alpha": 6950,
        "high_alpha": 5193,
        "alpha": 12143,
        "low_beta": 5718,
        "high_beta": 13546,
        "beta": 19264,
        "low_gamma": 6908,
        "mid_gamma": 2930,
        "gamma": 9838,
        "rank": 91.0,
        "value": 91.0,
        "hr": 91.0,
        "unit": "bpm",
        "interpolated_fields": "rr",
        "image_expected_filename": "2026-07-17_13-04-46.jpg",
        "spectrogram": "https://media.githubusercontent.com/media/jiakun323/geodata-visualization/refs/heads/main/spectrogram/2026-07-17_13-04-46.jpg",
        "familiarity": -22.0,
        "record_id": "record-0103"
      },
      "geometry": {
        "type": "Point",
        "coordinates": [
          113.995952,
          22.594467
        ]
      }
    },
    {
      "type": "Feature",
      "id": "record-0104",
      "properties": {
        "city": "venice",
        "timestamp": "2026-07-17 13:04:51",
        "image": "https://media.githubusercontent.com/media/jiakun323/geodata-visualization/refs/heads/main/extracted_frames/2026-07-17_13-04-51.jpg",
        "audio": "",
        "event_mark": "",
        "heart_rate": 91.0,
        "rr": 646.0,
        "temperature": 37.2,
        "attention": 50.0,
        "relaxation": 30.0,
        "sync_rate": 47.0,
        "mental_effort": -29.0,
        "pitch": 4.0,
        "yaw": 161.0,
        "roll": -8.0,
        "delta": 825817,
        "theta": 76500,
        "low_alpha": 8993,
        "high_alpha": 8815,
        "alpha": 17808,
        "low_beta": 20763,
        "high_beta": 8207,
        "beta": 28970,
        "low_gamma": 12751,
        "mid_gamma": 5183,
        "gamma": 17934,
        "rank": 91.0,
        "value": 91.0,
        "hr": 91.0,
        "unit": "bpm",
        "interpolated_fields": "",
        "image_expected_filename": "2026-07-17_13-04-51.jpg",
        "spectrogram": "https://media.githubusercontent.com/media/jiakun323/geodata-visualization/refs/heads/main/spectrogram/2026-07-17_13-04-51.jpg",
        "familiarity": -17.0,
        "record_id": "record-0104"
      },
      "geometry": {
        "type": "Point",
        "coordinates": [
          113.9959,
          22.594456
        ]
      }
    },
    {
      "type": "Feature",
      "id": "record-0105",
      "properties": {
        "city": "venice",
        "timestamp": "2026-07-17 13:04:56",
        "image": "https://media.githubusercontent.com/media/jiakun323/geodata-visualization/refs/heads/main/extracted_frames/2026-07-17_13-04-56.jpg",
        "audio": "",
        "event_mark": "",
        "heart_rate": 91.0,
        "rr": 641.0,
        "temperature": 37.2,
        "attention": 48.0,
        "relaxation": 54.0,
        "sync_rate": 45.0,
        "mental_effort": -32.0,
        "pitch": 8.0,
        "yaw": -164.0,
        "roll": -8.0,
        "delta": 352689,
        "theta": 175010,
        "low_alpha": 79771,
        "high_alpha": 60414,
        "alpha": 140185,
        "low_beta": 12661,
        "high_beta": 40959,
        "beta": 53620,
        "low_gamma": 12508,
        "mid_gamma": 8756,
        "gamma": 21264,
        "rank": 91.0,
        "value": 91.0,
        "hr": 91.0,
        "unit": "bpm",
        "interpolated_fields": "",
        "image_expected_filename": "2026-07-17_13-04-56.jpg",
        "spectrogram": "https://media.githubusercontent.com/media/jiakun323/geodata-visualization/refs/heads/main/spectrogram/2026-07-17_13-04-56.jpg",
        "familiarity": -15.0,
        "record_id": "record-0105"
      },
      "geometry": {
        "type": "Point",
        "coordinates": [
          113.995848,
          22.594445
        ]
      }
    },
    {
      "type": "Feature",
      "id": "record-0106",
      "properties": {
        "city": "venice",
        "timestamp": "2026-07-17 13:05:01",
        "image": "https://media.githubusercontent.com/media/jiakun323/geodata-visualization/refs/heads/main/extracted_frames/2026-07-17_13-05-01.jpg",
        "audio": "",
        "event_mark": "",
        "heart_rate": 92.0,
        "rr": 635.0,
        "temperature": 37.2,
        "attention": 37.0,
        "relaxation": 74.0,
        "sync_rate": 71.0,
        "mental_effort": 11.0,
        "pitch": 10.0,
        "yaw": 169.0,
        "roll": -12.0,
        "delta": 25782,
        "theta": 6984,
        "low_alpha": 4263,
        "high_alpha": 2393,
        "alpha": 6656,
        "low_beta": 2653,
        "high_beta": 2650,
        "beta": 5303,
        "low_gamma": 1181,
        "mid_gamma": 988,
        "gamma": 2169,
        "rank": 92.0,
        "value": 92.0,
        "hr": 92.0,
        "unit": "bpm",
        "interpolated_fields": "",
        "image_expected_filename": "2026-07-17_13-05-01.jpg",
        "spectrogram": "https://media.githubusercontent.com/media/jiakun323/geodata-visualization/refs/heads/main/spectrogram/2026-07-17_13-05-01.jpg",
        "familiarity": -4.0,
        "record_id": "record-0106"
      },
      "geometry": {
        "type": "Point",
        "coordinates": [
          113.995797,
          22.594436
        ]
      }
    },
    {
      "type": "Feature",
      "id": "record-0107",
      "properties": {
        "city": "venice",
        "timestamp": "2026-07-17 13:05:06",
        "image": "https://media.githubusercontent.com/media/jiakun323/geodata-visualization/refs/heads/main/extracted_frames/2026-07-17_13-05-06.jpg",
        "audio": "",
        "event_mark": "",
        "heart_rate": 93.0,
        "rr": 621.5,
        "temperature": 37.2,
        "attention": 63.0,
        "relaxation": 60.0,
        "sync_rate": 30.0,
        "mental_effort": -14.0,
        "pitch": 15.0,
        "yaw": -158.0,
        "roll": -6.0,
        "delta": 25279,
        "theta": 24796,
        "low_alpha": 5348,
        "high_alpha": 11881,
        "alpha": 17229,
        "low_beta": 14844,
        "high_beta": 8627,
        "beta": 23471,
        "low_gamma": 12699,
        "mid_gamma": 1629,
        "gamma": 14328,
        "rank": 93.0,
        "value": 93.0,
        "hr": 93.0,
        "unit": "bpm",
        "interpolated_fields": "rr",
        "image_expected_filename": "2026-07-17_13-05-06.jpg",
        "spectrogram": "https://media.githubusercontent.com/media/jiakun323/geodata-visualization/refs/heads/main/spectrogram/2026-07-17_13-05-06.jpg",
        "familiarity": 18.0,
        "record_id": "record-0107"
      },
      "geometry": {
        "type": "Point",
        "coordinates": [
          113.995746,
          22.594432
        ]
      }
    },
    {
      "type": "Feature",
      "id": "record-0108",
      "properties": {
        "city": "venice",
        "timestamp": "2026-07-17 13:05:11",
        "image": "https://media.githubusercontent.com/media/jiakun323/geodata-visualization/refs/heads/main/extracted_frames/2026-07-17_13-05-11.jpg",
        "audio": "",
        "event_mark": "",
        "heart_rate": 93.0,
        "rr": 698.0,
        "temperature": 37.2,
        "attention": 44.0,
        "relaxation": 60.0,
        "sync_rate": 47.0,
        "mental_effort": -9.0,
        "pitch": 6.0,
        "yaw": -128.0,
        "roll": -1.0,
        "delta": 188502,
        "theta": 16635,
        "low_alpha": 9339,
        "high_alpha": 19027,
        "alpha": 28366,
        "low_beta": 11043,
        "high_beta": 3941,
        "beta": 14984,
        "low_gamma": 6730,
        "mid_gamma": 4095,
        "gamma": 10825,
        "rank": 93.0,
        "value": 93.0,
        "hr": 93.0,
        "unit": "bpm",
        "interpolated_fields": "",
        "image_expected_filename": "2026-07-17_13-05-11.jpg",
        "spectrogram": "https://media.githubusercontent.com/media/jiakun323/geodata-visualization/refs/heads/main/spectrogram/2026-07-17_13-05-11.jpg",
        "familiarity": -28.0,
        "record_id": "record-0108"
      },
      "geometry": {
        "type": "Point",
        "coordinates": [
          113.995695,
          22.594423
        ]
      }
    },
    {
      "type": "Feature",
      "id": "record-0109",
      "properties": {
        "city": "venice",
        "timestamp": "2026-07-17 13:05:16",
        "image": "https://media.githubusercontent.com/media/jiakun323/geodata-visualization/refs/heads/main/extracted_frames/2026-07-17_13-05-16.jpg",
        "audio": "",
        "event_mark": "",
        "heart_rate": 92.0,
        "rr": 629.0,
        "temperature": 37.2,
        "attention": 43.0,
        "relaxation": 41.0,
        "sync_rate": 57.0,
        "mental_effort": -30.0,
        "pitch": 21.0,
        "yaw": -75.0,
        "roll": -15.0,
        "delta": 556583,
        "theta": 95499,
        "low_alpha": 16588,
        "high_alpha": 22635,
        "alpha": 39223,
        "low_beta": 22845,
        "high_beta": 58998,
        "beta": 81843,
        "low_gamma": 35061,
        "mid_gamma": 11140,
        "gamma": 46201,
        "rank": 92.0,
        "value": 92.0,
        "hr": 92.0,
        "unit": "bpm",
        "interpolated_fields": "",
        "image_expected_filename": "2026-07-17_13-05-16.jpg",
        "spectrogram": "https://media.githubusercontent.com/media/jiakun323/geodata-visualization/refs/heads/main/spectrogram/2026-07-17_13-05-16.jpg",
        "familiarity": -42.0,
        "record_id": "record-0109"
      },
      "geometry": {
        "type": "Point",
        "coordinates": [
          113.995644,
          22.594407
        ]
      }
    },
    {
      "type": "Feature",
      "id": "record-0110",
      "properties": {
        "city": "venice",
        "timestamp": "2026-07-17 13:05:21",
        "image": "https://media.githubusercontent.com/media/jiakun323/geodata-visualization/refs/heads/main/extracted_frames/2026-07-17_13-05-21.jpg",
        "audio": "",
        "event_mark": "",
        "heart_rate": 90.0,
        "rr": 662.5,
        "temperature": 37.2,
        "attention": 14.0,
        "relaxation": 50.0,
        "sync_rate": 44.0,
        "mental_effort": 14.0,
        "pitch": 16.0,
        "yaw": -79.0,
        "roll": -7.0,
        "delta": 1874462,
        "theta": 368321,
        "low_alpha": 181959,
        "high_alpha": 60678,
        "alpha": 242637,
        "low_beta": 16515,
        "high_beta": 63287,
        "beta": 79802,
        "low_gamma": 133096,
        "mid_gamma": 33444,
        "gamma": 166540,
        "rank": 90.0,
        "value": 90.0,
        "hr": 90.0,
        "unit": "bpm",
        "interpolated_fields": "",
        "image_expected_filename": "2026-07-17_13-05-21.jpg",
        "spectrogram": "https://media.githubusercontent.com/media/jiakun323/geodata-visualization/refs/heads/main/spectrogram/2026-07-17_13-05-21.jpg",
        "familiarity": -2.0,
        "record_id": "record-0110"
      },
      "geometry": {
        "type": "Point",
        "coordinates": [
          113.995593,
          22.594391
        ]
      }
    },
    {
      "type": "Feature",
      "id": "record-0111",
      "properties": {
        "city": "venice",
        "timestamp": "2026-07-17 13:05:26",
        "image": "https://media.githubusercontent.com/media/jiakun323/geodata-visualization/refs/heads/main/extracted_frames/2026-07-17_13-05-26.jpg",
        "audio": "",
        "event_mark": "",
        "heart_rate": 90.0,
        "rr": 663.0,
        "temperature": 37.2,
        "attention": 40.0,
        "relaxation": 61.0,
        "sync_rate": 46.0,
        "mental_effort": -17.0,
        "pitch": 5.0,
        "yaw": -58.0,
        "roll": -12.0,
        "delta": 1237961,
        "theta": 347361,
        "low_alpha": 11602,
        "high_alpha": 87730,
        "alpha": 99332,
        "low_beta": 28706,
        "high_beta": 55807,
        "beta": 84513,
        "low_gamma": 73837,
        "mid_gamma": 58268,
        "gamma": 132105,
        "rank": 90.0,
        "value": 90.0,
        "hr": 90.0,
        "unit": "bpm",
        "interpolated_fields": "",
        "image_expected_filename": "2026-07-17_13-05-26.jpg",
        "spectrogram": "https://media.githubusercontent.com/media/jiakun323/geodata-visualization/refs/heads/main/spectrogram/2026-07-17_13-05-26.jpg",
        "familiarity": 6.0,
        "record_id": "record-0111"
      },
      "geometry": {
        "type": "Point",
        "coordinates": [
          113.995542,
          22.594375
        ]
      }
    },
    {
      "type": "Feature",
      "id": "record-0112",
      "properties": {
        "city": "venice",
        "timestamp": "2026-07-17 13:05:31",
        "image": "https://media.githubusercontent.com/media/jiakun323/geodata-visualization/refs/heads/main/extracted_frames/2026-07-17_13-05-31.jpg",
        "audio": "",
        "event_mark": "",
        "heart_rate": 90.0,
        "rr": 649.25,
        "temperature": 37.1,
        "attention": 17.0,
        "relaxation": 14.0,
        "sync_rate": 58.0,
        "mental_effort": -17.0,
        "pitch": 24.0,
        "yaw": -41.0,
        "roll": -11.0,
        "delta": 946773,
        "theta": 274478,
        "low_alpha": 16491,
        "high_alpha": 39177,
        "alpha": 55668,
        "low_beta": 4801,
        "high_beta": 22107,
        "beta": 26908,
        "low_gamma": 11783,
        "mid_gamma": 8816,
        "gamma": 20599,
        "rank": 90.0,
        "value": 90.0,
        "hr": 90.0,
        "unit": "bpm",
        "interpolated_fields": "rr",
        "image_expected_filename": "2026-07-17_13-05-31.jpg",
        "spectrogram": "https://media.githubusercontent.com/media/jiakun323/geodata-visualization/refs/heads/main/spectrogram/2026-07-17_13-05-31.jpg",
        "familiarity": 22.0,
        "record_id": "record-0112"
      },
      "geometry": {
        "type": "Point",
        "coordinates": [
          113.995489,
          22.594357
        ]
      }
    },
    {
      "type": "Feature",
      "id": "record-0113",
      "properties": {
        "city": "venice",
        "timestamp": "2026-07-17 13:05:36",
        "image": "https://media.githubusercontent.com/media/jiakun323/geodata-visualization/refs/heads/main/extracted_frames/2026-07-17_13-05-36.jpg",
        "audio": "",
        "event_mark": "",
        "heart_rate": 89.0,
        "rr": 655.667,
        "temperature": 37.1,
        "attention": 44.0,
        "relaxation": 67.0,
        "sync_rate": 61.0,
        "mental_effort": -35.0,
        "pitch": 14.0,
        "yaw": -26.0,
        "roll": -15.0,
        "delta": 1672574,
        "theta": 140694,
        "low_alpha": 108842,
        "high_alpha": 45242,
        "alpha": 154084,
        "low_beta": 57948,
        "high_beta": 50911,
        "beta": 108859,
        "low_gamma": 45504,
        "mid_gamma": 42221,
        "gamma": 87725,
        "rank": 89.0,
        "value": 89.0,
        "hr": 89.0,
        "unit": "bpm",
        "interpolated_fields": "",
        "image_expected_filename": "2026-07-17_13-05-36.jpg",
        "spectrogram": "https://media.githubusercontent.com/media/jiakun323/geodata-visualization/refs/heads/main/spectrogram/2026-07-17_13-05-36.jpg",
        "familiarity": 15.0,
        "record_id": "record-0113"
      },
      "geometry": {
        "type": "Point",
        "coordinates": [
          113.995431,
          22.594336
        ]
      }
    },
    {
      "type": "Feature",
      "id": "record-0114",
      "properties": {
        "city": "venice",
        "timestamp": "2026-07-17 13:05:41",
        "image": "https://media.githubusercontent.com/media/jiakun323/geodata-visualization/refs/heads/main/extracted_frames/2026-07-17_13-05-41.jpg",
        "audio": "",
        "event_mark": "",
        "heart_rate": 90.0,
        "rr": 635.5,
        "temperature": 37.1,
        "attention": 48.0,
        "relaxation": 27.0,
        "sync_rate": 70.0,
        "mental_effort": -33.0,
        "pitch": 14.0,
        "yaw": 0.0,
        "roll": -10.0,
        "delta": 730525,
        "theta": 38572,
        "low_alpha": 12531,
        "high_alpha": 26919,
        "alpha": 39450,
        "low_beta": 12117,
        "high_beta": 12947,
        "beta": 25064,
        "low_gamma": 15604,
        "mid_gamma": 8113,
        "gamma": 23717,
        "rank": 90.0,
        "value": 90.0,
        "hr": 90.0,
        "unit": "bpm",
        "interpolated_fields": "",
        "image_expected_filename": "2026-07-17_13-05-41.jpg",
        "spectrogram": "https://media.githubusercontent.com/media/jiakun323/geodata-visualization/refs/heads/main/spectrogram/2026-07-17_13-05-41.jpg",
        "familiarity": -6.0,
        "record_id": "record-0114"
      },
      "geometry": {
        "type": "Point",
        "coordinates": [
          113.995382,
          22.594332
        ]
      }
    },
    {
      "type": "Feature",
      "id": "record-0115",
      "properties": {
        "city": "venice",
        "timestamp": "2026-07-17 13:05:46",
        "image": "https://media.githubusercontent.com/media/jiakun323/geodata-visualization/refs/heads/main/extracted_frames/2026-07-17_13-05-46.jpg",
        "audio": "",
        "event_mark": "",
        "heart_rate": 91.0,
        "rr": 605.0,
        "temperature": 37.1,
        "attention": 35.0,
        "relaxation": 64.0,
        "sync_rate": 42.0,
        "mental_effort": -19.0,
        "pitch": -38.0,
        "yaw": 44.0,
        "roll": -1.0,
        "delta": 95143,
        "theta": 15374,
        "low_alpha": 6158,
        "high_alpha": 2413,
        "alpha": 8571,
        "low_beta": 1640,
        "high_beta": 3219,
        "beta": 4859,
        "low_gamma": 3057,
        "mid_gamma": 1796,
        "gamma": 4853,
        "rank": 91.0,
        "value": 91.0,
        "hr": 91.0,
        "unit": "bpm",
        "interpolated_fields": "",
        "image_expected_filename": "2026-07-17_13-05-46.jpg",
        "spectrogram": "https://media.githubusercontent.com/media/jiakun323/geodata-visualization/refs/heads/main/spectrogram/2026-07-17_13-05-46.jpg",
        "familiarity": 16.0,
        "record_id": "record-0115"
      },
      "geometry": {
        "type": "Point",
        "coordinates": [
          113.995336,
          22.594332
        ]
      }
    },
    {
      "type": "Feature",
      "id": "record-0116",
      "properties": {
        "city": "venice",
        "timestamp": "2026-07-17 13:05:51",
        "image": "https://media.githubusercontent.com/media/jiakun323/geodata-visualization/refs/heads/main/extracted_frames/2026-07-17_13-05-51.jpg",
        "audio": "",
        "event_mark": "",
        "heart_rate": 94.0,
        "rr": 643.667,
        "temperature": 37.1,
        "attention": 34.0,
        "relaxation": 87.0,
        "sync_rate": 63.0,
        "mental_effort": -3.0,
        "pitch": 18.0,
        "yaw": 27.0,
        "roll": 0.0,
        "delta": 46805,
        "theta": 66900,
        "low_alpha": 26200,
        "high_alpha": 3130,
        "alpha": 29330,
        "low_beta": 8045,
        "high_beta": 20646,
        "beta": 28691,
        "low_gamma": 11704,
        "mid_gamma": 3604,
        "gamma": 15308,
        "rank": 94.0,
        "value": 94.0,
        "hr": 94.0,
        "unit": "bpm",
        "interpolated_fields": "",
        "image_expected_filename": "2026-07-17_13-05-51.jpg",
        "spectrogram": "https://media.githubusercontent.com/media/jiakun323/geodata-visualization/refs/heads/main/spectrogram/2026-07-17_13-05-51.jpg",
        "familiarity": -3.0,
        "record_id": "record-0116"
      },
      "geometry": {
        "type": "Point",
        "coordinates": [
          113.99529,
          22.594332
        ]
      }
    },
    {
      "type": "Feature",
      "id": "record-0117",
      "properties": {
        "city": "venice",
        "timestamp": "2026-07-17 13:05:56",
        "image": "https://media.githubusercontent.com/media/jiakun323/geodata-visualization/refs/heads/main/extracted_frames/2026-07-17_13-05-56.jpg",
        "audio": "",
        "event_mark": "",
        "heart_rate": 95.0,
        "rr": 648.0,
        "temperature": 37.1,
        "attention": 53.0,
        "relaxation": 35.0,
        "sync_rate": 25.0,
        "mental_effort": -30.0,
        "pitch": -10.0,
        "yaw": 77.0,
        "roll": -11.0,
        "delta": 810012,
        "theta": 80636,
        "low_alpha": 2810,
        "high_alpha": 2162,
        "alpha": 4972,
        "low_beta": 14765,
        "high_beta": 13612,
        "beta": 28377,
        "low_gamma": 19941,
        "mid_gamma": 5111,
        "gamma": 25052,
        "rank": 95.0,
        "value": 95.0,
        "hr": 95.0,
        "unit": "bpm",
        "interpolated_fields": "",
        "image_expected_filename": "2026-07-17_13-05-56.jpg",
        "spectrogram": "https://media.githubusercontent.com/media/jiakun323/geodata-visualization/refs/heads/main/spectrogram/2026-07-17_13-05-56.jpg",
        "familiarity": 13.0,
        "record_id": "record-0117"
      },
      "geometry": {
        "type": "Point",
        "coordinates": [
          113.995243,
          22.594332
        ]
      }
    },
    {
      "type": "Feature",
      "id": "record-0118",
      "properties": {
        "city": "venice",
        "timestamp": "2026-07-17 13:06:01",
        "image": "https://media.githubusercontent.com/media/jiakun323/geodata-visualization/refs/heads/main/extracted_frames/2026-07-17_13-06-01.jpg",
        "audio": "",
        "event_mark": "",
        "heart_rate": 93.0,
        "rr": 630.0,
        "temperature": 37.1,
        "attention": 24.0,
        "relaxation": 43.0,
        "sync_rate": 36.0,
        "mental_effort": -36.0,
        "pitch": -3.0,
        "yaw": 94.0,
        "roll": -3.0,
        "delta": 235885,
        "theta": 252147,
        "low_alpha": 2888,
        "high_alpha": 4100,
        "alpha": 6988,
        "low_beta": 10854,
        "high_beta": 16273,
        "beta": 27127,
        "low_gamma": 11623,
        "mid_gamma": 4204,
        "gamma": 15827,
        "rank": 93.0,
        "value": 93.0,
        "hr": 93.0,
        "unit": "bpm",
        "interpolated_fields": "",
        "image_expected_filename": "2026-07-17_13-06-01.jpg",
        "spectrogram": "https://media.githubusercontent.com/media/jiakun323/geodata-visualization/refs/heads/main/spectrogram/2026-07-17_13-06-01.jpg",
        "familiarity": -14.0,
        "record_id": "record-0118"
      },
      "geometry": {
        "type": "Point",
        "coordinates": [
          113.995183,
          22.594326
        ]
      }
    },
    {
      "type": "Feature",
      "id": "record-0119",
      "properties": {
        "city": "venice",
        "timestamp": "2026-07-17 13:06:06",
        "image": "https://media.githubusercontent.com/media/jiakun323/geodata-visualization/refs/heads/main/extracted_frames/2026-07-17_13-06-06.jpg",
        "audio": "",
        "event_mark": "快速过马路，小跑两步。",
        "heart_rate": 92.0,
        "rr": 631.0,
        "temperature": 37.1,
        "attention": 48.0,
        "relaxation": 74.0,
        "sync_rate": 64.0,
        "mental_effort": -28.0,
        "pitch": -32.0,
        "yaw": 34.0,
        "roll": -8.0,
        "delta": 53923,
        "theta": 21425,
        "low_alpha": 7502,
        "high_alpha": 6121,
        "alpha": 13623,
        "low_beta": 10907,
        "high_beta": 3707,
        "beta": 14614,
        "low_gamma": 2221,
        "mid_gamma": 733,
        "gamma": 2954,
        "rank": 92.0,
        "value": 92.0,
        "hr": 92.0,
        "unit": "bpm",
        "interpolated_fields": "",
        "image_expected_filename": "2026-07-17_13-06-06.jpg",
        "spectrogram": "https://media.githubusercontent.com/media/jiakun323/geodata-visualization/refs/heads/main/spectrogram/2026-07-17_13-06-06.jpg",
        "familiarity": 14.0,
        "record_id": "record-0119"
      },
      "geometry": {
        "type": "Point",
        "coordinates": [
          113.995117,
          22.594313
        ]
      }
    },
    {
      "type": "Feature",
      "id": "record-0120",
      "properties": {
        "city": "venice",
        "timestamp": "2026-07-17 13:06:11",
        "image": "https://media.githubusercontent.com/media/jiakun323/geodata-visualization/refs/heads/main/extracted_frames/2026-07-17_13-06-11.jpg",
        "audio": "",
        "event_mark": "",
        "heart_rate": 93.0,
        "rr": 589.0,
        "temperature": 37.1,
        "attention": 40.0,
        "relaxation": 83.0,
        "sync_rate": 86.0,
        "mental_effort": -7.0,
        "pitch": -52.0,
        "yaw": 55.0,
        "roll": -5.0,
        "delta": 424662,
        "theta": 168942,
        "low_alpha": 51427,
        "high_alpha": 61597,
        "alpha": 113024,
        "low_beta": 10300,
        "high_beta": 66957,
        "beta": 77257,
        "low_gamma": 31363,
        "mid_gamma": 23218,
        "gamma": 54581,
        "rank": 93.0,
        "value": 93.0,
        "hr": 93.0,
        "unit": "bpm",
        "interpolated_fields": "",
        "image_expected_filename": "2026-07-17_13-06-11.jpg",
        "spectrogram": "https://media.githubusercontent.com/media/jiakun323/geodata-visualization/refs/heads/main/spectrogram/2026-07-17_13-06-11.jpg",
        "familiarity": -9.0,
        "record_id": "record-0120"
      },
      "geometry": {
        "type": "Point",
        "coordinates": [
          113.99506,
          22.594293
        ]
      }
    },
    {
      "type": "Feature",
      "id": "record-0121",
      "properties": {
        "city": "venice",
        "timestamp": "2026-07-17 13:06:16",
        "image": "https://media.githubusercontent.com/media/jiakun323/geodata-visualization/refs/heads/main/extracted_frames/2026-07-17_13-06-16.jpg",
        "audio": "",
        "event_mark": "",
        "heart_rate": 93.0,
        "rr": 594.0,
        "temperature": 37.0,
        "attention": 53.0,
        "relaxation": 43.0,
        "sync_rate": 22.0,
        "mental_effort": -4.0,
        "pitch": 30.0,
        "yaw": 176.0,
        "roll": -9.0,
        "delta": 630977,
        "theta": 32118,
        "low_alpha": 10664,
        "high_alpha": 8577,
        "alpha": 19241,
        "low_beta": 23330,
        "high_beta": 12712,
        "beta": 36042,
        "low_gamma": 16027,
        "mid_gamma": 2827,
        "gamma": 18854,
        "rank": 93.0,
        "value": 93.0,
        "hr": 93.0,
        "unit": "bpm",
        "interpolated_fields": "",
        "image_expected_filename": "2026-07-17_13-06-16.jpg",
        "spectrogram": "https://media.githubusercontent.com/media/jiakun323/geodata-visualization/refs/heads/main/spectrogram/2026-07-17_13-06-16.jpg",
        "familiarity": 10.0,
        "record_id": "record-0121"
      },
      "geometry": {
        "type": "Point",
        "coordinates": [
          113.995003,
          22.594272
        ]
      }
    },
    {
      "type": "Feature",
      "id": "record-0122",
      "properties": {
        "city": "venice",
        "timestamp": "2026-07-17 13:06:21",
        "image": "https://media.githubusercontent.com/media/jiakun323/geodata-visualization/refs/heads/main/extracted_frames/2026-07-17_13-06-21.jpg",
        "audio": "",
        "event_mark": "",
        "heart_rate": 94.0,
        "rr": 598.667,
        "temperature": 37.1,
        "attention": 47.0,
        "relaxation": 75.0,
        "sync_rate": 33.0,
        "mental_effort": 0.0,
        "pitch": 25.0,
        "yaw": -89.0,
        "roll": -7.0,
        "delta": 393348,
        "theta": 6298,
        "low_alpha": 7927,
        "high_alpha": 3097,
        "alpha": 11024,
        "low_beta": 2207,
        "high_beta": 1984,
        "beta": 4191,
        "low_gamma": 3788,
        "mid_gamma": 1334,
        "gamma": 5122,
        "rank": 94.0,
        "value": 94.0,
        "hr": 94.0,
        "unit": "bpm",
        "interpolated_fields": "rr",
        "image_expected_filename": "2026-07-17_13-06-21.jpg",
        "spectrogram": "https://media.githubusercontent.com/media/jiakun323/geodata-visualization/refs/heads/main/spectrogram/2026-07-17_13-06-21.jpg",
        "familiarity": 7.0,
        "record_id": "record-0122"
      },
      "geometry": {
        "type": "Point",
        "coordinates": [
          113.994947,
          22.594252
        ]
      }
    },
    {
      "type": "Feature",
      "id": "record-0123",
      "properties": {
        "city": "venice",
        "timestamp": "2026-07-17 13:06:26",
        "image": "https://media.githubusercontent.com/media/jiakun323/geodata-visualization/refs/heads/main/extracted_frames/2026-07-17_13-06-26.jpg",
        "audio": "",
        "event_mark": "",
        "heart_rate": 98.0,
        "rr": 600.0,
        "temperature": 37.1,
        "attention": 17.0,
        "relaxation": 43.0,
        "sync_rate": 68.0,
        "mental_effort": -5.0,
        "pitch": 10.0,
        "yaw": -108.0,
        "roll": -9.0,
        "delta": 707539,
        "theta": 521429,
        "low_alpha": 27649,
        "high_alpha": 32478,
        "alpha": 60127,
        "low_beta": 22545,
        "high_beta": 16440,
        "beta": 38985,
        "low_gamma": 32317,
        "mid_gamma": 13683,
        "gamma": 46000,
        "rank": 98.0,
        "value": 98.0,
        "hr": 98.0,
        "unit": "bpm",
        "interpolated_fields": "",
        "image_expected_filename": "2026-07-17_13-06-26.jpg",
        "spectrogram": "https://media.githubusercontent.com/media/jiakun323/geodata-visualization/refs/heads/main/spectrogram/2026-07-17_13-06-26.jpg",
        "familiarity": 0.0,
        "record_id": "record-0123"
      },
      "geometry": {
        "type": "Point",
        "coordinates": [
          113.99489,
          22.594232
        ]
      }
    },
    {
      "type": "Feature",
      "id": "record-0124",
      "properties": {
        "city": "venice",
        "timestamp": "2026-07-17 13:06:31",
        "image": "https://media.githubusercontent.com/media/jiakun323/geodata-visualization/refs/heads/main/extracted_frames/2026-07-17_13-06-31.jpg",
        "audio": "",
        "event_mark": "水溅到了裤子上，在收拾裤子。",
        "heart_rate": 99.0,
        "rr": 579.0,
        "temperature": 37.1,
        "attention": 48.0,
        "relaxation": 67.0,
        "sync_rate": 69.0,
        "mental_effort": -33.0,
        "pitch": 4.0,
        "yaw": -114.0,
        "roll": -4.0,
        "delta": 390809,
        "theta": 207479,
        "low_alpha": 41689,
        "high_alpha": 24795,
        "alpha": 66484,
        "low_beta": 10821,
        "high_beta": 26492,
        "beta": 37313,
        "low_gamma": 14632,
        "mid_gamma": 7828,
        "gamma": 22460,
        "rank": 99.0,
        "value": 99.0,
        "hr": 99.0,
        "unit": "bpm",
        "interpolated_fields": "",
        "image_expected_filename": "2026-07-17_13-06-31.jpg",
        "spectrogram": "https://media.githubusercontent.com/media/jiakun323/geodata-visualization/refs/heads/main/spectrogram/2026-07-17_13-06-31.jpg",
        "familiarity": -18.0,
        "record_id": "record-0124"
      },
      "geometry": {
        "type": "Point",
        "coordinates": [
          113.994834,
          22.594212
        ]
      }
    },
    {
      "type": "Feature",
      "id": "record-0125",
      "properties": {
        "city": "venice",
        "timestamp": "2026-07-17 13:06:36",
        "image": "https://media.githubusercontent.com/media/jiakun323/geodata-visualization/refs/heads/main/extracted_frames/2026-07-17_13-06-36.jpg",
        "audio": "",
        "event_mark": "",
        "heart_rate": 99.0,
        "rr": 611.92,
        "temperature": 37.1,
        "attention": 29.0,
        "relaxation": 41.0,
        "sync_rate": 82.0,
        "mental_effort": -16.0,
        "pitch": 21.0,
        "yaw": -90.0,
        "roll": -13.0,
        "delta": 743636,
        "theta": 153691,
        "low_alpha": 28101,
        "high_alpha": 26748,
        "alpha": 54849,
        "low_beta": 22111,
        "high_beta": 24882,
        "beta": 46993,
        "low_gamma": 15971,
        "mid_gamma": 19615,
        "gamma": 35586,
        "rank": 99.0,
        "value": 99.0,
        "hr": 99.0,
        "unit": "bpm",
        "interpolated_fields": "rr",
        "image_expected_filename": "2026-07-17_13-06-36.jpg",
        "spectrogram": "https://media.githubusercontent.com/media/jiakun323/geodata-visualization/refs/heads/main/spectrogram/2026-07-17_13-06-36.jpg",
        "familiarity": -1.0,
        "record_id": "record-0125"
      },
      "geometry": {
        "type": "Point",
        "coordinates": [
          113.994777,
          22.594192
        ]
      }
    },
    {
      "type": "Feature",
      "id": "record-0126",
      "properties": {
        "city": "venice",
        "timestamp": "2026-07-17 13:06:41",
        "image": "https://media.githubusercontent.com/media/jiakun323/geodata-visualization/refs/heads/main/extracted_frames/2026-07-17_13-06-41.jpg",
        "audio": "",
        "event_mark": "",
        "heart_rate": 97.0,
        "rr": 600.3,
        "temperature": 37.1,
        "attention": 47.0,
        "relaxation": 56.0,
        "sync_rate": 75.0,
        "mental_effort": -3.0,
        "pitch": 11.0,
        "yaw": -71.0,
        "roll": -1.0,
        "delta": 1526222,
        "theta": 1145725,
        "low_alpha": 65646,
        "high_alpha": 167698,
        "alpha": 233344,
        "low_beta": 225842,
        "high_beta": 98770,
        "beta": 324612,
        "low_gamma": 171229,
        "mid_gamma": 120491,
        "gamma": 291720,
        "rank": 97.0,
        "value": 97.0,
        "hr": 97.0,
        "unit": "bpm",
        "interpolated_fields": "rr",
        "image_expected_filename": "2026-07-17_13-06-41.jpg",
        "spectrogram": "https://media.githubusercontent.com/media/jiakun323/geodata-visualization/refs/heads/main/spectrogram/2026-07-17_13-06-41.jpg",
        "familiarity": -1.0,
        "record_id": "record-0126"
      },
      "geometry": {
        "type": "Point",
        "coordinates": [
          113.99472,
          22.594171
        ]
      }
    },
    {
      "type": "Feature",
      "id": "record-0127",
      "properties": {
        "city": "venice",
        "timestamp": "2026-07-17 13:06:46",
        "image": "https://media.githubusercontent.com/media/jiakun323/geodata-visualization/refs/heads/main/extracted_frames/2026-07-17_13-06-46.jpg",
        "audio": "",
        "event_mark": "",
        "heart_rate": 96.0,
        "rr": 607.0,
        "temperature": 37.1,
        "attention": 40.5,
        "relaxation": 49.0,
        "sync_rate": 69.5,
        "mental_effort": -36.5,
        "pitch": 10.5,
        "yaw": -33.0,
        "roll": -1.0,
        "delta": 567346,
        "theta": 152948,
        "low_alpha": 31582,
        "high_alpha": 26556,
        "alpha": 58138,
        "low_beta": 17968,
        "high_beta": 21218,
        "beta": 39186,
        "low_gamma": 31164,
        "mid_gamma": 6805,
        "gamma": 37970,
        "rank": 96.0,
        "value": 96.0,
        "hr": 96.0,
        "unit": "bpm",
        "interpolated_fields": "attention, relaxation, delta, theta, low_alpha, high_alpha, low_beta, high_beta, low_gamma, mid_gamma, pitch, yaw, roll, sync_rate, mental_effort, familarity, temperature, heart_rate",
        "image_expected_filename": "2026-07-17_13-06-46.jpg",
        "spectrogram": "https://media.githubusercontent.com/media/jiakun323/geodata-visualization/refs/heads/main/spectrogram/2026-07-17_13-06-46.jpg",
        "familiarity": -1.5,
        "record_id": "record-0127"
      },
      "geometry": {
        "type": "Point",
        "coordinates": [
          113.994664,
          22.594151
        ]
      }
    },
    {
      "type": "Feature",
      "id": "record-0128",
      "properties": {
        "city": "venice",
        "timestamp": "2026-07-17 13:06:51",
        "image": "https://media.githubusercontent.com/media/jiakun323/geodata-visualization/refs/heads/main/extracted_frames/2026-07-17_13-06-51.jpg",
        "audio": "",
        "event_mark": "",
        "heart_rate": 96.0,
        "rr": 587.057,
        "temperature": 37.1,
        "attention": 48.0,
        "relaxation": 30.0,
        "sync_rate": 28.0,
        "mental_effort": -22.0,
        "pitch": 20.0,
        "yaw": -53.0,
        "roll": -9.0,
        "delta": 482346,
        "theta": 338191,
        "low_alpha": 37126,
        "high_alpha": 11391,
        "alpha": 48517,
        "low_beta": 10730,
        "high_beta": 11863,
        "beta": 22593,
        "low_gamma": 22783,
        "mid_gamma": 5583,
        "gamma": 28366,
        "rank": 96.0,
        "value": 96.0,
        "hr": 96.0,
        "unit": "bpm",
        "interpolated_fields": "rr",
        "image_expected_filename": "2026-07-17_13-06-51.jpg",
        "spectrogram": "https://media.githubusercontent.com/media/jiakun323/geodata-visualization/refs/heads/main/spectrogram/2026-07-17_13-06-51.jpg",
        "familiarity": -21.0,
        "record_id": "record-0128"
      },
      "geometry": {
        "type": "Point",
        "coordinates": [
          113.994629,
          22.594135
        ]
      }
    },
    {
      "type": "Feature",
      "id": "record-0129",
      "properties": {
        "city": "venice",
        "timestamp": "2026-07-17 13:06:56",
        "image": "https://media.githubusercontent.com/media/jiakun323/geodata-visualization/refs/heads/main/extracted_frames/2026-07-17_13-06-56.jpg",
        "audio": "",
        "event_mark": "",
        "heart_rate": 96.0,
        "rr": 613.743,
        "temperature": 37.1,
        "attention": 50.0,
        "relaxation": 70.0,
        "sync_rate": 61.0,
        "mental_effort": -26.0,
        "pitch": 31.0,
        "yaw": 8.0,
        "roll": -7.0,
        "delta": 1695576,
        "theta": 309344,
        "low_alpha": 155165,
        "high_alpha": 12828,
        "alpha": 167993,
        "low_beta": 27640,
        "high_beta": 64979,
        "beta": 92619,
        "low_gamma": 68973,
        "mid_gamma": 36915,
        "gamma": 105888,
        "rank": 96.0,
        "value": 96.0,
        "hr": 96.0,
        "unit": "bpm",
        "interpolated_fields": "rr",
        "image_expected_filename": "2026-07-17_13-06-56.jpg",
        "spectrogram": "https://media.githubusercontent.com/media/jiakun323/geodata-visualization/refs/heads/main/spectrogram/2026-07-17_13-06-56.jpg",
        "familiarity": 8.0,
        "record_id": "record-0129"
      },
      "geometry": {
        "type": "Point",
        "coordinates": [
          113.994609,
          22.594121
        ]
      }
    },
    {
      "type": "Feature",
      "id": "record-0130",
      "properties": {
        "city": "venice",
        "timestamp": "2026-07-17 13:07:01",
        "image": "https://media.githubusercontent.com/media/jiakun323/geodata-visualization/refs/heads/main/extracted_frames/2026-07-17_13-07-01.jpg",
        "audio": "",
        "event_mark": "",
        "heart_rate": 97.0,
        "rr": 622.0,
        "temperature": 37.1,
        "attention": 38.0,
        "relaxation": 77.0,
        "sync_rate": 34.0,
        "mental_effort": -24.0,
        "pitch": 7.0,
        "yaw": 24.0,
        "roll": -5.0,
        "delta": 155308,
        "theta": 47036,
        "low_alpha": 30907,
        "high_alpha": 15798,
        "alpha": 46705,
        "low_beta": 25285,
        "high_beta": 12231,
        "beta": 37516,
        "low_gamma": 12559,
        "mid_gamma": 8481,
        "gamma": 21040,
        "rank": 97.0,
        "value": 97.0,
        "hr": 97.0,
        "unit": "bpm",
        "interpolated_fields": "",
        "image_expected_filename": "2026-07-17_13-07-01.jpg",
        "spectrogram": "https://media.githubusercontent.com/media/jiakun323/geodata-visualization/refs/heads/main/spectrogram/2026-07-17_13-07-01.jpg",
        "familiarity": 1.0,
        "record_id": "record-0130"
      },
      "geometry": {
        "type": "Point",
        "coordinates": [
          113.994589,
          22.594107
        ]
      }
    },
    {
      "type": "Feature",
      "id": "record-0131",
      "properties": {
        "city": "venice",
        "timestamp": "2026-07-17 13:07:06",
        "image": "https://media.githubusercontent.com/media/jiakun323/geodata-visualization/refs/heads/main/extracted_frames/2026-07-17_13-07-06.jpg",
        "audio": "",
        "event_mark": "",
        "heart_rate": 96.0,
        "rr": 664.5,
        "temperature": 37.1,
        "attention": 37.0,
        "relaxation": 40.0,
        "sync_rate": 39.0,
        "mental_effort": -22.0,
        "pitch": 20.0,
        "yaw": 60.0,
        "roll": -10.0,
        "delta": 860892,
        "theta": 89558,
        "low_alpha": 23245,
        "high_alpha": 9786,
        "alpha": 33031,
        "low_beta": 10136,
        "high_beta": 24375,
        "beta": 34511,
        "low_gamma": 10200,
        "mid_gamma": 7407,
        "gamma": 17607,
        "rank": 96.0,
        "value": 96.0,
        "hr": 96.0,
        "unit": "bpm",
        "interpolated_fields": "",
        "image_expected_filename": "2026-07-17_13-07-06.jpg",
        "spectrogram": "https://media.githubusercontent.com/media/jiakun323/geodata-visualization/refs/heads/main/spectrogram/2026-07-17_13-07-06.jpg",
        "familiarity": -4.0,
        "record_id": "record-0131"
      },
      "geometry": {
        "type": "Point",
        "coordinates": [
          113.994568,
          22.594092
        ]
      }
    },
    {
      "type": "Feature",
      "id": "record-0132",
      "properties": {
        "city": "venice",
        "timestamp": "2026-07-17 13:07:11",
        "image": "https://media.githubusercontent.com/media/jiakun323/geodata-visualization/refs/heads/main/extracted_frames/2026-07-17_13-07-11.jpg",
        "audio": "",
        "event_mark": "",
        "heart_rate": 95.0,
        "rr": 618.0,
        "temperature": 37.1,
        "attention": 41.0,
        "relaxation": 69.0,
        "sync_rate": 53.0,
        "mental_effort": -27.0,
        "pitch": 13.0,
        "yaw": 80.0,
        "roll": -3.0,
        "delta": 148923,
        "theta": 51852,
        "low_alpha": 32591,
        "high_alpha": 4251,
        "alpha": 36842,
        "low_beta": 13350,
        "high_beta": 9876,
        "beta": 23226,
        "low_gamma": 11824,
        "mid_gamma": 3192,
        "gamma": 15016,
        "rank": 95.0,
        "value": 95.0,
        "hr": 95.0,
        "unit": "bpm",
        "interpolated_fields": "",
        "image_expected_filename": "2026-07-17_13-07-11.jpg",
        "spectrogram": "https://media.githubusercontent.com/media/jiakun323/geodata-visualization/refs/heads/main/spectrogram/2026-07-17_13-07-11.jpg",
        "familiarity": -2.0,
        "record_id": "record-0132"
      },
      "geometry": {
        "type": "Point",
        "coordinates": [
          113.994548,
          22.594078
        ]
      }
    },
    {
      "type": "Feature",
      "id": "record-0133",
      "properties": {
        "city": "venice",
        "timestamp": "2026-07-17 13:07:16",
        "image": "https://media.githubusercontent.com/media/jiakun323/geodata-visualization/refs/heads/main/extracted_frames/2026-07-17_13-07-16.jpg",
        "audio": "",
        "event_mark": "",
        "heart_rate": 95.0,
        "rr": 571.4,
        "temperature": 37.1,
        "attention": 34.0,
        "relaxation": 57.0,
        "sync_rate": 56.0,
        "mental_effort": -20.0,
        "pitch": -19.0,
        "yaw": 76.0,
        "roll": -8.0,
        "delta": 400181,
        "theta": 69452,
        "low_alpha": 13578,
        "high_alpha": 6432,
        "alpha": 20010,
        "low_beta": 19573,
        "high_beta": 10382,
        "beta": 29955,
        "low_gamma": 19274,
        "mid_gamma": 9675,
        "gamma": 28949,
        "rank": 95.0,
        "value": 95.0,
        "hr": 95.0,
        "unit": "bpm",
        "interpolated_fields": "",
        "image_expected_filename": "2026-07-17_13-07-16.jpg",
        "spectrogram": "https://media.githubusercontent.com/media/jiakun323/geodata-visualization/refs/heads/main/spectrogram/2026-07-17_13-07-16.jpg",
        "familiarity": -6.0,
        "record_id": "record-0133"
      },
      "geometry": {
        "type": "Point",
        "coordinates": [
          113.994528,
          22.594064
        ]
      }
    },
    {
      "type": "Feature",
      "id": "record-0134",
      "properties": {
        "city": "venice",
        "timestamp": "2026-07-17 13:07:21",
        "image": "https://media.githubusercontent.com/media/jiakun323/geodata-visualization/refs/heads/main/extracted_frames/2026-07-17_13-07-21.jpg",
        "audio": "",
        "event_mark": "",
        "heart_rate": 98.0,
        "rr": 672.75,
        "temperature": 37.1,
        "attention": 24.0,
        "relaxation": 40.0,
        "sync_rate": 70.0,
        "mental_effort": -6.0,
        "pitch": 16.0,
        "yaw": 114.0,
        "roll": -13.0,
        "delta": 758147,
        "theta": 122818,
        "low_alpha": 26809,
        "high_alpha": 23321,
        "alpha": 50130,
        "low_beta": 9511,
        "high_beta": 15007,
        "beta": 24518,
        "low_gamma": 12315,
        "mid_gamma": 6157,
        "gamma": 18472,
        "rank": 98.0,
        "value": 98.0,
        "hr": 98.0,
        "unit": "bpm",
        "interpolated_fields": "rr",
        "image_expected_filename": "2026-07-17_13-07-21.jpg",
        "spectrogram": "https://media.githubusercontent.com/media/jiakun323/geodata-visualization/refs/heads/main/spectrogram/2026-07-17_13-07-21.jpg",
        "familiarity": -3.0,
        "record_id": "record-0134"
      },
      "geometry": {
        "type": "Point",
        "coordinates": [
          113.994508,
          22.59405
        ]
      }
    },
    {
      "type": "Feature",
      "id": "record-0135",
      "properties": {
        "city": "venice",
        "timestamp": "2026-07-17 13:07:26",
        "image": "https://media.githubusercontent.com/media/jiakun323/geodata-visualization/refs/heads/main/extracted_frames/2026-07-17_13-07-26.jpg",
        "audio": "",
        "event_mark": "",
        "heart_rate": 97.0,
        "rr": 621.5,
        "temperature": 37.1,
        "attention": 35.0,
        "relaxation": 63.0,
        "sync_rate": 52.0,
        "mental_effort": -24.0,
        "pitch": 0.0,
        "yaw": 115.0,
        "roll": -1.0,
        "delta": 1445889,
        "theta": 295130,
        "low_alpha": 28215,
        "high_alpha": 34311,
        "alpha": 62526,
        "low_beta": 10681,
        "high_beta": 29626,
        "beta": 40307,
        "low_gamma": 28319,
        "mid_gamma": 19422,
        "gamma": 47741,
        "rank": 97.0,
        "value": 97.0,
        "hr": 97.0,
        "unit": "bpm",
        "interpolated_fields": "rr",
        "image_expected_filename": "2026-07-17_13-07-26.jpg",
        "spectrogram": "https://media.githubusercontent.com/media/jiakun323/geodata-visualization/refs/heads/main/spectrogram/2026-07-17_13-07-26.jpg",
        "familiarity": 2.0,
        "record_id": "record-0135"
      },
      "geometry": {
        "type": "Point",
        "coordinates": [
          113.994488,
          22.594036
        ]
      }
    },
    {
      "type": "Feature",
      "id": "record-0136",
      "properties": {
        "city": "venice",
        "timestamp": "2026-07-17 13:07:31",
        "image": "https://media.githubusercontent.com/media/jiakun323/geodata-visualization/refs/heads/main/extracted_frames/2026-07-17_13-07-31.jpg",
        "audio": "",
        "event_mark": "",
        "heart_rate": 93.0,
        "rr": 642.0,
        "temperature": 37.1,
        "attention": 63.0,
        "relaxation": 57.0,
        "sync_rate": 54.0,
        "mental_effort": -15.0,
        "pitch": 18.0,
        "yaw": 141.0,
        "roll": -12.0,
        "delta": 154364,
        "theta": 19096,
        "low_alpha": 5370,
        "high_alpha": 8797,
        "alpha": 14167,
        "low_beta": 3933,
        "high_beta": 5473,
        "beta": 9406,
        "low_gamma": 3613,
        "mid_gamma": 3200,
        "gamma": 6813,
        "rank": 93.0,
        "value": 93.0,
        "hr": 93.0,
        "unit": "bpm",
        "interpolated_fields": "",
        "image_expected_filename": "2026-07-17_13-07-31.jpg",
        "spectrogram": "https://media.githubusercontent.com/media/jiakun323/geodata-visualization/refs/heads/main/spectrogram/2026-07-17_13-07-31.jpg",
        "familiarity": 20.0,
        "record_id": "record-0136"
      },
      "geometry": {
        "type": "Point",
        "coordinates": [
          113.994468,
          22.594022
        ]
      }
    },
    {
      "type": "Feature",
      "id": "record-0137",
      "properties": {
        "city": "venice",
        "timestamp": "2026-07-17 13:07:36",
        "image": "https://media.githubusercontent.com/media/jiakun323/geodata-visualization/refs/heads/main/extracted_frames/2026-07-17_13-07-36.jpg",
        "audio": "",
        "event_mark": "",
        "heart_rate": 92.0,
        "rr": 621.625,
        "temperature": 37.0,
        "attention": 74.0,
        "relaxation": 66.0,
        "sync_rate": 38.0,
        "mental_effort": 32.0,
        "pitch": 35.0,
        "yaw": 151.0,
        "roll": -9.0,
        "delta": 47873,
        "theta": 13473,
        "low_alpha": 2347,
        "high_alpha": 3205,
        "alpha": 5552,
        "low_beta": 1452,
        "high_beta": 3372,
        "beta": 4824,
        "low_gamma": 1904,
        "mid_gamma": 1590,
        "gamma": 3494,
        "rank": 92.0,
        "value": 92.0,
        "hr": 92.0,
        "unit": "bpm",
        "interpolated_fields": "rr",
        "image_expected_filename": "2026-07-17_13-07-36.jpg",
        "spectrogram": "https://media.githubusercontent.com/media/jiakun323/geodata-visualization/refs/heads/main/spectrogram/2026-07-17_13-07-36.jpg",
        "familiarity": 9.0,
        "record_id": "record-0137"
      },
      "geometry": {
        "type": "Point",
        "coordinates": [
          113.994447,
          22.594008
        ]
      }
    },
    {
      "type": "Feature",
      "id": "record-0138",
      "properties": {
        "city": "venice",
        "timestamp": "2026-07-17 13:07:41",
        "image": "https://media.githubusercontent.com/media/jiakun323/geodata-visualization/refs/heads/main/extracted_frames/2026-07-17_13-07-41.jpg",
        "audio": "",
        "event_mark": "",
        "heart_rate": 93.0,
        "rr": 634.25,
        "temperature": 37.0,
        "attention": 88.0,
        "relaxation": 78.0,
        "sync_rate": 64.0,
        "mental_effort": 3.0,
        "pitch": 19.0,
        "yaw": -164.0,
        "roll": -1.0,
        "delta": 52160,
        "theta": 10849,
        "low_alpha": 17799,
        "high_alpha": 46633,
        "alpha": 64432,
        "low_beta": 42609,
        "high_beta": 44716,
        "beta": 87325,
        "low_gamma": 26457,
        "mid_gamma": 3931,
        "gamma": 30388,
        "rank": 93.0,
        "value": 93.0,
        "hr": 93.0,
        "unit": "bpm",
        "interpolated_fields": "",
        "image_expected_filename": "2026-07-17_13-07-41.jpg",
        "spectrogram": "https://media.githubusercontent.com/media/jiakun323/geodata-visualization/refs/heads/main/spectrogram/2026-07-17_13-07-41.jpg",
        "familiarity": 10.0,
        "record_id": "record-0138"
      },
      "geometry": {
        "type": "Point",
        "coordinates": [
          113.994427,
          22.593994
        ]
      }
    },
    {
      "type": "Feature",
      "id": "record-0139",
      "properties": {
        "city": "venice",
        "timestamp": "2026-07-17 13:07:46",
        "image": "https://media.githubusercontent.com/media/jiakun323/geodata-visualization/refs/heads/main/extracted_frames/2026-07-17_13-07-46.jpg",
        "audio": "",
        "event_mark": "",
        "heart_rate": 93.0,
        "rr": 660.0,
        "temperature": 37.0,
        "attention": 26.0,
        "relaxation": 60.0,
        "sync_rate": 74.0,
        "mental_effort": -8.0,
        "pitch": -29.0,
        "yaw": -150.0,
        "roll": -2.0,
        "delta": 1977254,
        "theta": 273508,
        "low_alpha": 59180,
        "high_alpha": 20502,
        "alpha": 79682,
        "low_beta": 15789,
        "high_beta": 28238,
        "beta": 44027,
        "low_gamma": 26246,
        "mid_gamma": 10063,
        "gamma": 36309,
        "rank": 93.0,
        "value": 93.0,
        "hr": 93.0,
        "unit": "bpm",
        "interpolated_fields": "",
        "image_expected_filename": "2026-07-17_13-07-46.jpg",
        "spectrogram": "https://media.githubusercontent.com/media/jiakun323/geodata-visualization/refs/heads/main/spectrogram/2026-07-17_13-07-46.jpg",
        "familiarity": 14.0,
        "record_id": "record-0139"
      },
      "geometry": {
        "type": "Point",
        "coordinates": [
          113.994407,
          22.59398
        ]
      }
    },
    {
      "type": "Feature",
      "id": "record-0140",
      "properties": {
        "city": "venice",
        "timestamp": "2026-07-17 13:07:51",
        "image": "https://media.githubusercontent.com/media/jiakun323/geodata-visualization/refs/heads/main/extracted_frames/2026-07-17_13-07-51.jpg",
        "audio": "",
        "event_mark": "",
        "heart_rate": 93.0,
        "rr": 618.0,
        "temperature": 37.0,
        "attention": 30.0,
        "relaxation": 57.0,
        "sync_rate": 41.0,
        "mental_effort": 13.0,
        "pitch": 24.0,
        "yaw": -111.0,
        "roll": -13.0,
        "delta": 493515,
        "theta": 100081,
        "low_alpha": 3628,
        "high_alpha": 5422,
        "alpha": 9050,
        "low_beta": 5081,
        "high_beta": 11715,
        "beta": 16796,
        "low_gamma": 14930,
        "mid_gamma": 3264,
        "gamma": 18194,
        "rank": 93.0,
        "value": 93.0,
        "hr": 93.0,
        "unit": "bpm",
        "interpolated_fields": "",
        "image_expected_filename": "2026-07-17_13-07-51.jpg",
        "spectrogram": "https://media.githubusercontent.com/media/jiakun323/geodata-visualization/refs/heads/main/spectrogram/2026-07-17_13-07-51.jpg",
        "familiarity": -13.0,
        "record_id": "record-0140"
      },
      "geometry": {
        "type": "Point",
        "coordinates": [
          113.994379,
          22.593968
        ]
      }
    },
    {
      "type": "Feature",
      "id": "record-0141",
      "properties": {
        "city": "venice",
        "timestamp": "2026-07-17 13:07:56",
        "image": "https://media.githubusercontent.com/media/jiakun323/geodata-visualization/refs/heads/main/extracted_frames/2026-07-17_13-07-56.jpg",
        "audio": "",
        "event_mark": "",
        "heart_rate": 93.0,
        "rr": 618.0,
        "temperature": 37.0,
        "attention": 60.0,
        "relaxation": 47.0,
        "sync_rate": 29.0,
        "mental_effort": -28.0,
        "pitch": 20.0,
        "yaw": -78.0,
        "roll": -16.0,
        "delta": 1749968,
        "theta": 118049,
        "low_alpha": 44051,
        "high_alpha": 10222,
        "alpha": 54273,
        "low_beta": 19782,
        "high_beta": 24356,
        "beta": 44138,
        "low_gamma": 18811,
        "mid_gamma": 5672,
        "gamma": 24483,
        "rank": 93.0,
        "value": 93.0,
        "hr": 93.0,
        "unit": "bpm",
        "interpolated_fields": "",
        "image_expected_filename": "2026-07-17_13-07-56.jpg",
        "spectrogram": "https://media.githubusercontent.com/media/jiakun323/geodata-visualization/refs/heads/main/spectrogram/2026-07-17_13-07-56.jpg",
        "familiarity": 5.0,
        "record_id": "record-0141"
      },
      "geometry": {
        "type": "Point",
        "coordinates": [
          113.994318,
          22.593964
        ]
      }
    },
    {
      "type": "Feature",
      "id": "record-0142",
      "properties": {
        "city": "venice",
        "timestamp": "2026-07-17 13:08:01",
        "image": "https://media.githubusercontent.com/media/jiakun323/geodata-visualization/refs/heads/main/extracted_frames/2026-07-17_13-08-01.jpg",
        "audio": "",
        "event_mark": "",
        "heart_rate": 95.0,
        "rr": 597.0,
        "temperature": 37.0,
        "attention": 84.0,
        "relaxation": 50.0,
        "sync_rate": 65.0,
        "mental_effort": -3.0,
        "pitch": 8.0,
        "yaw": -38.0,
        "roll": -11.0,
        "delta": 219113,
        "theta": 14077,
        "low_alpha": 6144,
        "high_alpha": 4903,
        "alpha": 11047,
        "low_beta": 6681,
        "high_beta": 9248,
        "beta": 15929,
        "low_gamma": 5719,
        "mid_gamma": 2014,
        "gamma": 7733,
        "rank": 95.0,
        "value": 95.0,
        "hr": 95.0,
        "unit": "bpm",
        "interpolated_fields": "rr",
        "image_expected_filename": "2026-07-17_13-08-01.jpg",
        "spectrogram": "https://media.githubusercontent.com/media/jiakun323/geodata-visualization/refs/heads/main/spectrogram/2026-07-17_13-08-01.jpg",
        "familiarity": 6.0,
        "record_id": "record-0142"
      },
      "geometry": {
        "type": "Point",
        "coordinates": [
          113.994258,
          22.59396
        ]
      }
    },
    {
      "type": "Feature",
      "id": "record-0143",
      "properties": {
        "city": "venice",
        "timestamp": "2026-07-17 13:08:06",
        "image": "https://media.githubusercontent.com/media/jiakun323/geodata-visualization/refs/heads/main/extracted_frames/2026-07-17_13-08-06.jpg",
        "audio": "",
        "event_mark": "",
        "heart_rate": 97.0,
        "rr": 625.5,
        "temperature": 36.9,
        "attention": 47.0,
        "relaxation": 74.0,
        "sync_rate": 57.0,
        "mental_effort": -31.0,
        "pitch": 14.0,
        "yaw": 6.0,
        "roll": -14.0,
        "delta": 167521,
        "theta": 10847,
        "low_alpha": 7223,
        "high_alpha": 2124,
        "alpha": 9347,
        "low_beta": 2317,
        "high_beta": 5039,
        "beta": 7356,
        "low_gamma": 6215,
        "mid_gamma": 1797,
        "gamma": 8012,
        "rank": 97.0,
        "value": 97.0,
        "hr": 97.0,
        "unit": "bpm",
        "interpolated_fields": "",
        "image_expected_filename": "2026-07-17_13-08-06.jpg",
        "spectrogram": "https://media.githubusercontent.com/media/jiakun323/geodata-visualization/refs/heads/main/spectrogram/2026-07-17_13-08-06.jpg",
        "familiarity": 0.0,
        "record_id": "record-0143"
      },
      "geometry": {
        "type": "Point",
        "coordinates": [
          113.994197,
          22.593956
        ]
      }
    },
    {
      "type": "Feature",
      "id": "record-0144",
      "properties": {
        "city": "venice",
        "timestamp": "2026-07-17 13:08:11",
        "image": "https://media.githubusercontent.com/media/jiakun323/geodata-visualization/refs/heads/main/extracted_frames/2026-07-17_13-08-11.jpg",
        "audio": "",
        "event_mark": "",
        "heart_rate": 96.0,
        "rr": 648.067,
        "temperature": 36.9,
        "attention": 81.0,
        "relaxation": 63.0,
        "sync_rate": 47.0,
        "mental_effort": -16.0,
        "pitch": 14.0,
        "yaw": 75.0,
        "roll": -15.0,
        "delta": 29673,
        "theta": 8137,
        "low_alpha": 6640,
        "high_alpha": 1778,
        "alpha": 8418,
        "low_beta": 1106,
        "high_beta": 5489,
        "beta": 6595,
        "low_gamma": 2818,
        "mid_gamma": 2481,
        "gamma": 5299,
        "rank": 96.0,
        "value": 96.0,
        "hr": 96.0,
        "unit": "bpm",
        "interpolated_fields": "rr",
        "image_expected_filename": "2026-07-17_13-08-11.jpg",
        "spectrogram": "https://media.githubusercontent.com/media/jiakun323/geodata-visualization/refs/heads/main/spectrogram/2026-07-17_13-08-11.jpg",
        "familiarity": 1.0,
        "record_id": "record-0144"
      },
      "geometry": {
        "type": "Point",
        "coordinates": [
          113.994154,
          22.593943
        ]
      }
    },
    {
      "type": "Feature",
      "id": "record-0145",
      "properties": {
        "city": "venice",
        "timestamp": "2026-07-17 13:08:16",
        "image": "https://media.githubusercontent.com/media/jiakun323/geodata-visualization/refs/heads/main/extracted_frames/2026-07-17_13-08-16.jpg",
        "audio": "",
        "event_mark": "",
        "heart_rate": 93.0,
        "rr": 650.5,
        "temperature": 36.9,
        "attention": 81.0,
        "relaxation": 54.0,
        "sync_rate": 39.0,
        "mental_effort": -20.0,
        "pitch": 0.0,
        "yaw": 41.0,
        "roll": 0.0,
        "delta": 1722807,
        "theta": 290968,
        "low_alpha": 13912,
        "high_alpha": 34465,
        "alpha": 48377,
        "low_beta": 13440,
        "high_beta": 63060,
        "beta": 76500,
        "low_gamma": 45142,
        "mid_gamma": 13681,
        "gamma": 58823,
        "rank": 93.0,
        "value": 93.0,
        "hr": 93.0,
        "unit": "bpm",
        "interpolated_fields": "",
        "image_expected_filename": "2026-07-17_13-08-16.jpg",
        "spectrogram": "https://media.githubusercontent.com/media/jiakun323/geodata-visualization/refs/heads/main/spectrogram/2026-07-17_13-08-16.jpg",
        "familiarity": 5.0,
        "record_id": "record-0145"
      },
      "geometry": {
        "type": "Point",
        "coordinates": [
          113.994137,
          22.593914
        ]
      }
    },
    {
      "type": "Feature",
      "id": "record-0146",
      "properties": {
        "city": "venice",
        "timestamp": "2026-07-17 13:08:21",
        "image": "https://media.githubusercontent.com/media/jiakun323/geodata-visualization/refs/heads/main/extracted_frames/2026-07-17_13-08-21.jpg",
        "audio": "",
        "event_mark": "",
        "heart_rate": 91.0,
        "rr": 665.0,
        "temperature": 36.9,
        "attention": 70.0,
        "relaxation": 56.0,
        "sync_rate": 36.0,
        "mental_effort": -37.0,
        "pitch": -19.0,
        "yaw": 85.0,
        "roll": -5.0,
        "delta": 385070,
        "theta": 104569,
        "low_alpha": 92406,
        "high_alpha": 30380,
        "alpha": 122786,
        "low_beta": 1782,
        "high_beta": 45649,
        "beta": 47431,
        "low_gamma": 21586,
        "mid_gamma": 9561,
        "gamma": 31147,
        "rank": 91.0,
        "value": 91.0,
        "hr": 91.0,
        "unit": "bpm",
        "interpolated_fields": "",
        "image_expected_filename": "2026-07-17_13-08-21.jpg",
        "spectrogram": "https://media.githubusercontent.com/media/jiakun323/geodata-visualization/refs/heads/main/spectrogram/2026-07-17_13-08-21.jpg",
        "familiarity": -22.0,
        "record_id": "record-0146"
      },
      "geometry": {
        "type": "Point",
        "coordinates": [
          113.994119,
          22.593886
        ]
      }
    },
    {
      "type": "Feature",
      "id": "record-0147",
      "properties": {
        "city": "venice",
        "timestamp": "2026-07-17 13:08:26",
        "image": "https://media.githubusercontent.com/media/jiakun323/geodata-visualization/refs/heads/main/extracted_frames/2026-07-17_13-08-26.jpg",
        "audio": "",
        "event_mark": "",
        "heart_rate": 89.0,
        "rr": 651.0,
        "temperature": 36.9,
        "attention": 56.0,
        "relaxation": 56.0,
        "sync_rate": 29.0,
        "mental_effort": -33.0,
        "pitch": 18.0,
        "yaw": 52.0,
        "roll": -10.0,
        "delta": 112251,
        "theta": 92854,
        "low_alpha": 9912,
        "high_alpha": 14789,
        "alpha": 24701,
        "low_beta": 2614,
        "high_beta": 5715,
        "beta": 8329,
        "low_gamma": 5889,
        "mid_gamma": 2105,
        "gamma": 7994,
        "rank": 89.0,
        "value": 89.0,
        "hr": 89.0,
        "unit": "bpm",
        "interpolated_fields": "",
        "image_expected_filename": "2026-07-17_13-08-26.jpg",
        "spectrogram": "https://media.githubusercontent.com/media/jiakun323/geodata-visualization/refs/heads/main/spectrogram/2026-07-17_13-08-26.jpg",
        "familiarity": -5.0,
        "record_id": "record-0147"
      },
      "geometry": {
        "type": "Point",
        "coordinates": [
          113.994102,
          22.593858
        ]
      }
    },
    {
      "type": "Feature",
      "id": "record-0148",
      "properties": {
        "city": "venice",
        "timestamp": "2026-07-17 13:08:31",
        "image": "https://media.githubusercontent.com/media/jiakun323/geodata-visualization/refs/heads/main/extracted_frames/2026-07-17_13-08-31.jpg",
        "audio": "",
        "event_mark": "",
        "heart_rate": 89.0,
        "rr": 629.5,
        "temperature": 36.9,
        "attention": 54.0,
        "relaxation": 88.0,
        "sync_rate": 36.0,
        "mental_effort": -21.0,
        "pitch": 16.0,
        "yaw": 66.0,
        "roll": -18.0,
        "delta": 600032,
        "theta": 22471,
        "low_alpha": 12263,
        "high_alpha": 5083,
        "alpha": 17346,
        "low_beta": 6590,
        "high_beta": 19742,
        "beta": 26332,
        "low_gamma": 7594,
        "mid_gamma": 1723,
        "gamma": 9317,
        "rank": 89.0,
        "value": 89.0,
        "hr": 89.0,
        "unit": "bpm",
        "interpolated_fields": "",
        "image_expected_filename": "2026-07-17_13-08-31.jpg",
        "spectrogram": "https://media.githubusercontent.com/media/jiakun323/geodata-visualization/refs/heads/main/spectrogram/2026-07-17_13-08-31.jpg",
        "familiarity": 24.0,
        "record_id": "record-0148"
      },
      "geometry": {
        "type": "Point",
        "coordinates": [
          113.994085,
          22.593829
        ]
      }
    },
    {
      "type": "Feature",
      "id": "record-0149",
      "properties": {
        "city": "venice",
        "timestamp": "2026-07-17 13:08:36",
        "image": "https://media.githubusercontent.com/media/jiakun323/geodata-visualization/refs/heads/main/extracted_frames/2026-07-17_13-08-36.jpg",
        "audio": "",
        "event_mark": "",
        "heart_rate": 91.0,
        "rr": 684.0,
        "temperature": 36.9,
        "attention": 50.0,
        "relaxation": 48.0,
        "sync_rate": 42.0,
        "mental_effort": -7.0,
        "pitch": 8.0,
        "yaw": 131.0,
        "roll": -5.0,
        "delta": 3273686,
        "theta": 199261,
        "low_alpha": 9645,
        "high_alpha": 16651,
        "alpha": 26296,
        "low_beta": 36999,
        "high_beta": 22224,
        "beta": 59223,
        "low_gamma": 34844,
        "mid_gamma": 22690,
        "gamma": 57534,
        "rank": 91.0,
        "value": 91.0,
        "hr": 91.0,
        "unit": "bpm",
        "interpolated_fields": "",
        "image_expected_filename": "2026-07-17_13-08-36.jpg",
        "spectrogram": "https://media.githubusercontent.com/media/jiakun323/geodata-visualization/refs/heads/main/spectrogram/2026-07-17_13-08-36.jpg",
        "familiarity": -8.0,
        "record_id": "record-0149"
      },
      "geometry": {
        "type": "Point",
        "coordinates": [
          113.994067,
          22.593801
        ]
      }
    },
    {
      "type": "Feature",
      "id": "record-0150",
      "properties": {
        "city": "venice",
        "timestamp": "2026-07-17 13:08:41",
        "image": "https://media.githubusercontent.com/media/jiakun323/geodata-visualization/refs/heads/main/extracted_frames/2026-07-17_13-08-41.jpg",
        "audio": "",
        "event_mark": "",
        "heart_rate": 91.0,
        "rr": 630.0,
        "temperature": 36.9,
        "attention": 27.0,
        "relaxation": 38.0,
        "sync_rate": 59.0,
        "mental_effort": -23.0,
        "pitch": 20.0,
        "yaw": 159.0,
        "roll": 2.0,
        "delta": 1758071,
        "theta": 314882,
        "low_alpha": 19419,
        "high_alpha": 2842,
        "alpha": 22261,
        "low_beta": 5775,
        "high_beta": 40799,
        "beta": 46574,
        "low_gamma": 10775,
        "mid_gamma": 7448,
        "gamma": 18223,
        "rank": 91.0,
        "value": 91.0,
        "hr": 91.0,
        "unit": "bpm",
        "interpolated_fields": "",
        "image_expected_filename": "2026-07-17_13-08-41.jpg",
        "spectrogram": "https://media.githubusercontent.com/media/jiakun323/geodata-visualization/refs/heads/main/spectrogram/2026-07-17_13-08-41.jpg",
        "familiarity": -2.0,
        "record_id": "record-0150"
      },
      "geometry": {
        "type": "Point",
        "coordinates": [
          113.99405,
          22.593773
        ]
      }
    },
    {
      "type": "Feature",
      "id": "record-0151",
      "properties": {
        "city": "venice",
        "timestamp": "2026-07-17 13:08:46",
        "image": "https://media.githubusercontent.com/media/jiakun323/geodata-visualization/refs/heads/main/extracted_frames/2026-07-17_13-08-46.jpg",
        "audio": "",
        "event_mark": "",
        "heart_rate": 90.0,
        "rr": 646.0,
        "temperature": 36.9,
        "attention": 63.0,
        "relaxation": 57.0,
        "sync_rate": 56.0,
        "mental_effort": -31.0,
        "pitch": 25.0,
        "yaw": 166.0,
        "roll": -1.0,
        "delta": 1044286,
        "theta": 183764,
        "low_alpha": 16103,
        "high_alpha": 16937,
        "alpha": 33040,
        "low_beta": 16672,
        "high_beta": 28249,
        "beta": 44921,
        "low_gamma": 22074,
        "mid_gamma": 4440,
        "gamma": 26514,
        "rank": 90.0,
        "value": 90.0,
        "hr": 90.0,
        "unit": "bpm",
        "interpolated_fields": "",
        "image_expected_filename": "2026-07-17_13-08-46.jpg",
        "spectrogram": "https://media.githubusercontent.com/media/jiakun323/geodata-visualization/refs/heads/main/spectrogram/2026-07-17_13-08-46.jpg",
        "familiarity": -13.0,
        "record_id": "record-0151"
      },
      "geometry": {
        "type": "Point",
        "coordinates": [
          113.994033,
          22.593745
        ]
      }
    },
    {
      "type": "Feature",
      "id": "record-0152",
      "properties": {
        "city": "venice",
        "timestamp": "2026-07-17 13:08:51",
        "image": "https://media.githubusercontent.com/media/jiakun323/geodata-visualization/refs/heads/main/extracted_frames/2026-07-17_13-08-51.jpg",
        "audio": "",
        "event_mark": "",
        "heart_rate": 92.0,
        "rr": 601.0,
        "temperature": 36.9,
        "attention": 53.0,
        "relaxation": 41.0,
        "sync_rate": 60.0,
        "mental_effort": -29.0,
        "pitch": 7.0,
        "yaw": 176.0,
        "roll": -15.0,
        "delta": 177634,
        "theta": 58366,
        "low_alpha": 6779,
        "high_alpha": 19383,
        "alpha": 26162,
        "low_beta": 20517,
        "high_beta": 12831,
        "beta": 33348,
        "low_gamma": 10262,
        "mid_gamma": 3125,
        "gamma": 13387,
        "rank": 92.0,
        "value": 92.0,
        "hr": 92.0,
        "unit": "bpm",
        "interpolated_fields": "",
        "image_expected_filename": "2026-07-17_13-08-51.jpg",
        "spectrogram": "https://media.githubusercontent.com/media/jiakun323/geodata-visualization/refs/heads/main/spectrogram/2026-07-17_13-08-51.jpg",
        "familiarity": -15.0,
        "record_id": "record-0152"
      },
      "geometry": {
        "type": "Point",
        "coordinates": [
          113.994015,
          22.593716
        ]
      }
    },
    {
      "type": "Feature",
      "id": "record-0153",
      "properties": {
        "city": "venice",
        "timestamp": "2026-07-17 13:08:56",
        "image": "https://media.githubusercontent.com/media/jiakun323/geodata-visualization/refs/heads/main/extracted_frames/2026-07-17_13-08-56.jpg",
        "audio": "",
        "event_mark": "",
        "heart_rate": 94.0,
        "rr": 676.0,
        "temperature": 36.9,
        "attention": 44.0,
        "relaxation": 37.0,
        "sync_rate": 39.0,
        "mental_effort": -19.0,
        "pitch": 16.0,
        "yaw": -158.0,
        "roll": -12.0,
        "delta": 842190,
        "theta": 67598,
        "low_alpha": 6271,
        "high_alpha": 9074,
        "alpha": 15345,
        "low_beta": 2406,
        "high_beta": 10639,
        "beta": 13045,
        "low_gamma": 13585,
        "mid_gamma": 8189,
        "gamma": 21774,
        "rank": 94.0,
        "value": 94.0,
        "hr": 94.0,
        "unit": "bpm",
        "interpolated_fields": "",
        "image_expected_filename": "2026-07-17_13-08-56.jpg",
        "spectrogram": "https://media.githubusercontent.com/media/jiakun323/geodata-visualization/refs/heads/main/spectrogram/2026-07-17_13-08-56.jpg",
        "familiarity": 9.0,
        "record_id": "record-0153"
      },
      "geometry": {
        "type": "Point",
        "coordinates": [
          113.993998,
          22.593688
        ]
      }
    },
    {
      "type": "Feature",
      "id": "record-0154",
      "properties": {
        "city": "venice",
        "timestamp": "2026-07-17 13:09:01",
        "image": "https://media.githubusercontent.com/media/jiakun323/geodata-visualization/refs/heads/main/extracted_frames/2026-07-17_13-09-01.jpg",
        "audio": "",
        "event_mark": "",
        "heart_rate": 93.0,
        "rr": 651.5,
        "temperature": 36.9,
        "attention": 51.0,
        "relaxation": 57.0,
        "sync_rate": 58.0,
        "mental_effort": -8.0,
        "pitch": 23.0,
        "yaw": -136.0,
        "roll": -19.0,
        "delta": 658992,
        "theta": 79453,
        "low_alpha": 46192,
        "high_alpha": 38090,
        "alpha": 84282,
        "low_beta": 18978,
        "high_beta": 24850,
        "beta": 43828,
        "low_gamma": 7796,
        "mid_gamma": 11483,
        "gamma": 19279,
        "rank": 93.0,
        "value": 93.0,
        "hr": 93.0,
        "unit": "bpm",
        "interpolated_fields": "",
        "image_expected_filename": "2026-07-17_13-09-01.jpg",
        "spectrogram": "https://media.githubusercontent.com/media/jiakun323/geodata-visualization/refs/heads/main/spectrogram/2026-07-17_13-09-01.jpg",
        "familiarity": 19.0,
        "record_id": "record-0154"
      },
      "geometry": {
        "type": "Point",
        "coordinates": [
          113.993752,
          22.593646
        ]
      }
    },
    {
      "type": "Feature",
      "id": "record-0155",
      "properties": {
        "city": "venice",
        "timestamp": "2026-07-17 13:09:06",
        "image": "https://media.githubusercontent.com/media/jiakun323/geodata-visualization/refs/heads/main/extracted_frames/2026-07-17_13-09-06.jpg",
        "audio": "",
        "event_mark": "",
        "heart_rate": 91.0,
        "rr": 671.333,
        "temperature": 36.9,
        "attention": 34.0,
        "relaxation": 63.0,
        "sync_rate": 70.0,
        "mental_effort": -23.0,
        "pitch": 0.0,
        "yaw": -124.0,
        "roll": -6.0,
        "delta": 686455,
        "theta": 10388,
        "low_alpha": 10042,
        "high_alpha": 4060,
        "alpha": 14102,
        "low_beta": 10993,
        "high_beta": 2383,
        "beta": 13376,
        "low_gamma": 4907,
        "mid_gamma": 3261,
        "gamma": 8168,
        "rank": 91.0,
        "value": 91.0,
        "hr": 91.0,
        "unit": "bpm",
        "interpolated_fields": "",
        "image_expected_filename": "2026-07-17_13-09-06.jpg",
        "spectrogram": "https://media.githubusercontent.com/media/jiakun323/geodata-visualization/refs/heads/main/spectrogram/2026-07-17_13-09-06.jpg",
        "familiarity": -15.0,
        "record_id": "record-0155"
      },
      "geometry": {
        "type": "Point",
        "coordinates": [
          113.993506,
          22.593604
        ]
      }
    },
    {
      "type": "Feature",
      "id": "record-0156",
      "properties": {
        "city": "venice",
        "timestamp": "2026-07-17 13:09:11",
        "image": "https://media.githubusercontent.com/media/jiakun323/geodata-visualization/refs/heads/main/extracted_frames/2026-07-17_13-09-11.jpg",
        "audio": "",
        "event_mark": "",
        "heart_rate": 90.0,
        "rr": 636.067,
        "temperature": 36.9,
        "attention": 47.0,
        "relaxation": 63.0,
        "sync_rate": 43.0,
        "mental_effort": -16.0,
        "pitch": -1.0,
        "yaw": -97.0,
        "roll": -8.0,
        "delta": 705819,
        "theta": 51776,
        "low_alpha": 45647,
        "high_alpha": 6773,
        "alpha": 52420,
        "low_beta": 27994,
        "high_beta": 9422,
        "beta": 37416,
        "low_gamma": 13455,
        "mid_gamma": 4343,
        "gamma": 17798,
        "rank": 90.0,
        "value": 90.0,
        "hr": 90.0,
        "unit": "bpm",
        "interpolated_fields": "rr",
        "image_expected_filename": "2026-07-17_13-09-11.jpg",
        "spectrogram": "https://media.githubusercontent.com/media/jiakun323/geodata-visualization/refs/heads/main/spectrogram/2026-07-17_13-09-11.jpg",
        "familiarity": -26.0,
        "record_id": "record-0156"
      },
      "geometry": {
        "type": "Point",
        "coordinates": [
          113.993451,
          22.593576
        ]
      }
    },
    {
      "type": "Feature",
      "id": "record-0157",
      "properties": {
        "city": "venice",
        "timestamp": "2026-07-17 13:09:16",
        "image": "https://media.githubusercontent.com/media/jiakun323/geodata-visualization/refs/heads/main/extracted_frames/2026-07-17_13-09-16.jpg",
        "audio": "",
        "event_mark": "",
        "heart_rate": 91.0,
        "rr": 643.0,
        "temperature": 36.9,
        "attention": 63.0,
        "relaxation": 43.0,
        "sync_rate": 29.0,
        "mental_effort": -25.0,
        "pitch": 14.0,
        "yaw": -81.0,
        "roll": -3.0,
        "delta": 394827,
        "theta": 118229,
        "low_alpha": 51295,
        "high_alpha": 37135,
        "alpha": 88430,
        "low_beta": 30294,
        "high_beta": 49856,
        "beta": 80150,
        "low_gamma": 33015,
        "mid_gamma": 10308,
        "gamma": 43323,
        "rank": 91.0,
        "value": 91.0,
        "hr": 91.0,
        "unit": "bpm",
        "interpolated_fields": "",
        "image_expected_filename": "2026-07-17_13-09-16.jpg",
        "spectrogram": "https://media.githubusercontent.com/media/jiakun323/geodata-visualization/refs/heads/main/spectrogram/2026-07-17_13-09-16.jpg",
        "familiarity": 4.0,
        "record_id": "record-0157"
      },
      "geometry": {
        "type": "Point",
        "coordinates": [
          113.993444,
          22.593551
        ]
      }
    },
    {
      "type": "Feature",
      "id": "record-0158",
      "properties": {
        "city": "venice",
        "timestamp": "2026-07-17 13:09:21",
        "image": "https://media.githubusercontent.com/media/jiakun323/geodata-visualization/refs/heads/main/extracted_frames/2026-07-17_13-09-21.jpg",
        "audio": "",
        "event_mark": "",
        "heart_rate": 92.0,
        "rr": 646.0,
        "temperature": 36.9,
        "attention": 44.0,
        "relaxation": 60.0,
        "sync_rate": 29.0,
        "mental_effort": -31.0,
        "pitch": 23.0,
        "yaw": -62.0,
        "roll": -8.0,
        "delta": 1059660,
        "theta": 109545,
        "low_alpha": 72392,
        "high_alpha": 28608,
        "alpha": 101000,
        "low_beta": 51377,
        "high_beta": 41725,
        "beta": 93102,
        "low_gamma": 48232,
        "mid_gamma": 15404,
        "gamma": 63636,
        "rank": 92.0,
        "value": 92.0,
        "hr": 92.0,
        "unit": "bpm",
        "interpolated_fields": "",
        "image_expected_filename": "2026-07-17_13-09-21.jpg",
        "spectrogram": "https://media.githubusercontent.com/media/jiakun323/geodata-visualization/refs/heads/main/spectrogram/2026-07-17_13-09-21.jpg",
        "familiarity": -3.0,
        "record_id": "record-0158"
      },
      "geometry": {
        "type": "Point",
        "coordinates": [
          113.993437,
          22.593525
        ]
      }
    },
    {
      "type": "Feature",
      "id": "record-0159",
      "properties": {
        "city": "venice",
        "timestamp": "2026-07-17 13:09:26",
        "image": "https://media.githubusercontent.com/media/jiakun323/geodata-visualization/refs/heads/main/extracted_frames/2026-07-17_13-09-26.jpg",
        "audio": "",
        "event_mark": "",
        "heart_rate": 92.0,
        "rr": 632.5,
        "temperature": 36.9,
        "attention": 60.0,
        "relaxation": 70.0,
        "sync_rate": 32.0,
        "mental_effort": -32.0,
        "pitch": 1.0,
        "yaw": -28.0,
        "roll": -14.0,
        "delta": 98435,
        "theta": 28525,
        "low_alpha": 12466,
        "high_alpha": 4029,
        "alpha": 16495,
        "low_beta": 6512,
        "high_beta": 29054,
        "beta": 35566,
        "low_gamma": 13616,
        "mid_gamma": 3741,
        "gamma": 17357,
        "rank": 92.0,
        "value": 92.0,
        "hr": 92.0,
        "unit": "bpm",
        "interpolated_fields": "",
        "image_expected_filename": "2026-07-17_13-09-26.jpg",
        "spectrogram": "https://media.githubusercontent.com/media/jiakun323/geodata-visualization/refs/heads/main/spectrogram/2026-07-17_13-09-26.jpg",
        "familiarity": -31.0,
        "record_id": "record-0159"
      },
      "geometry": {
        "type": "Point",
        "coordinates": [
          113.99343,
          22.5935
        ]
      }
    },
    {
      "type": "Feature",
      "id": "record-0160",
      "properties": {
        "city": "venice",
        "timestamp": "2026-07-17 13:09:31",
        "image": "https://media.githubusercontent.com/media/jiakun323/geodata-visualization/refs/heads/main/extracted_frames/2026-07-17_13-09-31.jpg",
        "audio": "",
        "event_mark": "",
        "heart_rate": 91.0,
        "rr": 637.5,
        "temperature": 36.9,
        "attention": 47.0,
        "relaxation": 84.0,
        "sync_rate": 54.0,
        "mental_effort": -31.0,
        "pitch": 0.0,
        "yaw": -9.0,
        "roll": -1.0,
        "delta": 739519,
        "theta": 113227,
        "low_alpha": 88363,
        "high_alpha": 14621,
        "alpha": 102984,
        "low_beta": 19788,
        "high_beta": 25181,
        "beta": 44969,
        "low_gamma": 23907,
        "mid_gamma": 11016,
        "gamma": 34923,
        "rank": 91.0,
        "value": 91.0,
        "hr": 91.0,
        "unit": "bpm",
        "interpolated_fields": "",
        "image_expected_filename": "2026-07-17_13-09-31.jpg",
        "spectrogram": "https://media.githubusercontent.com/media/jiakun323/geodata-visualization/refs/heads/main/spectrogram/2026-07-17_13-09-31.jpg",
        "familiarity": -12.0,
        "record_id": "record-0160"
      },
      "geometry": {
        "type": "Point",
        "coordinates": [
          113.993423,
          22.593475
        ]
      }
    },
    {
      "type": "Feature",
      "id": "record-0161",
      "properties": {
        "city": "venice",
        "timestamp": "2026-07-17 13:09:36",
        "image": "https://media.githubusercontent.com/media/jiakun323/geodata-visualization/refs/heads/main/extracted_frames/2026-07-17_13-09-36.jpg",
        "audio": "",
        "event_mark": "",
        "heart_rate": 92.0,
        "rr": 633.0,
        "temperature": 36.9,
        "attention": 40.0,
        "relaxation": 50.0,
        "sync_rate": 44.0,
        "mental_effort": -28.0,
        "pitch": 3.0,
        "yaw": 27.0,
        "roll": 3.0,
        "delta": 194409,
        "theta": 118858,
        "low_alpha": 8583,
        "high_alpha": 4502,
        "alpha": 13085,
        "low_beta": 5147,
        "high_beta": 30452,
        "beta": 35599,
        "low_gamma": 20846,
        "mid_gamma": 6866,
        "gamma": 27712,
        "rank": 92.0,
        "value": 92.0,
        "hr": 92.0,
        "unit": "bpm",
        "interpolated_fields": "",
        "image_expected_filename": "2026-07-17_13-09-36.jpg",
        "spectrogram": "https://media.githubusercontent.com/media/jiakun323/geodata-visualization/refs/heads/main/spectrogram/2026-07-17_13-09-36.jpg",
        "familiarity": 2.0,
        "record_id": "record-0161"
      },
      "geometry": {
        "type": "Point",
        "coordinates": [
          113.993416,
          22.593449
        ]
      }
    },
    {
      "type": "Feature",
      "id": "record-0162",
      "properties": {
        "city": "venice",
        "timestamp": "2026-07-17 13:09:41",
        "image": "https://media.githubusercontent.com/media/jiakun323/geodata-visualization/refs/heads/main/extracted_frames/2026-07-17_13-09-41.jpg",
        "audio": "",
        "event_mark": "",
        "heart_rate": 93.0,
        "rr": 642.0,
        "temperature": 36.8,
        "attention": 20.0,
        "relaxation": 56.0,
        "sync_rate": 35.0,
        "mental_effort": -25.0,
        "pitch": 16.0,
        "yaw": 92.0,
        "roll": -17.0,
        "delta": 1258425,
        "theta": 156002,
        "low_alpha": 53648,
        "high_alpha": 20812,
        "alpha": 74460,
        "low_beta": 23282,
        "high_beta": 16148,
        "beta": 39430,
        "low_gamma": 26020,
        "mid_gamma": 6303,
        "gamma": 32323,
        "rank": 93.0,
        "value": 93.0,
        "hr": 93.0,
        "unit": "bpm",
        "interpolated_fields": "",
        "image_expected_filename": "2026-07-17_13-09-41.jpg",
        "spectrogram": "https://media.githubusercontent.com/media/jiakun323/geodata-visualization/refs/heads/main/spectrogram/2026-07-17_13-09-41.jpg",
        "familiarity": -17.0,
        "record_id": "record-0162"
      },
      "geometry": {
        "type": "Point",
        "coordinates": [
          113.993409,
          22.593424
        ]
      }
    },
    {
      "type": "Feature",
      "id": "record-0163",
      "properties": {
        "city": "venice",
        "timestamp": "2026-07-17 13:09:46",
        "image": "https://media.githubusercontent.com/media/jiakun323/geodata-visualization/refs/heads/main/extracted_frames/2026-07-17_13-09-46.jpg",
        "audio": "",
        "event_mark": "",
        "heart_rate": 93.0,
        "rr": 596.0,
        "temperature": 36.8,
        "attention": 17.0,
        "relaxation": 57.0,
        "sync_rate": 31.0,
        "mental_effort": -23.0,
        "pitch": 30.0,
        "yaw": 157.0,
        "roll": -20.0,
        "delta": 180060,
        "theta": 108900,
        "low_alpha": 8045,
        "high_alpha": 8134,
        "alpha": 16179,
        "low_beta": 10000,
        "high_beta": 7087,
        "beta": 17087,
        "low_gamma": 4065,
        "mid_gamma": 4843,
        "gamma": 8908,
        "rank": 93.0,
        "value": 93.0,
        "hr": 93.0,
        "unit": "bpm",
        "interpolated_fields": "",
        "image_expected_filename": "2026-07-17_13-09-46.jpg",
        "spectrogram": "https://media.githubusercontent.com/media/jiakun323/geodata-visualization/refs/heads/main/spectrogram/2026-07-17_13-09-46.jpg",
        "familiarity": 14.0,
        "record_id": "record-0163"
      },
      "geometry": {
        "type": "Point",
        "coordinates": [
          113.993402,
          22.593399
        ]
      }
    },
    {
      "type": "Feature",
      "id": "record-0164",
      "properties": {
        "city": "venice",
        "timestamp": "2026-07-17 13:09:51",
        "image": "https://media.githubusercontent.com/media/jiakun323/geodata-visualization/refs/heads/main/extracted_frames/2026-07-17_13-09-51.jpg",
        "audio": "",
        "event_mark": "",
        "heart_rate": 94.0,
        "rr": 556.0,
        "temperature": 36.8,
        "attention": 30.0,
        "relaxation": 70.0,
        "sync_rate": 52.0,
        "mental_effort": -33.0,
        "pitch": -44.0,
        "yaw": 156.0,
        "roll": 8.0,
        "delta": 168386,
        "theta": 63081,
        "low_alpha": 27108,
        "high_alpha": 1964,
        "alpha": 29072,
        "low_beta": 4346,
        "high_beta": 8901,
        "beta": 13247,
        "low_gamma": 6700,
        "mid_gamma": 6207,
        "gamma": 12907,
        "rank": 94.0,
        "value": 94.0,
        "hr": 94.0,
        "unit": "bpm",
        "interpolated_fields": "",
        "image_expected_filename": "2026-07-17_13-09-51.jpg",
        "spectrogram": "https://media.githubusercontent.com/media/jiakun323/geodata-visualization/refs/heads/main/spectrogram/2026-07-17_13-09-51.jpg",
        "familiarity": -25.0,
        "record_id": "record-0164"
      },
      "geometry": {
        "type": "Point",
        "coordinates": [
          113.993395,
          22.593374
        ]
      }
    },
    {
      "type": "Feature",
      "id": "record-0165",
      "properties": {
        "city": "venice",
        "timestamp": "2026-07-17 13:09:56",
        "image": "https://media.githubusercontent.com/media/jiakun323/geodata-visualization/refs/heads/main/extracted_frames/2026-07-17_13-09-56.jpg",
        "audio": "",
        "event_mark": "",
        "heart_rate": 97.0,
        "rr": 558.167,
        "temperature": 36.8,
        "attention": 29.0,
        "relaxation": 78.0,
        "sync_rate": 80.0,
        "mental_effort": -33.0,
        "pitch": 0.0,
        "yaw": -172.0,
        "roll": -14.0,
        "delta": 549812,
        "theta": 380240,
        "low_alpha": 65608,
        "high_alpha": 61938,
        "alpha": 127546,
        "low_beta": 11488,
        "high_beta": 25125,
        "beta": 36613,
        "low_gamma": 29831,
        "mid_gamma": 14607,
        "gamma": 44438,
        "rank": 97.0,
        "value": 97.0,
        "hr": 97.0,
        "unit": "bpm",
        "interpolated_fields": "rr",
        "image_expected_filename": "2026-07-17_13-09-56.jpg",
        "spectrogram": "https://media.githubusercontent.com/media/jiakun323/geodata-visualization/refs/heads/main/spectrogram/2026-07-17_13-09-56.jpg",
        "familiarity": 1.0,
        "record_id": "record-0165"
      },
      "geometry": {
        "type": "Point",
        "coordinates": [
          113.993388,
          22.593348
        ]
      }
    },
    {
      "type": "Feature",
      "id": "record-0166",
      "properties": {
        "city": "venice",
        "timestamp": "2026-07-17 13:10:01",
        "image": "https://media.githubusercontent.com/media/jiakun323/geodata-visualization/refs/heads/main/extracted_frames/2026-07-17_13-10-01.jpg",
        "audio": "",
        "event_mark": "礼让自行车",
        "heart_rate": 103.0,
        "rr": 686.0,
        "temperature": 36.8,
        "attention": 35.0,
        "relaxation": 54.0,
        "sync_rate": 54.0,
        "mental_effort": -29.0,
        "pitch": 19.0,
        "yaw": -142.0,
        "roll": -2.0,
        "delta": 3114806,
        "theta": 613583,
        "low_alpha": 63825,
        "high_alpha": 216001,
        "alpha": 279826,
        "low_beta": 17841,
        "high_beta": 74058,
        "beta": 91899,
        "low_gamma": 68544,
        "mid_gamma": 41464,
        "gamma": 110008,
        "rank": 103.0,
        "value": 103.0,
        "hr": 103.0,
        "unit": "bpm",
        "interpolated_fields": "",
        "image_expected_filename": "2026-07-17_13-10-01.jpg",
        "spectrogram": "https://media.githubusercontent.com/media/jiakun323/geodata-visualization/refs/heads/main/spectrogram/2026-07-17_13-10-01.jpg",
        "familiarity": 5.0,
        "record_id": "record-0166"
      },
      "geometry": {
        "type": "Point",
        "coordinates": [
          113.993381,
          22.593323
        ]
      }
    },
    {
      "type": "Feature",
      "id": "record-0167",
      "properties": {
        "city": "venice",
        "timestamp": "2026-07-17 13:10:06",
        "image": "https://media.githubusercontent.com/media/jiakun323/geodata-visualization/refs/heads/main/extracted_frames/2026-07-17_13-10-06.jpg",
        "audio": "",
        "event_mark": "",
        "heart_rate": 101.0,
        "rr": 617.5,
        "temperature": 36.7,
        "attention": 41.0,
        "relaxation": 80.0,
        "sync_rate": 50.0,
        "mental_effort": -31.0,
        "pitch": -19.0,
        "yaw": -130.0,
        "roll": -15.0,
        "delta": 672269,
        "theta": 286972,
        "low_alpha": 49838,
        "high_alpha": 69216,
        "alpha": 119054,
        "low_beta": 22334,
        "high_beta": 43073,
        "beta": 65407,
        "low_gamma": 65915,
        "mid_gamma": 8030,
        "gamma": 73945,
        "rank": 101.0,
        "value": 101.0,
        "hr": 101.0,
        "unit": "bpm",
        "interpolated_fields": "",
        "image_expected_filename": "2026-07-17_13-10-06.jpg",
        "spectrogram": "https://media.githubusercontent.com/media/jiakun323/geodata-visualization/refs/heads/main/spectrogram/2026-07-17_13-10-06.jpg",
        "familiarity": 13.0,
        "record_id": "record-0167"
      },
      "geometry": {
        "type": "Point",
        "coordinates": [
          113.993374,
          22.593298
        ]
      }
    },
    {
      "type": "Feature",
      "id": "record-0168",
      "properties": {
        "city": "venice",
        "timestamp": "2026-07-17 13:10:11",
        "image": "https://media.githubusercontent.com/media/jiakun323/geodata-visualization/refs/heads/main/extracted_frames/2026-07-17_13-10-11.jpg",
        "audio": "",
        "event_mark": "",
        "heart_rate": 93.0,
        "rr": 649.5,
        "temperature": 36.7,
        "attention": 53.0,
        "relaxation": 80.0,
        "sync_rate": 74.0,
        "mental_effort": -23.0,
        "pitch": 35.0,
        "yaw": 175.0,
        "roll": -9.0,
        "delta": 298588,
        "theta": 41426,
        "low_alpha": 8631,
        "high_alpha": 23739,
        "alpha": 32370,
        "low_beta": 22846,
        "high_beta": 11219,
        "beta": 34065,
        "low_gamma": 26300,
        "mid_gamma": 8846,
        "gamma": 35146,
        "rank": 93.0,
        "value": 93.0,
        "hr": 93.0,
        "unit": "bpm",
        "interpolated_fields": "",
        "image_expected_filename": "2026-07-17_13-10-11.jpg",
        "spectrogram": "https://media.githubusercontent.com/media/jiakun323/geodata-visualization/refs/heads/main/spectrogram/2026-07-17_13-10-11.jpg",
        "familiarity": -11.0,
        "record_id": "record-0168"
      },
      "geometry": {
        "type": "Point",
        "coordinates": [
          113.993367,
          22.593272
        ]
      }
    },
    {
      "type": "Feature",
      "id": "record-0169",
      "properties": {
        "city": "venice",
        "timestamp": "2026-07-17 13:10:16",
        "image": "https://media.githubusercontent.com/media/jiakun323/geodata-visualization/refs/heads/main/extracted_frames/2026-07-17_13-10-16.jpg",
        "audio": "",
        "event_mark": "",
        "heart_rate": 92.0,
        "rr": 645.75,
        "temperature": 36.7,
        "attention": 23.0,
        "relaxation": 84.0,
        "sync_rate": 43.0,
        "mental_effort": -4.0,
        "pitch": -7.0,
        "yaw": -100.0,
        "roll": -15.0,
        "delta": 559478,
        "theta": 335035,
        "low_alpha": 69646,
        "high_alpha": 33278,
        "alpha": 102924,
        "low_beta": 14043,
        "high_beta": 29486,
        "beta": 43529,
        "low_gamma": 24329,
        "mid_gamma": 4547,
        "gamma": 28876,
        "rank": 92.0,
        "value": 92.0,
        "hr": 92.0,
        "unit": "bpm",
        "interpolated_fields": "",
        "image_expected_filename": "2026-07-17_13-10-16.jpg",
        "spectrogram": "https://media.githubusercontent.com/media/jiakun323/geodata-visualization/refs/heads/main/spectrogram/2026-07-17_13-10-16.jpg",
        "familiarity": 21.0,
        "record_id": "record-0169"
      },
      "geometry": {
        "type": "Point",
        "coordinates": [
          113.99336,
          22.593247
        ]
      }
    },
    {
      "type": "Feature",
      "id": "record-0170",
      "properties": {
        "city": "venice",
        "timestamp": "2026-07-17 13:10:21",
        "image": "https://media.githubusercontent.com/media/jiakun323/geodata-visualization/refs/heads/main/extracted_frames/2026-07-17_13-10-21.jpg",
        "audio": "",
        "event_mark": "",
        "heart_rate": 94.0,
        "rr": 597.75,
        "temperature": 36.7,
        "attention": 21.0,
        "relaxation": 70.0,
        "sync_rate": 60.0,
        "mental_effort": -33.0,
        "pitch": 8.0,
        "yaw": -89.0,
        "roll": -4.0,
        "delta": 254798,
        "theta": 41125,
        "low_alpha": 13996,
        "high_alpha": 21662,
        "alpha": 35658,
        "low_beta": 3151,
        "high_beta": 5241,
        "beta": 8392,
        "low_gamma": 11553,
        "mid_gamma": 2057,
        "gamma": 13610,
        "rank": 94.0,
        "value": 94.0,
        "hr": 94.0,
        "unit": "bpm",
        "interpolated_fields": "",
        "image_expected_filename": "2026-07-17_13-10-21.jpg",
        "spectrogram": "https://media.githubusercontent.com/media/jiakun323/geodata-visualization/refs/heads/main/spectrogram/2026-07-17_13-10-21.jpg",
        "familiarity": -1.0,
        "record_id": "record-0170"
      },
      "geometry": {
        "type": "Point",
        "coordinates": [
          113.993378,
          22.593216
        ]
      }
    },
    {
      "type": "Feature",
      "id": "record-0171",
      "properties": {
        "city": "venice",
        "timestamp": "2026-07-17 13:10:26",
        "image": "https://media.githubusercontent.com/media/jiakun323/geodata-visualization/refs/heads/main/extracted_frames/2026-07-17_13-10-26.jpg",
        "audio": "",
        "event_mark": "",
        "heart_rate": 96.0,
        "rr": 604.5,
        "temperature": 36.7,
        "attention": 38.0,
        "relaxation": 54.0,
        "sync_rate": 55.0,
        "mental_effort": -21.0,
        "pitch": 0.0,
        "yaw": -56.0,
        "roll": -11.0,
        "delta": 689162,
        "theta": 170219,
        "low_alpha": 34474,
        "high_alpha": 10244,
        "alpha": 44718,
        "low_beta": 15733,
        "high_beta": 19623,
        "beta": 35356,
        "low_gamma": 48252,
        "mid_gamma": 11474,
        "gamma": 59726,
        "rank": 96.0,
        "value": 96.0,
        "hr": 96.0,
        "unit": "bpm",
        "interpolated_fields": "",
        "image_expected_filename": "2026-07-17_13-10-26.jpg",
        "spectrogram": "https://media.githubusercontent.com/media/jiakun323/geodata-visualization/refs/heads/main/spectrogram/2026-07-17_13-10-26.jpg",
        "familiarity": 12.0,
        "record_id": "record-0171"
      },
      "geometry": {
        "type": "Point",
        "coordinates": [
          113.993433,
          22.593175
        ]
      }
    },
    {
      "type": "Feature",
      "id": "record-0172",
      "properties": {
        "city": "venice",
        "timestamp": "2026-07-17 13:10:31",
        "image": "https://media.githubusercontent.com/media/jiakun323/geodata-visualization/refs/heads/main/extracted_frames/2026-07-17_13-10-31.jpg",
        "audio": "",
        "event_mark": "",
        "heart_rate": 98.0,
        "rr": 599.0,
        "temperature": 36.6,
        "attention": 50.0,
        "relaxation": 87.0,
        "sync_rate": 58.0,
        "mental_effort": -32.0,
        "pitch": -2.0,
        "yaw": -43.0,
        "roll": -3.0,
        "delta": 90724,
        "theta": 4291,
        "low_alpha": 5423,
        "high_alpha": 1600,
        "alpha": 7023,
        "low_beta": 857,
        "high_beta": 1104,
        "beta": 1961,
        "low_gamma": 1376,
        "mid_gamma": 514,
        "gamma": 1890,
        "rank": 98.0,
        "value": 98.0,
        "hr": 98.0,
        "unit": "bpm",
        "interpolated_fields": "",
        "image_expected_filename": "2026-07-17_13-10-31.jpg",
        "spectrogram": "https://media.githubusercontent.com/media/jiakun323/geodata-visualization/refs/heads/main/spectrogram/2026-07-17_13-10-31.jpg",
        "familiarity": -1.0,
        "record_id": "record-0172"
      },
      "geometry": {
        "type": "Point",
        "coordinates": [
          113.993488,
          22.593135
        ]
      }
    },
    {
      "type": "Feature",
      "id": "record-0173",
      "properties": {
        "city": "venice",
        "timestamp": "2026-07-17 13:10:36",
        "image": "https://media.githubusercontent.com/media/jiakun323/geodata-visualization/refs/heads/main/extracted_frames/2026-07-17_13-10-36.jpg",
        "audio": "",
        "event_mark": "",
        "heart_rate": 98.0,
        "rr": 565.0,
        "temperature": 36.6,
        "attention": 43.0,
        "relaxation": 43.0,
        "sync_rate": 60.0,
        "mental_effort": 1.0,
        "pitch": 7.0,
        "yaw": -16.0,
        "roll": -7.0,
        "delta": 505740,
        "theta": 89543,
        "low_alpha": 22903,
        "high_alpha": 14826,
        "alpha": 37729,
        "low_beta": 9044,
        "high_beta": 7137,
        "beta": 16181,
        "low_gamma": 12775,
        "mid_gamma": 4896,
        "gamma": 17671,
        "rank": 98.0,
        "value": 98.0,
        "hr": 98.0,
        "unit": "bpm",
        "interpolated_fields": "",
        "image_expected_filename": "2026-07-17_13-10-36.jpg",
        "spectrogram": "https://media.githubusercontent.com/media/jiakun323/geodata-visualization/refs/heads/main/spectrogram/2026-07-17_13-10-36.jpg",
        "familiarity": 18.0,
        "record_id": "record-0173"
      },
      "geometry": {
        "type": "Point",
        "coordinates": [
          113.993543,
          22.593094
        ]
      }
    },
    {
      "type": "Feature",
      "id": "record-0174",
      "properties": {
        "city": "venice",
        "timestamp": "2026-07-17 13:10:41",
        "image": "https://media.githubusercontent.com/media/jiakun323/geodata-visualization/refs/heads/main/extracted_frames/2026-07-17_13-10-41.jpg",
        "audio": "",
        "event_mark": "",
        "heart_rate": 98.0,
        "rr": 547.0,
        "temperature": 36.6,
        "attention": 34.0,
        "relaxation": 80.0,
        "sync_rate": 39.0,
        "mental_effort": -20.0,
        "pitch": -19.0,
        "yaw": 2.0,
        "roll": -9.0,
        "delta": 2872303,
        "theta": 2670366,
        "low_alpha": 650442,
        "high_alpha": 156469,
        "alpha": 806911,
        "low_beta": 195467,
        "high_beta": 95786,
        "beta": 291253,
        "low_gamma": 492826,
        "mid_gamma": 63056,
        "gamma": 555882,
        "rank": 98.0,
        "value": 98.0,
        "hr": 98.0,
        "unit": "bpm",
        "interpolated_fields": "",
        "image_expected_filename": "2026-07-17_13-10-41.jpg",
        "spectrogram": "https://media.githubusercontent.com/media/jiakun323/geodata-visualization/refs/heads/main/spectrogram/2026-07-17_13-10-41.jpg",
        "familiarity": 13.0,
        "record_id": "record-0174"
      },
      "geometry": {
        "type": "Point",
        "coordinates": [
          113.993599,
          22.593053
        ]
      }
    },
    {
      "type": "Feature",
      "id": "record-0175",
      "properties": {
        "city": "venice",
        "timestamp": "2026-07-17 13:10:46",
        "image": "https://media.githubusercontent.com/media/jiakun323/geodata-visualization/refs/heads/main/extracted_frames/2026-07-17_13-10-46.jpg",
        "audio": "",
        "event_mark": "",
        "heart_rate": 98.0,
        "rr": 581.0,
        "temperature": 36.6,
        "attention": 44.0,
        "relaxation": 80.0,
        "sync_rate": 78.0,
        "mental_effort": -26.0,
        "pitch": -12.0,
        "yaw": 24.0,
        "roll": 8.0,
        "delta": 1717898,
        "theta": 54602,
        "low_alpha": 81212,
        "high_alpha": 43599,
        "alpha": 124811,
        "low_beta": 42270,
        "high_beta": 24621,
        "beta": 66891,
        "low_gamma": 33025,
        "mid_gamma": 12851,
        "gamma": 45876,
        "rank": 98.0,
        "value": 98.0,
        "hr": 98.0,
        "unit": "bpm",
        "interpolated_fields": "",
        "image_expected_filename": "2026-07-17_13-10-46.jpg",
        "spectrogram": "https://media.githubusercontent.com/media/jiakun323/geodata-visualization/refs/heads/main/spectrogram/2026-07-17_13-10-46.jpg",
        "familiarity": -14.0,
        "record_id": "record-0175"
      },
      "geometry": {
        "type": "Point",
        "coordinates": [
          113.993654,
          22.593013
        ]
      }
    },
    {
      "type": "Feature",
      "id": "record-0176",
      "properties": {
        "city": "venice",
        "timestamp": "2026-07-17 13:10:51",
        "image": "https://media.githubusercontent.com/media/jiakun323/geodata-visualization/refs/heads/main/extracted_frames/2026-07-17_13-10-51.jpg",
        "audio": "",
        "event_mark": "",
        "heart_rate": 102.0,
        "rr": 551.0,
        "temperature": 36.6,
        "attention": 41.0,
        "relaxation": 74.0,
        "sync_rate": 82.0,
        "mental_effort": -36.0,
        "pitch": -7.0,
        "yaw": 56.0,
        "roll": -15.0,
        "delta": 665569,
        "theta": 154449,
        "low_alpha": 33108,
        "high_alpha": 7116,
        "alpha": 40224,
        "low_beta": 8607,
        "high_beta": 26014,
        "beta": 34621,
        "low_gamma": 22466,
        "mid_gamma": 3189,
        "gamma": 25655,
        "rank": 102.0,
        "value": 102.0,
        "hr": 102.0,
        "unit": "bpm",
        "interpolated_fields": "",
        "image_expected_filename": "2026-07-17_13-10-51.jpg",
        "spectrogram": "https://media.githubusercontent.com/media/jiakun323/geodata-visualization/refs/heads/main/spectrogram/2026-07-17_13-10-51.jpg",
        "familiarity": 13.0,
        "record_id": "record-0176"
      },
      "geometry": {
        "type": "Point",
        "coordinates": [
          113.993709,
          22.592972
        ]
      }
    },
    {
      "type": "Feature",
      "id": "record-0177",
      "properties": {
        "city": "venice",
        "timestamp": "2026-07-17 13:10:56",
        "image": "https://media.githubusercontent.com/media/jiakun323/geodata-visualization/refs/heads/main/extracted_frames/2026-07-17_13-10-56.jpg",
        "audio": "",
        "event_mark": "",
        "heart_rate": 104.0,
        "rr": 573.5,
        "temperature": 36.6,
        "attention": 41.0,
        "relaxation": 51.0,
        "sync_rate": 55.0,
        "mental_effort": -28.0,
        "pitch": 6.0,
        "yaw": 96.0,
        "roll": -8.0,
        "delta": 124176,
        "theta": 45866,
        "low_alpha": 5119,
        "high_alpha": 7397,
        "alpha": 12516,
        "low_beta": 5322,
        "high_beta": 12333,
        "beta": 17655,
        "low_gamma": 3722,
        "mid_gamma": 2772,
        "gamma": 6494,
        "rank": 104.0,
        "value": 104.0,
        "hr": 104.0,
        "unit": "bpm",
        "interpolated_fields": "",
        "image_expected_filename": "2026-07-17_13-10-56.jpg",
        "spectrogram": "https://media.githubusercontent.com/media/jiakun323/geodata-visualization/refs/heads/main/spectrogram/2026-07-17_13-10-56.jpg",
        "familiarity": 4.0,
        "record_id": "record-0177"
      },
      "geometry": {
        "type": "Point",
        "coordinates": [
          113.993764,
          22.592931
        ]
      }
    },
    {
      "type": "Feature",
      "id": "record-0178",
      "properties": {
        "city": "venice",
        "timestamp": "2026-07-17 13:11:01",
        "image": "https://media.githubusercontent.com/media/jiakun323/geodata-visualization/refs/heads/main/extracted_frames/2026-07-17_13-11-01.jpg",
        "audio": "",
        "event_mark": "",
        "heart_rate": 105.0,
        "rr": 573.5,
        "temperature": 36.6,
        "attention": 50.0,
        "relaxation": 67.0,
        "sync_rate": 53.0,
        "mental_effort": -25.0,
        "pitch": 15.0,
        "yaw": -73.0,
        "roll": 5.0,
        "delta": 466898,
        "theta": 149268,
        "low_alpha": 9230,
        "high_alpha": 35241,
        "alpha": 44471,
        "low_beta": 19164,
        "high_beta": 12271,
        "beta": 31435,
        "low_gamma": 33670,
        "mid_gamma": 15432,
        "gamma": 49102,
        "rank": 105.0,
        "value": 105.0,
        "hr": 105.0,
        "unit": "bpm",
        "interpolated_fields": "",
        "image_expected_filename": "2026-07-17_13-11-01.jpg",
        "spectrogram": "https://media.githubusercontent.com/media/jiakun323/geodata-visualization/refs/heads/main/spectrogram/2026-07-17_13-11-01.jpg",
        "familiarity": -9.0,
        "record_id": "record-0178"
      },
      "geometry": {
        "type": "Point",
        "coordinates": [
          113.993819,
          22.592903
        ]
      }
    },
    {
      "type": "Feature",
      "id": "record-0179",
      "properties": {
        "city": "venice",
        "timestamp": "2026-07-17 13:11:06",
        "image": "https://media.githubusercontent.com/media/jiakun323/geodata-visualization/refs/heads/main/extracted_frames/2026-07-17_13-11-06.jpg",
        "audio": "",
        "event_mark": "",
        "heart_rate": 104.0,
        "rr": 581.5,
        "temperature": 36.6,
        "attention": 38.0,
        "relaxation": 60.0,
        "sync_rate": 54.0,
        "mental_effort": -33.0,
        "pitch": 14.0,
        "yaw": -131.0,
        "roll": -12.0,
        "delta": 50985,
        "theta": 19234,
        "low_alpha": 297,
        "high_alpha": 3795,
        "alpha": 4092,
        "low_beta": 2132,
        "high_beta": 3750,
        "beta": 5882,
        "low_gamma": 3579,
        "mid_gamma": 434,
        "gamma": 4013,
        "rank": 104.0,
        "value": 104.0,
        "hr": 104.0,
        "unit": "bpm",
        "interpolated_fields": "",
        "image_expected_filename": "2026-07-17_13-11-06.jpg",
        "spectrogram": "https://media.githubusercontent.com/media/jiakun323/geodata-visualization/refs/heads/main/spectrogram/2026-07-17_13-11-06.jpg",
        "familiarity": 1.0,
        "record_id": "record-0179"
      },
      "geometry": {
        "type": "Point",
        "coordinates": [
          113.993871,
          22.592922
        ]
      }
    },
    {
      "type": "Feature",
      "id": "record-0180",
      "properties": {
        "city": "venice",
        "timestamp": "2026-07-17 13:11:11",
        "image": "https://media.githubusercontent.com/media/jiakun323/geodata-visualization/refs/heads/main/extracted_frames/2026-07-17_13-11-11.jpg",
        "audio": "",
        "event_mark": "",
        "heart_rate": 102.0,
        "rr": 584.0,
        "temperature": 36.6,
        "attention": 51.0,
        "relaxation": 66.0,
        "sync_rate": 62.0,
        "mental_effort": -11.0,
        "pitch": 4.0,
        "yaw": -113.0,
        "roll": -8.0,
        "delta": 1104164,
        "theta": 181877,
        "low_alpha": 83518,
        "high_alpha": 85308,
        "alpha": 168826,
        "low_beta": 43092,
        "high_beta": 67842,
        "beta": 110934,
        "low_gamma": 61099,
        "mid_gamma": 13811,
        "gamma": 74910,
        "rank": 102.0,
        "value": 102.0,
        "hr": 102.0,
        "unit": "bpm",
        "interpolated_fields": "",
        "image_expected_filename": "2026-07-17_13-11-11.jpg",
        "spectrogram": "https://media.githubusercontent.com/media/jiakun323/geodata-visualization/refs/heads/main/spectrogram/2026-07-17_13-11-11.jpg",
        "familiarity": 8.0,
        "record_id": "record-0180"
      },
      "geometry": {
        "type": "Point",
        "coordinates": [
          113.993924,
          22.592941
        ]
      }
    },
    {
      "type": "Feature",
      "id": "record-0181",
      "properties": {
        "city": "venice",
        "timestamp": "2026-07-17 13:11:16",
        "image": "https://media.githubusercontent.com/media/jiakun323/geodata-visualization/refs/heads/main/extracted_frames/2026-07-17_13-11-16.jpg",
        "audio": "",
        "event_mark": "",
        "heart_rate": 102.0,
        "rr": 572.5,
        "temperature": 36.7,
        "attention": 27.0,
        "relaxation": 69.0,
        "sync_rate": 68.0,
        "mental_effort": -2.0,
        "pitch": 7.0,
        "yaw": -92.0,
        "roll": -8.0,
        "delta": 736561,
        "theta": 281879,
        "low_alpha": 20194,
        "high_alpha": 29598,
        "alpha": 49792,
        "low_beta": 11588,
        "high_beta": 28779,
        "beta": 40367,
        "low_gamma": 26792,
        "mid_gamma": 12471,
        "gamma": 39263,
        "rank": 102.0,
        "value": 102.0,
        "hr": 102.0,
        "unit": "bpm",
        "interpolated_fields": "",
        "image_expected_filename": "2026-07-17_13-11-16.jpg",
        "spectrogram": "https://media.githubusercontent.com/media/jiakun323/geodata-visualization/refs/heads/main/spectrogram/2026-07-17_13-11-16.jpg",
        "familiarity": 6.0,
        "record_id": "record-0181"
      },
      "geometry": {
        "type": "Point",
        "coordinates": [
          113.993976,
          22.59296
        ]
      }
    },
    {
      "type": "Feature",
      "id": "record-0182",
      "properties": {
        "city": "venice",
        "timestamp": "2026-07-17 13:11:21",
        "image": "https://media.githubusercontent.com/media/jiakun323/geodata-visualization/refs/heads/main/extracted_frames/2026-07-17_13-11-21.jpg",
        "audio": "",
        "event_mark": "",
        "heart_rate": 102.0,
        "rr": 590.25,
        "temperature": 36.7,
        "attention": 47.0,
        "relaxation": 67.0,
        "sync_rate": 43.0,
        "mental_effort": -21.0,
        "pitch": 0.0,
        "yaw": -72.0,
        "roll": -10.0,
        "delta": 209152,
        "theta": 25214,
        "low_alpha": 9206,
        "high_alpha": 1797,
        "alpha": 11003,
        "low_beta": 1098,
        "high_beta": 6354,
        "beta": 7452,
        "low_gamma": 3203,
        "mid_gamma": 1309,
        "gamma": 4512,
        "rank": 102.0,
        "value": 102.0,
        "hr": 102.0,
        "unit": "bpm",
        "interpolated_fields": "",
        "image_expected_filename": "2026-07-17_13-11-21.jpg",
        "spectrogram": "https://media.githubusercontent.com/media/jiakun323/geodata-visualization/refs/heads/main/spectrogram/2026-07-17_13-11-21.jpg",
        "familiarity": 13.0,
        "record_id": "record-0182"
      },
      "geometry": {
        "type": "Point",
        "coordinates": [
          113.994029,
          22.592979
        ]
      }
    },
    {
      "type": "Feature",
      "id": "record-0183",
      "properties": {
        "city": "venice",
        "timestamp": "2026-07-17 13:11:26",
        "image": "https://media.githubusercontent.com/media/jiakun323/geodata-visualization/refs/heads/main/extracted_frames/2026-07-17_13-11-26.jpg",
        "audio": "",
        "event_mark": "",
        "heart_rate": 102.0,
        "rr": 570.333,
        "temperature": 36.7,
        "attention": 63.0,
        "relaxation": 61.0,
        "sync_rate": 35.0,
        "mental_effort": -34.0,
        "pitch": -3.0,
        "yaw": -53.0,
        "roll": 2.0,
        "delta": 680653,
        "theta": 22089,
        "low_alpha": 14477,
        "high_alpha": 11307,
        "alpha": 25784,
        "low_beta": 10663,
        "high_beta": 10967,
        "beta": 21630,
        "low_gamma": 24754,
        "mid_gamma": 18322,
        "gamma": 43076,
        "rank": 102.0,
        "value": 102.0,
        "hr": 102.0,
        "unit": "bpm",
        "interpolated_fields": "",
        "image_expected_filename": "2026-07-17_13-11-26.jpg",
        "spectrogram": "https://media.githubusercontent.com/media/jiakun323/geodata-visualization/refs/heads/main/spectrogram/2026-07-17_13-11-26.jpg",
        "familiarity": 12.0,
        "record_id": "record-0183"
      },
      "geometry": {
        "type": "Point",
        "coordinates": [
          113.994081,
          22.592999
        ]
      }
    },
    {
      "type": "Feature",
      "id": "record-0184",
      "properties": {
        "city": "venice",
        "timestamp": "2026-07-17 13:11:31",
        "image": "https://media.githubusercontent.com/media/jiakun323/geodata-visualization/refs/heads/main/extracted_frames/2026-07-17_13-11-31.jpg",
        "audio": "",
        "event_mark": "",
        "heart_rate": 101.0,
        "rr": 609.0,
        "temperature": 36.7,
        "attention": 34.0,
        "relaxation": 35.0,
        "sync_rate": 62.0,
        "mental_effort": -24.0,
        "pitch": -7.0,
        "yaw": -26.0,
        "roll": -14.0,
        "delta": 1083683,
        "theta": 104463,
        "low_alpha": 15647,
        "high_alpha": 8709,
        "alpha": 24356,
        "low_beta": 6490,
        "high_beta": 27765,
        "beta": 34255,
        "low_gamma": 18244,
        "mid_gamma": 16885,
        "gamma": 35129,
        "rank": 101.0,
        "value": 101.0,
        "hr": 101.0,
        "unit": "bpm",
        "interpolated_fields": "",
        "image_expected_filename": "2026-07-17_13-11-31.jpg",
        "spectrogram": "https://media.githubusercontent.com/media/jiakun323/geodata-visualization/refs/heads/main/spectrogram/2026-07-17_13-11-31.jpg",
        "familiarity": -30.0,
        "record_id": "record-0184"
      },
      "geometry": {
        "type": "Point",
        "coordinates": [
          113.994126,
          22.593019
        ]
      }
    },
    {
      "type": "Feature",
      "id": "record-0185",
      "properties": {
        "city": "venice",
        "timestamp": "2026-07-17 13:11:36",
        "image": "https://media.githubusercontent.com/media/jiakun323/geodata-visualization/refs/heads/main/extracted_frames/2026-07-17_13-11-36.jpg",
        "audio": "",
        "event_mark": "",
        "heart_rate": 101.0,
        "rr": 594.5,
        "temperature": 36.7,
        "attention": 24.0,
        "relaxation": 61.0,
        "sync_rate": 46.0,
        "mental_effort": 14.0,
        "pitch": 15.0,
        "yaw": -9.0,
        "roll": -7.0,
        "delta": 132055,
        "theta": 119063,
        "low_alpha": 4779,
        "high_alpha": 3557,
        "alpha": 8336,
        "low_beta": 3419,
        "high_beta": 7421,
        "beta": 10840,
        "low_gamma": 8418,
        "mid_gamma": 8768,
        "gamma": 17186,
        "rank": 101.0,
        "value": 101.0,
        "hr": 101.0,
        "unit": "bpm",
        "interpolated_fields": "",
        "image_expected_filename": "2026-07-17_13-11-36.jpg",
        "spectrogram": "https://media.githubusercontent.com/media/jiakun323/geodata-visualization/refs/heads/main/spectrogram/2026-07-17_13-11-36.jpg",
        "familiarity": 4.0,
        "record_id": "record-0185"
      },
      "geometry": {
        "type": "Point",
        "coordinates": [
          113.99416,
          22.593041
        ]
      }
    },
    {
      "type": "Feature",
      "id": "record-0186",
      "properties": {
        "city": "venice",
        "timestamp": "2026-07-17 13:11:41",
        "image": "https://media.githubusercontent.com/media/jiakun323/geodata-visualization/refs/heads/main/extracted_frames/2026-07-17_13-11-41.jpg",
        "audio": "",
        "event_mark": "",
        "heart_rate": 99.0,
        "rr": 610.667,
        "temperature": 36.7,
        "attention": 38.0,
        "relaxation": 66.0,
        "sync_rate": 42.0,
        "mental_effort": -13.0,
        "pitch": 11.0,
        "yaw": 11.0,
        "roll": -16.0,
        "delta": 936353,
        "theta": 214737,
        "low_alpha": 21535,
        "high_alpha": 38899,
        "alpha": 60434,
        "low_beta": 6925,
        "high_beta": 18763,
        "beta": 25688,
        "low_gamma": 55126,
        "mid_gamma": 5774,
        "gamma": 60900,
        "rank": 99.0,
        "value": 99.0,
        "hr": 99.0,
        "unit": "bpm",
        "interpolated_fields": "",
        "image_expected_filename": "2026-07-17_13-11-41.jpg",
        "spectrogram": "https://media.githubusercontent.com/media/jiakun323/geodata-visualization/refs/heads/main/spectrogram/2026-07-17_13-11-41.jpg",
        "familiarity": -11.0,
        "record_id": "record-0186"
      },
      "geometry": {
        "type": "Point",
        "coordinates": [
          113.994194,
          22.593063
        ]
      }
    },
    {
      "type": "Feature",
      "id": "record-0187",
      "properties": {
        "city": "venice",
        "timestamp": "2026-07-17 13:11:46",
        "image": "https://media.githubusercontent.com/media/jiakun323/geodata-visualization/refs/heads/main/extracted_frames/2026-07-17_13-11-46.jpg",
        "audio": "",
        "event_mark": "",
        "heart_rate": 98.0,
        "rr": 627.0,
        "temperature": 36.8,
        "attention": 50.0,
        "relaxation": 74.0,
        "sync_rate": 73.0,
        "mental_effort": -29.0,
        "pitch": -3.0,
        "yaw": 22.0,
        "roll": 0.0,
        "delta": 431523,
        "theta": 11727,
        "low_alpha": 15382,
        "high_alpha": 12134,
        "alpha": 27516,
        "low_beta": 5829,
        "high_beta": 13067,
        "beta": 18896,
        "low_gamma": 10222,
        "mid_gamma": 2543,
        "gamma": 12765,
        "rank": 98.0,
        "value": 98.0,
        "hr": 98.0,
        "unit": "bpm",
        "interpolated_fields": "",
        "image_expected_filename": "2026-07-17_13-11-46.jpg",
        "spectrogram": "https://media.githubusercontent.com/media/jiakun323/geodata-visualization/refs/heads/main/spectrogram/2026-07-17_13-11-46.jpg",
        "familiarity": 4.0,
        "record_id": "record-0187"
      },
      "geometry": {
        "type": "Point",
        "coordinates": [
          113.994227,
          22.593085
        ]
      }
    },
    {
      "type": "Feature",
      "id": "record-0188",
      "properties": {
        "city": "venice",
        "timestamp": "2026-07-17 13:11:51",
        "image": "https://media.githubusercontent.com/media/jiakun323/geodata-visualization/refs/heads/main/extracted_frames/2026-07-17_13-11-51.jpg",
        "audio": "",
        "event_mark": "",
        "heart_rate": 97.0,
        "rr": 650.667,
        "temperature": 36.8,
        "attention": 53.0,
        "relaxation": 63.0,
        "sync_rate": 80.0,
        "mental_effort": -28.0,
        "pitch": -1.0,
        "yaw": 40.0,
        "roll": 0.0,
        "delta": 79483,
        "theta": 55557,
        "low_alpha": 3080,
        "high_alpha": 3007,
        "alpha": 6087,
        "low_beta": 2780,
        "high_beta": 4248,
        "beta": 7028,
        "low_gamma": 6697,
        "mid_gamma": 5068,
        "gamma": 11765,
        "rank": 97.0,
        "value": 97.0,
        "hr": 97.0,
        "unit": "bpm",
        "interpolated_fields": "",
        "image_expected_filename": "2026-07-17_13-11-51.jpg",
        "spectrogram": "https://media.githubusercontent.com/media/jiakun323/geodata-visualization/refs/heads/main/spectrogram/2026-07-17_13-11-51.jpg",
        "familiarity": 14.0,
        "record_id": "record-0188"
      },
      "geometry": {
        "type": "Point",
        "coordinates": [
          113.994261,
          22.593107
        ]
      }
    },
    {
      "type": "Feature",
      "id": "record-0189",
      "properties": {
        "city": "venice",
        "timestamp": "2026-07-17 13:11:56",
        "image": "https://media.githubusercontent.com/media/jiakun323/geodata-visualization/refs/heads/main/extracted_frames/2026-07-17_13-11-56.jpg",
        "audio": "",
        "event_mark": "先躲水坑，后面绕开。",
        "heart_rate": 93.0,
        "rr": 631.0,
        "temperature": 36.8,
        "attention": 53.0,
        "relaxation": 80.0,
        "sync_rate": 55.0,
        "mental_effort": -17.0,
        "pitch": 3.0,
        "yaw": 49.0,
        "roll": -2.0,
        "delta": 32222,
        "theta": 10011,
        "low_alpha": 6266,
        "high_alpha": 4573,
        "alpha": 10839,
        "low_beta": 1871,
        "high_beta": 4214,
        "beta": 6085,
        "low_gamma": 2443,
        "mid_gamma": 1583,
        "gamma": 4026,
        "rank": 93.0,
        "value": 93.0,
        "hr": 93.0,
        "unit": "bpm",
        "interpolated_fields": "",
        "image_expected_filename": "2026-07-17_13-11-56.jpg",
        "spectrogram": "https://media.githubusercontent.com/media/jiakun323/geodata-visualization/refs/heads/main/spectrogram/2026-07-17_13-11-56.jpg",
        "familiarity": -22.0,
        "record_id": "record-0189"
      },
      "geometry": {
        "type": "Point",
        "coordinates": [
          113.994307,
          22.593145
        ]
      }
    },
    {
      "type": "Feature",
      "id": "record-0190",
      "properties": {
        "city": "venice",
        "timestamp": "2026-07-17 13:12:01",
        "image": "https://media.githubusercontent.com/media/jiakun323/geodata-visualization/refs/heads/main/extracted_frames/2026-07-17_13-12-01.jpg",
        "audio": "",
        "event_mark": "",
        "heart_rate": 92.0,
        "rr": 619.0,
        "temperature": 36.8,
        "attention": 69.0,
        "relaxation": 48.0,
        "sync_rate": 41.0,
        "mental_effort": 25.0,
        "pitch": -4.0,
        "yaw": 76.0,
        "roll": -5.0,
        "delta": 671085,
        "theta": 155132,
        "low_alpha": 8574,
        "high_alpha": 41389,
        "alpha": 49963,
        "low_beta": 12548,
        "high_beta": 25283,
        "beta": 37831,
        "low_gamma": 4940,
        "mid_gamma": 6855,
        "gamma": 11795,
        "rank": 92.0,
        "value": 92.0,
        "hr": 92.0,
        "unit": "bpm",
        "interpolated_fields": "",
        "image_expected_filename": "2026-07-17_13-12-01.jpg",
        "spectrogram": "https://media.githubusercontent.com/media/jiakun323/geodata-visualization/refs/heads/main/spectrogram/2026-07-17_13-12-01.jpg",
        "familiarity": 3.0,
        "record_id": "record-0190"
      },
      "geometry": {
        "type": "Point",
        "coordinates": [
          113.994363,
          22.593194
        ]
      }
    },
    {
      "type": "Feature",
      "id": "record-0191",
      "properties": {
        "city": "venice",
        "timestamp": "2026-07-17 13:12:06",
        "image": "https://media.githubusercontent.com/media/jiakun323/geodata-visualization/refs/heads/main/extracted_frames/2026-07-17_13-12-06.jpg",
        "audio": "",
        "event_mark": "",
        "heart_rate": 94.0,
        "rr": 640.0,
        "temperature": 36.8,
        "attention": 50.0,
        "relaxation": 69.0,
        "sync_rate": 36.0,
        "mental_effort": -4.0,
        "pitch": 10.0,
        "yaw": 101.0,
        "roll": -13.0,
        "delta": 76982,
        "theta": 7058,
        "low_alpha": 1475,
        "high_alpha": 5179,
        "alpha": 6654,
        "low_beta": 4518,
        "high_beta": 3451,
        "beta": 7969,
        "low_gamma": 2885,
        "mid_gamma": 1260,
        "gamma": 4145,
        "rank": 94.0,
        "value": 94.0,
        "hr": 94.0,
        "unit": "bpm",
        "interpolated_fields": "",
        "image_expected_filename": "2026-07-17_13-12-06.jpg",
        "spectrogram": "https://media.githubusercontent.com/media/jiakun323/geodata-visualization/refs/heads/main/spectrogram/2026-07-17_13-12-06.jpg",
        "familiarity": 15.0,
        "record_id": "record-0191"
      },
      "geometry": {
        "type": "Point",
        "coordinates": [
          113.994419,
          22.593242
        ]
      }
    },
    {
      "type": "Feature",
      "id": "record-0192",
      "properties": {
        "city": "venice",
        "timestamp": "2026-07-17 13:12:11",
        "image": "https://media.githubusercontent.com/media/jiakun323/geodata-visualization/refs/heads/main/extracted_frames/2026-07-17_13-12-11.jpg",
        "audio": "",
        "event_mark": "",
        "heart_rate": 94.0,
        "rr": 628.0,
        "temperature": 36.8,
        "attention": 11.0,
        "relaxation": 67.0,
        "sync_rate": 40.0,
        "mental_effort": -17.0,
        "pitch": 1.0,
        "yaw": 108.0,
        "roll": 0.0,
        "delta": 488470,
        "theta": 118669,
        "low_alpha": 12816,
        "high_alpha": 20074,
        "alpha": 32890,
        "low_beta": 4632,
        "high_beta": 7817,
        "beta": 12449,
        "low_gamma": 11981,
        "mid_gamma": 6454,
        "gamma": 18435,
        "rank": 94.0,
        "value": 94.0,
        "hr": 94.0,
        "unit": "bpm",
        "interpolated_fields": "",
        "image_expected_filename": "2026-07-17_13-12-11.jpg",
        "spectrogram": "https://media.githubusercontent.com/media/jiakun323/geodata-visualization/refs/heads/main/spectrogram/2026-07-17_13-12-11.jpg",
        "familiarity": 21.0,
        "record_id": "record-0192"
      },
      "geometry": {
        "type": "Point",
        "coordinates": [
          113.994461,
          22.593301
        ]
      }
    },
    {
      "type": "Feature",
      "id": "record-0193",
      "properties": {
        "city": "venice",
        "timestamp": "2026-07-17 13:12:16",
        "image": "https://media.githubusercontent.com/media/jiakun323/geodata-visualization/refs/heads/main/extracted_frames/2026-07-17_13-12-16.jpg",
        "audio": "",
        "event_mark": "",
        "heart_rate": 93.0,
        "rr": 658.0,
        "temperature": 36.9,
        "attention": 50.0,
        "relaxation": 67.0,
        "sync_rate": 43.0,
        "mental_effort": -19.0,
        "pitch": 11.0,
        "yaw": 137.0,
        "roll": -10.0,
        "delta": 168569,
        "theta": 26640,
        "low_alpha": 10323,
        "high_alpha": 2547,
        "alpha": 12870,
        "low_beta": 12508,
        "high_beta": 8032,
        "beta": 20540,
        "low_gamma": 8284,
        "mid_gamma": 3758,
        "gamma": 12042,
        "rank": 93.0,
        "value": 93.0,
        "hr": 93.0,
        "unit": "bpm",
        "interpolated_fields": "",
        "image_expected_filename": "2026-07-17_13-12-16.jpg",
        "spectrogram": "https://media.githubusercontent.com/media/jiakun323/geodata-visualization/refs/heads/main/spectrogram/2026-07-17_13-12-16.jpg",
        "familiarity": -5.0,
        "record_id": "record-0193"
      },
      "geometry": {
        "type": "Point",
        "coordinates": [
          113.994506,
          22.59334
        ]
      }
    },
    {
      "type": "Feature",
      "id": "record-0194",
      "properties": {
        "city": "venice",
        "timestamp": "2026-07-17 13:12:21",
        "image": "https://media.githubusercontent.com/media/jiakun323/geodata-visualization/refs/heads/main/extracted_frames/2026-07-17_13-12-21.jpg",
        "audio": "",
        "event_mark": "",
        "heart_rate": 93.0,
        "rr": 619.667,
        "temperature": 36.8,
        "attention": 61.0,
        "relaxation": 47.0,
        "sync_rate": 34.0,
        "mental_effort": -25.0,
        "pitch": -65.0,
        "yaw": 106.0,
        "roll": 10.0,
        "delta": 1121217,
        "theta": 685141,
        "low_alpha": 48186,
        "high_alpha": 16903,
        "alpha": 65089,
        "low_beta": 26906,
        "high_beta": 51847,
        "beta": 78753,
        "low_gamma": 46690,
        "mid_gamma": 19962,
        "gamma": 66652,
        "rank": 93.0,
        "value": 93.0,
        "hr": 93.0,
        "unit": "bpm",
        "interpolated_fields": "",
        "image_expected_filename": "2026-07-17_13-12-21.jpg",
        "spectrogram": "https://media.githubusercontent.com/media/jiakun323/geodata-visualization/refs/heads/main/spectrogram/2026-07-17_13-12-21.jpg",
        "familiarity": 1.0,
        "record_id": "record-0194"
      },
      "geometry": {
        "type": "Point",
        "coordinates": [
          113.994558,
          22.593346
        ]
      }
    },
    {
      "type": "Feature",
      "id": "record-0195",
      "properties": {
        "city": "venice",
        "timestamp": "2026-07-17 13:12:26",
        "image": "https://media.githubusercontent.com/media/jiakun323/geodata-visualization/refs/heads/main/extracted_frames/2026-07-17_13-12-26.jpg",
        "audio": "",
        "event_mark": "",
        "heart_rate": 92.0,
        "rr": 614.0,
        "temperature": 36.9,
        "attention": 27.0,
        "relaxation": 87.0,
        "sync_rate": 37.0,
        "mental_effort": -8.0,
        "pitch": 10.0,
        "yaw": 138.0,
        "roll": -2.0,
        "delta": 1832124,
        "theta": 243249,
        "low_alpha": 184212,
        "high_alpha": 52832,
        "alpha": 237044,
        "low_beta": 33411,
        "high_beta": 40272,
        "beta": 73683,
        "low_gamma": 42495,
        "mid_gamma": 15454,
        "gamma": 57949,
        "rank": 92.0,
        "value": 92.0,
        "hr": 92.0,
        "unit": "bpm",
        "interpolated_fields": "",
        "image_expected_filename": "2026-07-17_13-12-26.jpg",
        "spectrogram": "https://media.githubusercontent.com/media/jiakun323/geodata-visualization/refs/heads/main/spectrogram/2026-07-17_13-12-26.jpg",
        "familiarity": -27.0,
        "record_id": "record-0195"
      },
      "geometry": {
        "type": "Point",
        "coordinates": [
          113.99461,
          22.593352
        ]
      }
    },
    {
      "type": "Feature",
      "id": "record-0196",
      "properties": {
        "city": "venice",
        "timestamp": "2026-07-17 13:12:31",
        "image": "https://media.githubusercontent.com/media/jiakun323/geodata-visualization/refs/heads/main/extracted_frames/2026-07-17_13-12-31.jpg",
        "audio": "",
        "event_mark": "",
        "heart_rate": 94.0,
        "rr": 586.5,
        "temperature": 36.9,
        "attention": 69.0,
        "relaxation": 60.0,
        "sync_rate": 43.0,
        "mental_effort": -10.0,
        "pitch": -19.0,
        "yaw": -148.0,
        "roll": -15.0,
        "delta": 169122,
        "theta": 15838,
        "low_alpha": 1771,
        "high_alpha": 5782,
        "alpha": 7553,
        "low_beta": 13606,
        "high_beta": 13936,
        "beta": 27542,
        "low_gamma": 9701,
        "mid_gamma": 910,
        "gamma": 10611,
        "rank": 94.0,
        "value": 94.0,
        "hr": 94.0,
        "unit": "bpm",
        "interpolated_fields": "",
        "image_expected_filename": "2026-07-17_13-12-31.jpg",
        "spectrogram": "https://media.githubusercontent.com/media/jiakun323/geodata-visualization/refs/heads/main/spectrogram/2026-07-17_13-12-31.jpg",
        "familiarity": 17.0,
        "record_id": "record-0196"
      },
      "geometry": {
        "type": "Point",
        "coordinates": [
          113.994662,
          22.593358
        ]
      }
    },
    {
      "type": "Feature",
      "id": "record-0197",
      "properties": {
        "city": "venice",
        "timestamp": "2026-07-17 13:12:36",
        "image": "https://media.githubusercontent.com/media/jiakun323/geodata-visualization/refs/heads/main/extracted_frames/2026-07-17_13-12-36.jpg",
        "audio": "",
        "event_mark": "",
        "heart_rate": 97.0,
        "rr": 597.0,
        "temperature": 36.9,
        "attention": 77.0,
        "relaxation": 69.0,
        "sync_rate": 23.0,
        "mental_effort": -14.0,
        "pitch": 12.0,
        "yaw": -126.0,
        "roll": 0.0,
        "delta": 118736,
        "theta": 16041,
        "low_alpha": 27657,
        "high_alpha": 49112,
        "alpha": 76769,
        "low_beta": 11483,
        "high_beta": 53787,
        "beta": 65270,
        "low_gamma": 25041,
        "mid_gamma": 8727,
        "gamma": 33768,
        "rank": 97.0,
        "value": 97.0,
        "hr": 97.0,
        "unit": "bpm",
        "interpolated_fields": "",
        "image_expected_filename": "2026-07-17_13-12-36.jpg",
        "spectrogram": "https://media.githubusercontent.com/media/jiakun323/geodata-visualization/refs/heads/main/spectrogram/2026-07-17_13-12-36.jpg",
        "familiarity": 8.0,
        "record_id": "record-0197"
      },
      "geometry": {
        "type": "Point",
        "coordinates": [
          113.994714,
          22.593365
        ]
      }
    },
    {
      "type": "Feature",
      "id": "record-0198",
      "properties": {
        "city": "venice",
        "timestamp": "2026-07-17 13:12:41",
        "image": "https://media.githubusercontent.com/media/jiakun323/geodata-visualization/refs/heads/main/extracted_frames/2026-07-17_13-12-41.jpg",
        "audio": "",
        "event_mark": "",
        "heart_rate": 98.0,
        "rr": 613.0,
        "temperature": 36.9,
        "attention": 75.0,
        "relaxation": 60.0,
        "sync_rate": 43.0,
        "mental_effort": -13.0,
        "pitch": -1.0,
        "yaw": -130.0,
        "roll": 4.0,
        "delta": 122310,
        "theta": 186095,
        "low_alpha": 21426,
        "high_alpha": 10414,
        "alpha": 31840,
        "low_beta": 15229,
        "high_beta": 31642,
        "beta": 46871,
        "low_gamma": 37200,
        "mid_gamma": 9740,
        "gamma": 46940,
        "rank": 98.0,
        "value": 98.0,
        "hr": 98.0,
        "unit": "bpm",
        "interpolated_fields": "",
        "image_expected_filename": "2026-07-17_13-12-41.jpg",
        "spectrogram": "https://media.githubusercontent.com/media/jiakun323/geodata-visualization/refs/heads/main/spectrogram/2026-07-17_13-12-41.jpg",
        "familiarity": 10.0,
        "record_id": "record-0198"
      },
      "geometry": {
        "type": "Point",
        "coordinates": [
          113.994766,
          22.593371
        ]
      }
    },
    {
      "type": "Feature",
      "id": "record-0199",
      "properties": {
        "city": "venice",
        "timestamp": "2026-07-17 13:12:46",
        "image": "https://media.githubusercontent.com/media/jiakun323/geodata-visualization/refs/heads/main/extracted_frames/2026-07-17_13-12-46.jpg",
        "audio": "",
        "event_mark": "",
        "heart_rate": 98.0,
        "rr": 623.333,
        "temperature": 36.9,
        "attention": 78.0,
        "relaxation": 40.0,
        "sync_rate": 33.0,
        "mental_effort": -37.0,
        "pitch": -12.0,
        "yaw": -96.0,
        "roll": -4.0,
        "delta": 228191,
        "theta": 258397,
        "low_alpha": 18238,
        "high_alpha": 6460,
        "alpha": 24698,
        "low_beta": 22921,
        "high_beta": 81897,
        "beta": 104818,
        "low_gamma": 64608,
        "mid_gamma": 20041,
        "gamma": 84649,
        "rank": 98.0,
        "value": 98.0,
        "hr": 98.0,
        "unit": "bpm",
        "interpolated_fields": "",
        "image_expected_filename": "2026-07-17_13-12-46.jpg",
        "spectrogram": "https://media.githubusercontent.com/media/jiakun323/geodata-visualization/refs/heads/main/spectrogram/2026-07-17_13-12-46.jpg",
        "familiarity": -32.0,
        "record_id": "record-0199"
      },
      "geometry": {
        "type": "Point",
        "coordinates": [
          113.994818,
          22.593377
        ]
      }
    },
    {
      "type": "Feature",
      "id": "record-0200",
      "properties": {
        "city": "venice",
        "timestamp": "2026-07-17 13:12:51",
        "image": "https://media.githubusercontent.com/media/jiakun323/geodata-visualization/refs/heads/main/extracted_frames/2026-07-17_13-12-51.jpg",
        "audio": "",
        "event_mark": "",
        "heart_rate": 97.0,
        "rr": 573.0,
        "temperature": 37.0,
        "attention": 78.0,
        "relaxation": 66.0,
        "sync_rate": 54.0,
        "mental_effort": -34.0,
        "pitch": -2.0,
        "yaw": -59.0,
        "roll": -4.0,
        "delta": 43817,
        "theta": 34627,
        "low_alpha": 9747,
        "high_alpha": 12917,
        "alpha": 22664,
        "low_beta": 15166,
        "high_beta": 15403,
        "beta": 30569,
        "low_gamma": 7277,
        "mid_gamma": 4506,
        "gamma": 11783,
        "rank": 97.0,
        "value": 97.0,
        "hr": 97.0,
        "unit": "bpm",
        "interpolated_fields": "",
        "image_expected_filename": "2026-07-17_13-12-51.jpg",
        "spectrogram": "https://media.githubusercontent.com/media/jiakun323/geodata-visualization/refs/heads/main/spectrogram/2026-07-17_13-12-51.jpg",
        "familiarity": -25.0,
        "record_id": "record-0200"
      },
      "geometry": {
        "type": "Point",
        "coordinates": [
          113.99487,
          22.593383
        ]
      }
    },
    {
      "type": "Feature",
      "id": "record-0201",
      "properties": {
        "city": "venice",
        "timestamp": "2026-07-17 13:12:56",
        "image": "https://media.githubusercontent.com/media/jiakun323/geodata-visualization/refs/heads/main/extracted_frames/2026-07-17_13-12-56.jpg",
        "audio": "",
        "event_mark": "",
        "heart_rate": 97.0,
        "rr": 598.0,
        "temperature": 37.0,
        "attention": 44.0,
        "relaxation": 74.0,
        "sync_rate": 42.0,
        "mental_effort": -32.0,
        "pitch": 25.0,
        "yaw": -79.0,
        "roll": -9.0,
        "delta": 33949,
        "theta": 24507,
        "low_alpha": 10788,
        "high_alpha": 19309,
        "alpha": 30097,
        "low_beta": 15015,
        "high_beta": 3755,
        "beta": 18770,
        "low_gamma": 13584,
        "mid_gamma": 4172,
        "gamma": 17756,
        "rank": 97.0,
        "value": 97.0,
        "hr": 97.0,
        "unit": "bpm",
        "interpolated_fields": "",
        "image_expected_filename": "2026-07-17_13-12-56.jpg",
        "spectrogram": "https://media.githubusercontent.com/media/jiakun323/geodata-visualization/refs/heads/main/spectrogram/2026-07-17_13-12-56.jpg",
        "familiarity": 12.0,
        "record_id": "record-0201"
      },
      "geometry": {
        "type": "Point",
        "coordinates": [
          113.994922,
          22.59339
        ]
      }
    },
    {
      "type": "Feature",
      "id": "record-0202",
      "properties": {
        "city": "venice",
        "timestamp": "2026-07-17 13:13:01",
        "image": "https://media.githubusercontent.com/media/jiakun323/geodata-visualization/refs/heads/main/extracted_frames/2026-07-17_13-13-01.jpg",
        "audio": "",
        "event_mark": "",
        "heart_rate": 99.0,
        "rr": 594.5,
        "temperature": 36.9,
        "attention": 38.0,
        "relaxation": 78.0,
        "sync_rate": 29.0,
        "mental_effort": -31.0,
        "pitch": 13.0,
        "yaw": -14.0,
        "roll": -13.0,
        "delta": 42268,
        "theta": 18735,
        "low_alpha": 24724,
        "high_alpha": 7444,
        "alpha": 32168,
        "low_beta": 9931,
        "high_beta": 5076,
        "beta": 15007,
        "low_gamma": 2698,
        "mid_gamma": 923,
        "gamma": 3621,
        "rank": 99.0,
        "value": 99.0,
        "hr": 99.0,
        "unit": "bpm",
        "interpolated_fields": "",
        "image_expected_filename": "2026-07-17_13-13-01.jpg",
        "spectrogram": "https://media.githubusercontent.com/media/jiakun323/geodata-visualization/refs/heads/main/spectrogram/2026-07-17_13-13-01.jpg",
        "familiarity": -4.0,
        "record_id": "record-0202"
      },
      "geometry": {
        "type": "Point",
        "coordinates": [
          113.994974,
          22.593396
        ]
      }
    },
    {
      "type": "Feature",
      "id": "record-0203",
      "properties": {
        "city": "venice",
        "timestamp": "2026-07-17 13:13:06",
        "image": "https://media.githubusercontent.com/media/jiakun323/geodata-visualization/refs/heads/main/extracted_frames/2026-07-17_13-13-06.jpg",
        "audio": "",
        "event_mark": "",
        "heart_rate": 100.0,
        "rr": 611.0,
        "temperature": 37.0,
        "attention": 57.0,
        "relaxation": 80.0,
        "sync_rate": 44.0,
        "mental_effort": -11.0,
        "pitch": 18.0,
        "yaw": -24.0,
        "roll": 0.0,
        "delta": 520111,
        "theta": 120395,
        "low_alpha": 50483,
        "high_alpha": 16699,
        "alpha": 67182,
        "low_beta": 9286,
        "high_beta": 18496,
        "beta": 27782,
        "low_gamma": 9140,
        "mid_gamma": 5235,
        "gamma": 14375,
        "rank": 100.0,
        "value": 100.0,
        "hr": 100.0,
        "unit": "bpm",
        "interpolated_fields": "rr",
        "image_expected_filename": "2026-07-17_13-13-06.jpg",
        "spectrogram": "https://media.githubusercontent.com/media/jiakun323/geodata-visualization/refs/heads/main/spectrogram/2026-07-17_13-13-06.jpg",
        "familiarity": -14.0,
        "record_id": "record-0203"
      },
      "geometry": {
        "type": "Point",
        "coordinates": [
          113.995019,
          22.593406
        ]
      }
    },
    {
      "type": "Feature",
      "id": "record-0204",
      "properties": {
        "city": "venice",
        "timestamp": "2026-07-17 13:13:11",
        "image": "https://media.githubusercontent.com/media/jiakun323/geodata-visualization/refs/heads/main/extracted_frames/2026-07-17_13-13-11.jpg",
        "audio": "",
        "event_mark": "",
        "heart_rate": 98.0,
        "rr": 618.5,
        "temperature": 37.0,
        "attention": 54.0,
        "relaxation": 67.0,
        "sync_rate": 58.0,
        "mental_effort": -30.0,
        "pitch": -20.0,
        "yaw": 10.0,
        "roll": -7.0,
        "delta": 20301,
        "theta": 4379,
        "low_alpha": 2567,
        "high_alpha": 5508,
        "alpha": 8075,
        "low_beta": 3840,
        "high_beta": 8213,
        "beta": 12053,
        "low_gamma": 7544,
        "mid_gamma": 4501,
        "gamma": 12045,
        "rank": 98.0,
        "value": 98.0,
        "hr": 98.0,
        "unit": "bpm",
        "interpolated_fields": "",
        "image_expected_filename": "2026-07-17_13-13-11.jpg",
        "spectrogram": "https://media.githubusercontent.com/media/jiakun323/geodata-visualization/refs/heads/main/spectrogram/2026-07-17_13-13-11.jpg",
        "familiarity": 11.0,
        "record_id": "record-0204"
      },
      "geometry": {
        "type": "Point",
        "coordinates": [
          113.995063,
          22.593416
        ]
      }
    },
    {
      "type": "Feature",
      "id": "record-0205",
      "properties": {
        "city": "venice",
        "timestamp": "2026-07-17 13:13:16",
        "image": "https://media.githubusercontent.com/media/jiakun323/geodata-visualization/refs/heads/main/extracted_frames/2026-07-17_13-13-16.jpg",
        "audio": "",
        "event_mark": "",
        "heart_rate": 97.0,
        "rr": 595.0,
        "temperature": 36.9,
        "attention": 40.0,
        "relaxation": 50.0,
        "sync_rate": 59.0,
        "mental_effort": 24.0,
        "pitch": 0.0,
        "yaw": 23.0,
        "roll": -8.0,
        "delta": 40967,
        "theta": 19515,
        "low_alpha": 9154,
        "high_alpha": 7855,
        "alpha": 17009,
        "low_beta": 4705,
        "high_beta": 12358,
        "beta": 17063,
        "low_gamma": 13175,
        "mid_gamma": 5591,
        "gamma": 18766,
        "rank": 97.0,
        "value": 97.0,
        "hr": 97.0,
        "unit": "bpm",
        "interpolated_fields": "",
        "image_expected_filename": "2026-07-17_13-13-16.jpg",
        "spectrogram": "https://media.githubusercontent.com/media/jiakun323/geodata-visualization/refs/heads/main/spectrogram/2026-07-17_13-13-16.jpg",
        "familiarity": 7.0,
        "record_id": "record-0205"
      },
      "geometry": {
        "type": "Point",
        "coordinates": [
          113.995108,
          22.593426
        ]
      }
    },
    {
      "type": "Feature",
      "id": "record-0206",
      "properties": {
        "city": "venice",
        "timestamp": "2026-07-17 13:13:21",
        "image": "https://media.githubusercontent.com/media/jiakun323/geodata-visualization/refs/heads/main/extracted_frames/2026-07-17_13-13-21.jpg",
        "audio": "",
        "event_mark": "",
        "heart_rate": 96.0,
        "rr": 650.0,
        "temperature": 37.0,
        "attention": 34.0,
        "relaxation": 50.0,
        "sync_rate": 66.0,
        "mental_effort": -7.0,
        "pitch": 21.0,
        "yaw": 39.0,
        "roll": -6.0,
        "delta": 842554,
        "theta": 415203,
        "low_alpha": 264333,
        "high_alpha": 111884,
        "alpha": 376217,
        "low_beta": 14601,
        "high_beta": 24329,
        "beta": 38930,
        "low_gamma": 75408,
        "mid_gamma": 48567,
        "gamma": 123975,
        "rank": 96.0,
        "value": 96.0,
        "hr": 96.0,
        "unit": "bpm",
        "interpolated_fields": "",
        "image_expected_filename": "2026-07-17_13-13-21.jpg",
        "spectrogram": "https://media.githubusercontent.com/media/jiakun323/geodata-visualization/refs/heads/main/spectrogram/2026-07-17_13-13-21.jpg",
        "familiarity": 17.0,
        "record_id": "record-0206"
      },
      "geometry": {
        "type": "Point",
        "coordinates": [
          113.995152,
          22.593436
        ]
      }
    },
    {
      "type": "Feature",
      "id": "record-0207",
      "properties": {
        "city": "venice",
        "timestamp": "2026-07-17 13:13:26",
        "image": "https://media.githubusercontent.com/media/jiakun323/geodata-visualization/refs/heads/main/extracted_frames/2026-07-17_13-13-26.jpg",
        "audio": "",
        "event_mark": "",
        "heart_rate": 96.0,
        "rr": 615.0,
        "temperature": 37.0,
        "attention": 67.0,
        "relaxation": 54.0,
        "sync_rate": 64.0,
        "mental_effort": 2.0,
        "pitch": 14.0,
        "yaw": 74.0,
        "roll": -14.0,
        "delta": 462922,
        "theta": 76233,
        "low_alpha": 57274,
        "high_alpha": 23897,
        "alpha": 81171,
        "low_beta": 27742,
        "high_beta": 35978,
        "beta": 63720,
        "low_gamma": 41593,
        "mid_gamma": 24160,
        "gamma": 65753,
        "rank": 96.0,
        "value": 96.0,
        "hr": 96.0,
        "unit": "bpm",
        "interpolated_fields": "",
        "image_expected_filename": "2026-07-17_13-13-26.jpg",
        "spectrogram": "https://media.githubusercontent.com/media/jiakun323/geodata-visualization/refs/heads/main/spectrogram/2026-07-17_13-13-26.jpg",
        "familiarity": 10.0,
        "record_id": "record-0207"
      },
      "geometry": {
        "type": "Point",
        "coordinates": [
          113.995197,
          22.593446
        ]
      }
    },
    {
      "type": "Feature",
      "id": "record-0208",
      "properties": {
        "city": "venice",
        "timestamp": "2026-07-17 13:13:31",
        "image": "https://media.githubusercontent.com/media/jiakun323/geodata-visualization/refs/heads/main/extracted_frames/2026-07-17_13-13-31.jpg",
        "audio": "",
        "event_mark": "等红绿灯，看他的裤子湿了没有。然后立马前行",
        "heart_rate": 94.0,
        "rr": 635.5,
        "temperature": 37.0,
        "attention": 41.0,
        "relaxation": 38.0,
        "sync_rate": 72.0,
        "mental_effort": -16.0,
        "pitch": -2.0,
        "yaw": 85.0,
        "roll": 0.0,
        "delta": 507729,
        "theta": 927201,
        "low_alpha": 43242,
        "high_alpha": 95955,
        "alpha": 139197,
        "low_beta": 55872,
        "high_beta": 106721,
        "beta": 162593,
        "low_gamma": 153032,
        "mid_gamma": 62489,
        "gamma": 215521,
        "rank": 94.0,
        "value": 94.0,
        "hr": 94.0,
        "unit": "bpm",
        "interpolated_fields": "",
        "image_expected_filename": "2026-07-17_13-13-31.jpg",
        "spectrogram": "https://media.githubusercontent.com/media/jiakun323/geodata-visualization/refs/heads/main/spectrogram/2026-07-17_13-13-31.jpg",
        "familiarity": 6.0,
        "record_id": "record-0208"
      },
      "geometry": {
        "type": "Point",
        "coordinates": [
          113.995241,
          22.593456
        ]
      }
    },
    {
      "type": "Feature",
      "id": "record-0209",
      "properties": {
        "city": "venice",
        "timestamp": "2026-07-17 13:13:36",
        "image": "https://media.githubusercontent.com/media/jiakun323/geodata-visualization/refs/heads/main/extracted_frames/2026-07-17_13-13-36.jpg",
        "audio": "",
        "event_mark": "",
        "heart_rate": 94.0,
        "rr": 644.0,
        "temperature": 37.0,
        "attention": 44.0,
        "relaxation": 34.0,
        "sync_rate": 59.0,
        "mental_effort": -21.0,
        "pitch": 19.0,
        "yaw": 99.0,
        "roll": -8.0,
        "delta": 379714,
        "theta": 411307,
        "low_alpha": 16566,
        "high_alpha": 33906,
        "alpha": 50472,
        "low_beta": 47790,
        "high_beta": 67623,
        "beta": 115413,
        "low_gamma": 35359,
        "mid_gamma": 9772,
        "gamma": 45131,
        "rank": 94.0,
        "value": 94.0,
        "hr": 94.0,
        "unit": "bpm",
        "interpolated_fields": "",
        "image_expected_filename": "2026-07-17_13-13-36.jpg",
        "spectrogram": "https://media.githubusercontent.com/media/jiakun323/geodata-visualization/refs/heads/main/spectrogram/2026-07-17_13-13-36.jpg",
        "familiarity": 4.0,
        "record_id": "record-0209"
      },
      "geometry": {
        "type": "Point",
        "coordinates": [
          113.995286,
          22.593466
        ]
      }
    },
    {
      "type": "Feature",
      "id": "record-0210",
      "properties": {
        "city": "venice",
        "timestamp": "2026-07-17 13:13:41",
        "image": "https://media.githubusercontent.com/media/jiakun323/geodata-visualization/refs/heads/main/extracted_frames/2026-07-17_13-13-41.jpg",
        "audio": "",
        "event_mark": "",
        "heart_rate": 93.0,
        "rr": 651.0,
        "temperature": 37.0,
        "attention": 53.0,
        "relaxation": 43.0,
        "sync_rate": 39.0,
        "mental_effort": 9.0,
        "pitch": 9.0,
        "yaw": 130.0,
        "roll": -11.0,
        "delta": 853671,
        "theta": 41711,
        "low_alpha": 2264,
        "high_alpha": 3848,
        "alpha": 6112,
        "low_beta": 4193,
        "high_beta": 13118,
        "beta": 17311,
        "low_gamma": 13548,
        "mid_gamma": 3937,
        "gamma": 17485,
        "rank": 93.0,
        "value": 93.0,
        "hr": 93.0,
        "unit": "bpm",
        "interpolated_fields": "",
        "image_expected_filename": "2026-07-17_13-13-41.jpg",
        "spectrogram": "https://media.githubusercontent.com/media/jiakun323/geodata-visualization/refs/heads/main/spectrogram/2026-07-17_13-13-41.jpg",
        "familiarity": 16.0,
        "record_id": "record-0210"
      },
      "geometry": {
        "type": "Point",
        "coordinates": [
          113.99533,
          22.593476
        ]
      }
    },
    {
      "type": "Feature",
      "id": "record-0211",
      "properties": {
        "city": "venice",
        "timestamp": "2026-07-17 13:13:46",
        "image": "https://media.githubusercontent.com/media/jiakun323/geodata-visualization/refs/heads/main/extracted_frames/2026-07-17_13-13-46.jpg",
        "audio": "",
        "event_mark": "",
        "heart_rate": 91.0,
        "rr": 625.266,
        "temperature": 37.0,
        "attention": 56.0,
        "relaxation": 56.0,
        "sync_rate": 57.0,
        "mental_effort": -3.0,
        "pitch": -1.0,
        "yaw": 156.0,
        "roll": -7.0,
        "delta": 553875,
        "theta": 257347,
        "low_alpha": 55108,
        "high_alpha": 50933,
        "alpha": 106041,
        "low_beta": 38418,
        "high_beta": 67831,
        "beta": 106249,
        "low_gamma": 28957,
        "mid_gamma": 29414,
        "gamma": 58371,
        "rank": 91.0,
        "value": 91.0,
        "hr": 91.0,
        "unit": "bpm",
        "interpolated_fields": "rr",
        "image_expected_filename": "2026-07-17_13-13-46.jpg",
        "spectrogram": "https://media.githubusercontent.com/media/jiakun323/geodata-visualization/refs/heads/main/spectrogram/2026-07-17_13-13-46.jpg",
        "familiarity": 13.0,
        "record_id": "record-0211"
      },
      "geometry": {
        "type": "Point",
        "coordinates": [
          113.995375,
          22.593486
        ]
      }
    },
    {
      "type": "Feature",
      "id": "record-0212",
      "properties": {
        "city": "venice",
        "timestamp": "2026-07-17 13:13:51",
        "image": "https://media.githubusercontent.com/media/jiakun323/geodata-visualization/refs/heads/main/extracted_frames/2026-07-17_13-13-51.jpg",
        "audio": "",
        "event_mark": "",
        "heart_rate": 93.0,
        "rr": 621.667,
        "temperature": 37.0,
        "attention": 30.0,
        "relaxation": 56.0,
        "sync_rate": 64.0,
        "mental_effort": -17.0,
        "pitch": 32.0,
        "yaw": 173.0,
        "roll": -23.0,
        "delta": 885921,
        "theta": 307892,
        "low_alpha": 66461,
        "high_alpha": 38816,
        "alpha": 105277,
        "low_beta": 26360,
        "high_beta": 18208,
        "beta": 44568,
        "low_gamma": 17120,
        "mid_gamma": 18479,
        "gamma": 35599,
        "rank": 93.0,
        "value": 93.0,
        "hr": 93.0,
        "unit": "bpm",
        "interpolated_fields": "rr",
        "image_expected_filename": "2026-07-17_13-13-51.jpg",
        "spectrogram": "https://media.githubusercontent.com/media/jiakun323/geodata-visualization/refs/heads/main/spectrogram/2026-07-17_13-13-51.jpg",
        "familiarity": 4.0,
        "record_id": "record-0212"
      },
      "geometry": {
        "type": "Point",
        "coordinates": [
          113.995419,
          22.593496
        ]
      }
    },
    {
      "type": "Feature",
      "id": "record-0213",
      "properties": {
        "city": "venice",
        "timestamp": "2026-07-17 13:13:56",
        "image": "https://media.githubusercontent.com/media/jiakun323/geodata-visualization/refs/heads/main/extracted_frames/2026-07-17_13-13-56.jpg",
        "audio": "",
        "event_mark": "",
        "heart_rate": 94.0,
        "rr": 633.0,
        "temperature": 37.0,
        "attention": 53.0,
        "relaxation": 66.0,
        "sync_rate": 62.0,
        "mental_effort": -1.0,
        "pitch": 17.0,
        "yaw": -168.0,
        "roll": -5.0,
        "delta": 238103,
        "theta": 207622,
        "low_alpha": 89282,
        "high_alpha": 36944,
        "alpha": 126226,
        "low_beta": 10602,
        "high_beta": 39674,
        "beta": 50276,
        "low_gamma": 30632,
        "mid_gamma": 5814,
        "gamma": 36446,
        "rank": 94.0,
        "value": 94.0,
        "hr": 94.0,
        "unit": "bpm",
        "interpolated_fields": "",
        "image_expected_filename": "2026-07-17_13-13-56.jpg",
        "spectrogram": "https://media.githubusercontent.com/media/jiakun323/geodata-visualization/refs/heads/main/spectrogram/2026-07-17_13-13-56.jpg",
        "familiarity": 14.0,
        "record_id": "record-0213"
      },
      "geometry": {
        "type": "Point",
        "coordinates": [
          113.995464,
          22.593506
        ]
      }
    },
    {
      "type": "Feature",
      "id": "record-0214",
      "properties": {
        "city": "venice",
        "timestamp": "2026-07-17 13:14:01",
        "image": "https://media.githubusercontent.com/media/jiakun323/geodata-visualization/refs/heads/main/extracted_frames/2026-07-17_13-14-01.jpg",
        "audio": "",
        "event_mark": "",
        "heart_rate": 94.0,
        "rr": 615.0,
        "temperature": 37.0,
        "attention": 64.0,
        "relaxation": 67.0,
        "sync_rate": 83.0,
        "mental_effort": 9.0,
        "pitch": -20.0,
        "yaw": -156.0,
        "roll": -7.0,
        "delta": 205153,
        "theta": 93582,
        "low_alpha": 20684,
        "high_alpha": 16887,
        "alpha": 37571,
        "low_beta": 10021,
        "high_beta": 16904,
        "beta": 26925,
        "low_gamma": 16134,
        "mid_gamma": 20135,
        "gamma": 36269,
        "rank": 94.0,
        "value": 94.0,
        "hr": 94.0,
        "unit": "bpm",
        "interpolated_fields": "",
        "image_expected_filename": "2026-07-17_13-14-01.jpg",
        "spectrogram": "https://media.githubusercontent.com/media/jiakun323/geodata-visualization/refs/heads/main/spectrogram/2026-07-17_13-14-01.jpg",
        "familiarity": 0.0,
        "record_id": "record-0214"
      },
      "geometry": {
        "type": "Point",
        "coordinates": [
          113.995508,
          22.593516
        ]
      }
    },
    {
      "type": "Feature",
      "id": "record-0215",
      "properties": {
        "city": "venice",
        "timestamp": "2026-07-17 13:14:06",
        "image": "https://media.githubusercontent.com/media/jiakun323/geodata-visualization/refs/heads/main/extracted_frames/2026-07-17_13-14-06.jpg",
        "audio": "",
        "event_mark": "",
        "heart_rate": 95.0,
        "rr": 592.6,
        "temperature": 37.0,
        "attention": 34.0,
        "relaxation": 54.0,
        "sync_rate": 64.0,
        "mental_effort": 7.0,
        "pitch": -12.0,
        "yaw": -139.0,
        "roll": 1.0,
        "delta": 357344,
        "theta": 15350,
        "low_alpha": 3999,
        "high_alpha": 9274,
        "alpha": 13273,
        "low_beta": 11037,
        "high_beta": 6404,
        "beta": 17441,
        "low_gamma": 18428,
        "mid_gamma": 2451,
        "gamma": 20879,
        "rank": 95.0,
        "value": 95.0,
        "hr": 95.0,
        "unit": "bpm",
        "interpolated_fields": "",
        "image_expected_filename": "2026-07-17_13-14-06.jpg",
        "spectrogram": "https://media.githubusercontent.com/media/jiakun323/geodata-visualization/refs/heads/main/spectrogram/2026-07-17_13-14-06.jpg",
        "familiarity": 17.0,
        "record_id": "record-0215"
      },
      "geometry": {
        "type": "Point",
        "coordinates": [
          113.995553,
          22.593531
        ]
      }
    },
    {
      "type": "Feature",
      "id": "record-0216",
      "properties": {
        "city": "venice",
        "timestamp": "2026-07-17 13:14:11",
        "image": "https://media.githubusercontent.com/media/jiakun323/geodata-visualization/refs/heads/main/extracted_frames/2026-07-17_13-14-11.jpg",
        "audio": "",
        "event_mark": "",
        "heart_rate": 98.0,
        "rr": 588.0,
        "temperature": 37.0,
        "attention": 44.0,
        "relaxation": 56.0,
        "sync_rate": 48.0,
        "mental_effort": -33.0,
        "pitch": 33.0,
        "yaw": -72.0,
        "roll": -12.0,
        "delta": 697301,
        "theta": 48099,
        "low_alpha": 46367,
        "high_alpha": 26869,
        "alpha": 73236,
        "low_beta": 8163,
        "high_beta": 13491,
        "beta": 21654,
        "low_gamma": 21981,
        "mid_gamma": 8648,
        "gamma": 30629,
        "rank": 98.0,
        "value": 98.0,
        "hr": 98.0,
        "unit": "bpm",
        "interpolated_fields": "",
        "image_expected_filename": "2026-07-17_13-14-11.jpg",
        "spectrogram": "https://media.githubusercontent.com/media/jiakun323/geodata-visualization/refs/heads/main/spectrogram/2026-07-17_13-14-11.jpg",
        "familiarity": 4.0,
        "record_id": "record-0216"
      },
      "geometry": {
        "type": "Point",
        "coordinates": [
          113.995599,
          22.59355
        ]
      }
    },
    {
      "type": "Feature",
      "id": "record-0217",
      "properties": {
        "city": "venice",
        "timestamp": "2026-07-17 13:14:16",
        "image": "https://media.githubusercontent.com/media/jiakun323/geodata-visualization/refs/heads/main/extracted_frames/2026-07-17_13-14-16.jpg",
        "audio": "",
        "event_mark": "",
        "heart_rate": 100.0,
        "rr": 596.5,
        "temperature": 37.0,
        "attention": 44.0,
        "relaxation": 47.0,
        "sync_rate": 71.0,
        "mental_effort": -17.0,
        "pitch": 20.0,
        "yaw": -49.0,
        "roll": -33.0,
        "delta": 132866,
        "theta": 77753,
        "low_alpha": 5381,
        "high_alpha": 5998,
        "alpha": 11379,
        "low_beta": 22866,
        "high_beta": 21037,
        "beta": 43903,
        "low_gamma": 8408,
        "mid_gamma": 2976,
        "gamma": 11384,
        "rank": 100.0,
        "value": 100.0,
        "hr": 100.0,
        "unit": "bpm",
        "interpolated_fields": "",
        "image_expected_filename": "2026-07-17_13-14-16.jpg",
        "spectrogram": "https://media.githubusercontent.com/media/jiakun323/geodata-visualization/refs/heads/main/spectrogram/2026-07-17_13-14-16.jpg",
        "familiarity": 10.0,
        "record_id": "record-0217"
      },
      "geometry": {
        "type": "Point",
        "coordinates": [
          113.995644,
          22.593569
        ]
      }
    },
    {
      "type": "Feature",
      "id": "record-0218",
      "properties": {
        "city": "venice",
        "timestamp": "2026-07-17 13:14:21",
        "image": "https://media.githubusercontent.com/media/jiakun323/geodata-visualization/refs/heads/main/extracted_frames/2026-07-17_13-14-21.jpg",
        "audio": "",
        "event_mark": "",
        "heart_rate": 100.0,
        "rr": 615.5,
        "temperature": 37.0,
        "attention": 40.0,
        "relaxation": 48.0,
        "sync_rate": 64.0,
        "mental_effort": -26.0,
        "pitch": 22.0,
        "yaw": -63.0,
        "roll": -6.0,
        "delta": 156099,
        "theta": 111157,
        "low_alpha": 25727,
        "high_alpha": 2700,
        "alpha": 28427,
        "low_beta": 11682,
        "high_beta": 36297,
        "beta": 47979,
        "low_gamma": 51232,
        "mid_gamma": 8522,
        "gamma": 59754,
        "rank": 100.0,
        "value": 100.0,
        "hr": 100.0,
        "unit": "bpm",
        "interpolated_fields": "",
        "image_expected_filename": "2026-07-17_13-14-21.jpg",
        "spectrogram": "https://media.githubusercontent.com/media/jiakun323/geodata-visualization/refs/heads/main/spectrogram/2026-07-17_13-14-21.jpg",
        "familiarity": 14.0,
        "record_id": "record-0218"
      },
      "geometry": {
        "type": "Point",
        "coordinates": [
          113.99569,
          22.593587
        ]
      }
    },
    {
      "type": "Feature",
      "id": "record-0219",
      "properties": {
        "city": "venice",
        "timestamp": "2026-07-17 13:14:26",
        "image": "https://media.githubusercontent.com/media/jiakun323/geodata-visualization/refs/heads/main/extracted_frames/2026-07-17_13-14-26.jpg",
        "audio": "",
        "event_mark": "",
        "heart_rate": 98.5,
        "rr": 593.556,
        "temperature": 37.0,
        "attention": 63.0,
        "relaxation": 55.0,
        "sync_rate": 69.5,
        "mental_effort": -27.5,
        "pitch": 7.0,
        "yaw": -54.5,
        "roll": -11.0,
        "delta": 235292,
        "theta": 139450,
        "low_alpha": 15810,
        "high_alpha": 20178,
        "alpha": 35988,
        "low_beta": 39026,
        "high_beta": 30279,
        "beta": 69304,
        "low_gamma": 30450,
        "mid_gamma": 25678,
        "gamma": 56127,
        "rank": 98.5,
        "value": 98.5,
        "hr": 98.5,
        "unit": "bpm",
        "interpolated_fields": "rr, attention, relaxation, delta, theta, low_alpha, high_alpha, low_beta, high_beta, low_gamma, mid_gamma, pitch, yaw, roll, sync_rate, mental_effort, familarity, temperature, heart_rate",
        "image_expected_filename": "2026-07-17_13-14-26.jpg",
        "spectrogram": "https://media.githubusercontent.com/media/jiakun323/geodata-visualization/refs/heads/main/spectrogram/2026-07-17_13-14-26.jpg",
        "familiarity": 8.0,
        "record_id": "record-0219"
      },
      "geometry": {
        "type": "Point",
        "coordinates": [
          113.995736,
          22.593606
        ]
      }
    },
    {
      "type": "Feature",
      "id": "record-0220",
      "properties": {
        "city": "venice",
        "timestamp": "2026-07-17 13:14:31",
        "image": "https://media.githubusercontent.com/media/jiakun323/geodata-visualization/refs/heads/main/extracted_frames/2026-07-17_13-14-31.jpg",
        "audio": "",
        "event_mark": "",
        "heart_rate": 99.0,
        "rr": 590.0,
        "temperature": 36.9,
        "attention": 40.0,
        "relaxation": 66.0,
        "sync_rate": 43.0,
        "mental_effort": -26.0,
        "pitch": 19.0,
        "yaw": 11.0,
        "roll": -24.0,
        "delta": 233727,
        "theta": 182787,
        "low_alpha": 44238,
        "high_alpha": 12617,
        "alpha": 56855,
        "low_beta": 9191,
        "high_beta": 19085,
        "beta": 28276,
        "low_gamma": 20273,
        "mid_gamma": 4443,
        "gamma": 24716,
        "rank": 99.0,
        "value": 99.0,
        "hr": 99.0,
        "unit": "bpm",
        "interpolated_fields": "",
        "image_expected_filename": "2026-07-17_13-14-31.jpg",
        "spectrogram": "https://media.githubusercontent.com/media/jiakun323/geodata-visualization/refs/heads/main/spectrogram/2026-07-17_13-14-31.jpg",
        "familiarity": 15.0,
        "record_id": "record-0220"
      },
      "geometry": {
        "type": "Point",
        "coordinates": [
          113.995781,
          22.593625
        ]
      }
    },
    {
      "type": "Feature",
      "id": "record-0221",
      "properties": {
        "city": "venice",
        "timestamp": "2026-07-17 13:14:36",
        "image": "https://media.githubusercontent.com/media/jiakun323/geodata-visualization/refs/heads/main/extracted_frames/2026-07-17_13-14-36.jpg",
        "audio": "",
        "event_mark": "",
        "heart_rate": 99.0,
        "rr": 612.75,
        "temperature": 37.0,
        "attention": 17.0,
        "relaxation": 48.0,
        "sync_rate": 58.0,
        "mental_effort": -37.0,
        "pitch": 30.0,
        "yaw": -14.0,
        "roll": -13.0,
        "delta": 230712,
        "theta": 76496,
        "low_alpha": 6050,
        "high_alpha": 6561,
        "alpha": 12611,
        "low_beta": 5527,
        "high_beta": 1996,
        "beta": 7523,
        "low_gamma": 5722,
        "mid_gamma": 3305,
        "gamma": 9027,
        "rank": 99.0,
        "value": 99.0,
        "hr": 99.0,
        "unit": "bpm",
        "interpolated_fields": "rr",
        "image_expected_filename": "2026-07-17_13-14-36.jpg",
        "spectrogram": "https://media.githubusercontent.com/media/jiakun323/geodata-visualization/refs/heads/main/spectrogram/2026-07-17_13-14-36.jpg",
        "familiarity": 2.0,
        "record_id": "record-0221"
      },
      "geometry": {
        "type": "Point",
        "coordinates": [
          113.995827,
          22.593643
        ]
      }
    },
    {
      "type": "Feature",
      "id": "record-0222",
      "properties": {
        "city": "venice",
        "timestamp": "2026-07-17 13:14:41",
        "image": "https://media.githubusercontent.com/media/jiakun323/geodata-visualization/refs/heads/main/extracted_frames/2026-07-17_13-14-41.jpg",
        "audio": "",
        "event_mark": "",
        "heart_rate": 99.0,
        "rr": 610.717,
        "temperature": 37.0,
        "attention": 54.0,
        "relaxation": 56.0,
        "sync_rate": 50.0,
        "mental_effort": -28.0,
        "pitch": 17.0,
        "yaw": -20.0,
        "roll": -7.0,
        "delta": 322135,
        "theta": 72249,
        "low_alpha": 2883,
        "high_alpha": 17875,
        "alpha": 20758,
        "low_beta": 35202,
        "high_beta": 84639,
        "beta": 119841,
        "low_gamma": 49376,
        "mid_gamma": 17754,
        "gamma": 67130,
        "rank": 99.0,
        "value": 99.0,
        "hr": 99.0,
        "unit": "bpm",
        "interpolated_fields": "rr",
        "image_expected_filename": "2026-07-17_13-14-41.jpg",
        "spectrogram": "https://media.githubusercontent.com/media/jiakun323/geodata-visualization/refs/heads/main/spectrogram/2026-07-17_13-14-41.jpg",
        "familiarity": -8.0,
        "record_id": "record-0222"
      },
      "geometry": {
        "type": "Point",
        "coordinates": [
          113.995872,
          22.593662
        ]
      }
    },
    {
      "type": "Feature",
      "id": "record-0223",
      "properties": {
        "city": "venice",
        "timestamp": "2026-07-17 13:14:46",
        "image": "https://media.githubusercontent.com/media/jiakun323/geodata-visualization/refs/heads/main/extracted_frames/2026-07-17_13-14-46.jpg",
        "audio": "",
        "event_mark": "",
        "heart_rate": 97.0,
        "rr": 658.4,
        "temperature": 37.0,
        "attention": 77.0,
        "relaxation": 48.0,
        "sync_rate": 35.0,
        "mental_effort": -20.0,
        "pitch": 7.0,
        "yaw": 16.0,
        "roll": -11.0,
        "delta": 72596,
        "theta": 28883,
        "low_alpha": 5923,
        "high_alpha": 8183,
        "alpha": 14106,
        "low_beta": 21033,
        "high_beta": 28398,
        "beta": 49431,
        "low_gamma": 14663,
        "mid_gamma": 6446,
        "gamma": 21109,
        "rank": 97.0,
        "value": 97.0,
        "hr": 97.0,
        "unit": "bpm",
        "interpolated_fields": "",
        "image_expected_filename": "2026-07-17_13-14-46.jpg",
        "spectrogram": "https://media.githubusercontent.com/media/jiakun323/geodata-visualization/refs/heads/main/spectrogram/2026-07-17_13-14-46.jpg",
        "familiarity": -20.0,
        "record_id": "record-0223"
      },
      "geometry": {
        "type": "Point",
        "coordinates": [
          113.995918,
          22.593681
        ]
      }
    },
    {
      "type": "Feature",
      "id": "record-0224",
      "properties": {
        "city": "venice",
        "timestamp": "2026-07-17 13:14:51",
        "image": "https://media.githubusercontent.com/media/jiakun323/geodata-visualization/refs/heads/main/extracted_frames/2026-07-17_13-14-51.jpg",
        "audio": "",
        "event_mark": "",
        "heart_rate": 94.0,
        "rr": 633.25,
        "temperature": 37.0,
        "attention": 53.0,
        "relaxation": 54.0,
        "sync_rate": 74.0,
        "mental_effort": -23.0,
        "pitch": -19.0,
        "yaw": 14.0,
        "roll": 9.0,
        "delta": 846922,
        "theta": 165019,
        "low_alpha": 114933,
        "high_alpha": 40076,
        "alpha": 155009,
        "low_beta": 35106,
        "high_beta": 67288,
        "beta": 102394,
        "low_gamma": 51165,
        "mid_gamma": 17449,
        "gamma": 68614,
        "rank": 94.0,
        "value": 94.0,
        "hr": 94.0,
        "unit": "bpm",
        "interpolated_fields": "",
        "image_expected_filename": "2026-07-17_13-14-51.jpg",
        "spectrogram": "https://media.githubusercontent.com/media/jiakun323/geodata-visualization/refs/heads/main/spectrogram/2026-07-17_13-14-51.jpg",
        "familiarity": -9.0,
        "record_id": "record-0224"
      },
      "geometry": {
        "type": "Point",
        "coordinates": [
          113.995963,
          22.593699
        ]
      }
    },
    {
      "type": "Feature",
      "id": "record-0225",
      "properties": {
        "city": "venice",
        "timestamp": "2026-07-17 13:14:56",
        "image": "https://media.githubusercontent.com/media/jiakun323/geodata-visualization/refs/heads/main/extracted_frames/2026-07-17_13-14-56.jpg",
        "audio": "",
        "event_mark": "",
        "heart_rate": 92.0,
        "rr": 647.0,
        "temperature": 37.0,
        "attention": 43.0,
        "relaxation": 57.0,
        "sync_rate": 53.0,
        "mental_effort": -13.0,
        "pitch": 11.0,
        "yaw": 48.0,
        "roll": -9.0,
        "delta": 58197,
        "theta": 91384,
        "low_alpha": 53088,
        "high_alpha": 24461,
        "alpha": 77549,
        "low_beta": 18601,
        "high_beta": 34934,
        "beta": 53535,
        "low_gamma": 41445,
        "mid_gamma": 12269,
        "gamma": 53714,
        "rank": 92.0,
        "value": 92.0,
        "hr": 92.0,
        "unit": "bpm",
        "interpolated_fields": "",
        "image_expected_filename": "2026-07-17_13-14-56.jpg",
        "spectrogram": "https://media.githubusercontent.com/media/jiakun323/geodata-visualization/refs/heads/main/spectrogram/2026-07-17_13-14-56.jpg",
        "familiarity": 6.0,
        "record_id": "record-0225"
      },
      "geometry": {
        "type": "Point",
        "coordinates": [
          113.996009,
          22.593718
        ]
      }
    },
    {
      "type": "Feature",
      "id": "record-0226",
      "properties": {
        "city": "venice",
        "timestamp": "2026-07-17 13:15:01",
        "image": "https://media.githubusercontent.com/media/jiakun323/geodata-visualization/refs/heads/main/extracted_frames/2026-07-17_13-15-01.jpg",
        "audio": "",
        "event_mark": "",
        "heart_rate": 91.0,
        "rr": 615.0,
        "temperature": 37.0,
        "attention": 50.0,
        "relaxation": 67.0,
        "sync_rate": 66.0,
        "mental_effort": -19.0,
        "pitch": 11.0,
        "yaw": 85.0,
        "roll": -12.0,
        "delta": 1394216,
        "theta": 219095,
        "low_alpha": 146325,
        "high_alpha": 123053,
        "alpha": 269378,
        "low_beta": 95579,
        "high_beta": 198450,
        "beta": 294029,
        "low_gamma": 117914,
        "mid_gamma": 53295,
        "gamma": 171209,
        "rank": 91.0,
        "value": 91.0,
        "hr": 91.0,
        "unit": "bpm",
        "interpolated_fields": "",
        "image_expected_filename": "2026-07-17_13-15-01.jpg",
        "spectrogram": "https://media.githubusercontent.com/media/jiakun323/geodata-visualization/refs/heads/main/spectrogram/2026-07-17_13-15-01.jpg",
        "familiarity": 9.0,
        "record_id": "record-0226"
      },
      "geometry": {
        "type": "Point",
        "coordinates": [
          113.996062,
          22.59372
        ]
      }
    },
    {
      "type": "Feature",
      "id": "record-0227",
      "properties": {
        "city": "venice",
        "timestamp": "2026-07-17 13:15:06",
        "image": "https://media.githubusercontent.com/media/jiakun323/geodata-visualization/refs/heads/main/extracted_frames/2026-07-17_13-15-06.jpg",
        "audio": "",
        "event_mark": "跨过一个大水流",
        "heart_rate": 92.0,
        "rr": 618.333,
        "temperature": 37.0,
        "attention": 51.0,
        "relaxation": 75.0,
        "sync_rate": 80.0,
        "mental_effort": 12.0,
        "pitch": 19.0,
        "yaw": 103.0,
        "roll": -10.0,
        "delta": 922700,
        "theta": 406940,
        "low_alpha": 95785,
        "high_alpha": 105593,
        "alpha": 201378,
        "low_beta": 7280,
        "high_beta": 107239,
        "beta": 114519,
        "low_gamma": 76647,
        "mid_gamma": 71884,
        "gamma": 148531,
        "rank": 92.0,
        "value": 92.0,
        "hr": 92.0,
        "unit": "bpm",
        "interpolated_fields": "rr",
        "image_expected_filename": "2026-07-17_13-15-06.jpg",
        "spectrogram": "https://media.githubusercontent.com/media/jiakun323/geodata-visualization/refs/heads/main/spectrogram/2026-07-17_13-15-06.jpg",
        "familiarity": 12.0,
        "record_id": "record-0227"
      },
      "geometry": {
        "type": "Point",
        "coordinates": [
          113.996115,
          22.593722
        ]
      }
    },
    {
      "type": "Feature",
      "id": "record-0228",
      "properties": {
        "city": "venice",
        "timestamp": "2026-07-17 13:15:11",
        "image": "https://media.githubusercontent.com/media/jiakun323/geodata-visualization/refs/heads/main/extracted_frames/2026-07-17_13-15-11.jpg",
        "audio": "",
        "event_mark": "",
        "heart_rate": 94.0,
        "rr": 584.75,
        "temperature": 37.0,
        "attention": 66.0,
        "relaxation": 74.0,
        "sync_rate": 78.0,
        "mental_effort": -11.0,
        "pitch": 28.0,
        "yaw": 122.0,
        "roll": -14.0,
        "delta": 10499,
        "theta": 4221,
        "low_alpha": 3557,
        "high_alpha": 4987,
        "alpha": 8544,
        "low_beta": 2940,
        "high_beta": 4925,
        "beta": 7865,
        "low_gamma": 2903,
        "mid_gamma": 1826,
        "gamma": 4729,
        "rank": 94.0,
        "value": 94.0,
        "hr": 94.0,
        "unit": "bpm",
        "interpolated_fields": "",
        "image_expected_filename": "2026-07-17_13-15-11.jpg",
        "spectrogram": "https://media.githubusercontent.com/media/jiakun323/geodata-visualization/refs/heads/main/spectrogram/2026-07-17_13-15-11.jpg",
        "familiarity": -4.0,
        "record_id": "record-0228"
      },
      "geometry": {
        "type": "Point",
        "coordinates": [
          113.996168,
          22.593724
        ]
      }
    },
    {
      "type": "Feature",
      "id": "record-0229",
      "properties": {
        "city": "venice",
        "timestamp": "2026-07-17 13:15:16",
        "image": "https://media.githubusercontent.com/media/jiakun323/geodata-visualization/refs/heads/main/extracted_frames/2026-07-17_13-15-16.jpg",
        "audio": "",
        "event_mark": "",
        "heart_rate": 96.0,
        "rr": 562.667,
        "temperature": 37.0,
        "attention": 37.0,
        "relaxation": 51.0,
        "sync_rate": 67.0,
        "mental_effort": 3.0,
        "pitch": 23.0,
        "yaw": 148.0,
        "roll": 0.0,
        "delta": 201304,
        "theta": 69626,
        "low_alpha": 24694,
        "high_alpha": 18458,
        "alpha": 43152,
        "low_beta": 2129,
        "high_beta": 11219,
        "beta": 13348,
        "low_gamma": 2648,
        "mid_gamma": 6191,
        "gamma": 8839,
        "rank": 96.0,
        "value": 96.0,
        "hr": 96.0,
        "unit": "bpm",
        "interpolated_fields": "",
        "image_expected_filename": "2026-07-17_13-15-16.jpg",
        "spectrogram": "https://media.githubusercontent.com/media/jiakun323/geodata-visualization/refs/heads/main/spectrogram/2026-07-17_13-15-16.jpg",
        "familiarity": 14.0,
        "record_id": "record-0229"
      },
      "geometry": {
        "type": "Point",
        "coordinates": [
          113.996218,
          22.593733
        ]
      }
    },
    {
      "type": "Feature",
      "id": "record-0230",
      "properties": {
        "city": "venice",
        "timestamp": "2026-07-17 13:15:21",
        "image": "https://media.githubusercontent.com/media/jiakun323/geodata-visualization/refs/heads/main/extracted_frames/2026-07-17_13-15-21.jpg",
        "audio": "",
        "event_mark": "",
        "heart_rate": 102.0,
        "rr": 628.5,
        "temperature": 37.0,
        "attention": 57.0,
        "relaxation": 78.0,
        "sync_rate": 64.0,
        "mental_effort": -19.0,
        "pitch": 3.0,
        "yaw": 154.0,
        "roll": -7.0,
        "delta": 21052,
        "theta": 7394,
        "low_alpha": 7520,
        "high_alpha": 29952,
        "alpha": 37472,
        "low_beta": 3579,
        "high_beta": 5454,
        "beta": 9033,
        "low_gamma": 1997,
        "mid_gamma": 2689,
        "gamma": 4686,
        "rank": 102.0,
        "value": 102.0,
        "hr": 102.0,
        "unit": "bpm",
        "interpolated_fields": "",
        "image_expected_filename": "2026-07-17_13-15-21.jpg",
        "spectrogram": "https://media.githubusercontent.com/media/jiakun323/geodata-visualization/refs/heads/main/spectrogram/2026-07-17_13-15-21.jpg",
        "familiarity": 20.0,
        "record_id": "record-0230"
      },
      "geometry": {
        "type": "Point",
        "coordinates": [
          113.996255,
          22.593768
        ]
      }
    },
    {
      "type": "Feature",
      "id": "record-0231",
      "properties": {
        "city": "venice",
        "timestamp": "2026-07-17 13:15:26",
        "image": "https://media.githubusercontent.com/media/jiakun323/geodata-visualization/refs/heads/main/extracted_frames/2026-07-17_13-15-26.jpg",
        "audio": "",
        "event_mark": "",
        "heart_rate": 102.0,
        "rr": 616.067,
        "temperature": 37.0,
        "attention": 41.0,
        "relaxation": 54.0,
        "sync_rate": 71.0,
        "mental_effort": 1.0,
        "pitch": 10.0,
        "yaw": 177.0,
        "roll": -11.0,
        "delta": 2809782,
        "theta": 196656,
        "low_alpha": 92145,
        "high_alpha": 19268,
        "alpha": 111413,
        "low_beta": 58896,
        "high_beta": 116682,
        "beta": 175578,
        "low_gamma": 118118,
        "mid_gamma": 36617,
        "gamma": 154735,
        "rank": 102.0,
        "value": 102.0,
        "hr": 102.0,
        "unit": "bpm",
        "interpolated_fields": "rr",
        "image_expected_filename": "2026-07-17_13-15-26.jpg",
        "spectrogram": "https://media.githubusercontent.com/media/jiakun323/geodata-visualization/refs/heads/main/spectrogram/2026-07-17_13-15-26.jpg",
        "familiarity": 8.0,
        "record_id": "record-0231"
      },
      "geometry": {
        "type": "Point",
        "coordinates": [
          113.996291,
          22.593803
        ]
      }
    },
    {
      "type": "Feature",
      "id": "record-0232",
      "properties": {
        "city": "venice",
        "timestamp": "2026-07-17 13:15:31",
        "image": "https://media.githubusercontent.com/media/jiakun323/geodata-visualization/refs/heads/main/extracted_frames/2026-07-17_13-15-31.jpg",
        "audio": "",
        "event_mark": "",
        "heart_rate": 97.5,
        "rr": 618.5,
        "temperature": 37.0,
        "attention": 33.5,
        "relaxation": 52.0,
        "sync_rate": 60.0,
        "mental_effort": -24.5,
        "pitch": 28.5,
        "yaw": -144.0,
        "roll": -9.5,
        "delta": 704841,
        "theta": 317896,
        "low_alpha": 29962,
        "high_alpha": 19200,
        "alpha": 49162,
        "low_beta": 14800,
        "high_beta": 23564,
        "beta": 38364,
        "low_gamma": 23428,
        "mid_gamma": 5179,
        "gamma": 28608,
        "rank": 97.5,
        "value": 97.5,
        "hr": 97.5,
        "unit": "bpm",
        "interpolated_fields": "attention, relaxation, delta, theta, low_alpha, high_alpha, low_beta, high_beta, low_gamma, mid_gamma, pitch, yaw, roll, sync_rate, mental_effort, familarity, temperature, heart_rate",
        "image_expected_filename": "2026-07-17_13-15-31.jpg",
        "spectrogram": "https://media.githubusercontent.com/media/jiakun323/geodata-visualization/refs/heads/main/spectrogram/2026-07-17_13-15-31.jpg",
        "familiarity": 24.5,
        "record_id": "record-0232"
      },
      "geometry": {
        "type": "Point",
        "coordinates": [
          113.996323,
          22.593839
        ]
      }
    },
    {
      "type": "Feature",
      "id": "record-0233",
      "properties": {
        "city": "venice",
        "timestamp": "2026-07-17 13:15:36",
        "image": "https://media.githubusercontent.com/media/jiakun323/geodata-visualization/refs/heads/main/extracted_frames/2026-07-17_13-15-36.jpg",
        "audio": "",
        "event_mark": "",
        "heart_rate": 96.0,
        "rr": 614.0,
        "temperature": 37.0,
        "attention": 83.0,
        "relaxation": 48.0,
        "sync_rate": 49.0,
        "mental_effort": -2.0,
        "pitch": 0.0,
        "yaw": -122.0,
        "roll": -11.0,
        "delta": 32155,
        "theta": 24534,
        "low_alpha": 7921,
        "high_alpha": 31837,
        "alpha": 39758,
        "low_beta": 7692,
        "high_beta": 29228,
        "beta": 36920,
        "low_gamma": 27563,
        "mid_gamma": 4064,
        "gamma": 31627,
        "rank": 96.0,
        "value": 96.0,
        "hr": 96.0,
        "unit": "bpm",
        "interpolated_fields": "",
        "image_expected_filename": "2026-07-17_13-15-36.jpg",
        "spectrogram": "https://media.githubusercontent.com/media/jiakun323/geodata-visualization/refs/heads/main/spectrogram/2026-07-17_13-15-36.jpg",
        "familiarity": 5.0,
        "record_id": "record-0233"
      },
      "geometry": {
        "type": "Point",
        "coordinates": [
          113.996361,
          22.593873
        ]
      }
    },
    {
      "type": "Feature",
      "id": "record-0234",
      "properties": {
        "city": "venice",
        "timestamp": "2026-07-17 13:15:41",
        "image": "https://media.githubusercontent.com/media/jiakun323/geodata-visualization/refs/heads/main/extracted_frames/2026-07-17_13-15-41.jpg",
        "audio": "",
        "event_mark": "",
        "heart_rate": 96.0,
        "rr": 613.167,
        "temperature": 37.0,
        "attention": 66.0,
        "relaxation": 70.0,
        "sync_rate": 51.0,
        "mental_effort": -35.0,
        "pitch": -16.0,
        "yaw": -111.0,
        "roll": 1.0,
        "delta": 1895818,
        "theta": 54870,
        "low_alpha": 37499,
        "high_alpha": 53957,
        "alpha": 91456,
        "low_beta": 9656,
        "high_beta": 62056,
        "beta": 71712,
        "low_gamma": 61803,
        "mid_gamma": 22823,
        "gamma": 84626,
        "rank": 96.0,
        "value": 96.0,
        "hr": 96.0,
        "unit": "bpm",
        "interpolated_fields": "rr",
        "image_expected_filename": "2026-07-17_13-15-41.jpg",
        "spectrogram": "https://media.githubusercontent.com/media/jiakun323/geodata-visualization/refs/heads/main/spectrogram/2026-07-17_13-15-41.jpg",
        "familiarity": -15.0,
        "record_id": "record-0234"
      },
      "geometry": {
        "type": "Point",
        "coordinates": [
          113.996419,
          22.593905
        ]
      }
    },
    {
      "type": "Feature",
      "id": "record-0235",
      "properties": {
        "city": "venice",
        "timestamp": "2026-07-17 13:15:46",
        "image": "https://media.githubusercontent.com/media/jiakun323/geodata-visualization/refs/heads/main/extracted_frames/2026-07-17_13-15-46.jpg",
        "audio": "",
        "event_mark": "",
        "heart_rate": 96.0,
        "rr": 617.667,
        "temperature": 37.0,
        "attention": 64.0,
        "relaxation": 69.0,
        "sync_rate": 55.0,
        "mental_effort": -34.0,
        "pitch": 18.0,
        "yaw": -96.0,
        "roll": 0.0,
        "delta": 13577,
        "theta": 5085,
        "low_alpha": 1627,
        "high_alpha": 4001,
        "alpha": 5628,
        "low_beta": 1697,
        "high_beta": 4043,
        "beta": 5740,
        "low_gamma": 813,
        "mid_gamma": 1067,
        "gamma": 1880,
        "rank": 96.0,
        "value": 96.0,
        "hr": 96.0,
        "unit": "bpm",
        "interpolated_fields": "",
        "image_expected_filename": "2026-07-17_13-15-46.jpg",
        "spectrogram": "https://media.githubusercontent.com/media/jiakun323/geodata-visualization/refs/heads/main/spectrogram/2026-07-17_13-15-46.jpg",
        "familiarity": -18.0,
        "record_id": "record-0235"
      },
      "geometry": {
        "type": "Point",
        "coordinates": [
          113.996471,
          22.593925
        ]
      }
    },
    {
      "type": "Feature",
      "id": "record-0236",
      "properties": {
        "city": "venice",
        "timestamp": "2026-07-17 13:15:51",
        "image": "https://media.githubusercontent.com/media/jiakun323/geodata-visualization/refs/heads/main/extracted_frames/2026-07-17_13-15-51.jpg",
        "audio": "",
        "event_mark": "",
        "heart_rate": 96.0,
        "rr": 614.333,
        "temperature": 37.0,
        "attention": 61.0,
        "relaxation": 50.0,
        "sync_rate": 48.0,
        "mental_effort": -28.0,
        "pitch": -10.0,
        "yaw": -59.0,
        "roll": -6.0,
        "delta": 174589,
        "theta": 72187,
        "low_alpha": 9876,
        "high_alpha": 9072,
        "alpha": 18948,
        "low_beta": 7820,
        "high_beta": 12866,
        "beta": 20686,
        "low_gamma": 19344,
        "mid_gamma": 7062,
        "gamma": 26406,
        "rank": 96.0,
        "value": 96.0,
        "hr": 96.0,
        "unit": "bpm",
        "interpolated_fields": "rr",
        "image_expected_filename": "2026-07-17_13-15-51.jpg",
        "spectrogram": "https://media.githubusercontent.com/media/jiakun323/geodata-visualization/refs/heads/main/spectrogram/2026-07-17_13-15-51.jpg",
        "familiarity": 12.0,
        "record_id": "record-0236"
      },
      "geometry": {
        "type": "Point",
        "coordinates": [
          113.99652,
          22.593938
        ]
      }
    },
    {
      "type": "Feature",
      "id": "record-0237",
      "properties": {
        "city": "venice",
        "timestamp": "2026-07-17 13:15:56",
        "image": "https://media.githubusercontent.com/media/jiakun323/geodata-visualization/refs/heads/main/extracted_frames/2026-07-17_13-15-56.jpg",
        "audio": "",
        "event_mark": "",
        "heart_rate": 96.0,
        "rr": 623.75,
        "temperature": 37.1,
        "attention": 91.0,
        "relaxation": 51.0,
        "sync_rate": 58.0,
        "mental_effort": -9.0,
        "pitch": -53.0,
        "yaw": -57.0,
        "roll": 7.0,
        "delta": 17468,
        "theta": 29080,
        "low_alpha": 19645,
        "high_alpha": 9926,
        "alpha": 29571,
        "low_beta": 31949,
        "high_beta": 19536,
        "beta": 51485,
        "low_gamma": 18972,
        "mid_gamma": 24608,
        "gamma": 43580,
        "rank": 96.0,
        "value": 96.0,
        "hr": 96.0,
        "unit": "bpm",
        "interpolated_fields": "rr",
        "image_expected_filename": "2026-07-17_13-15-56.jpg",
        "spectrogram": "https://media.githubusercontent.com/media/jiakun323/geodata-visualization/refs/heads/main/spectrogram/2026-07-17_13-15-56.jpg",
        "familiarity": -2.0,
        "record_id": "record-0237"
      },
      "geometry": {
        "type": "Point",
        "coordinates": [
          113.996569,
          22.593951
        ]
      }
    },
    {
      "type": "Feature",
      "id": "record-0238",
      "properties": {
        "city": "venice",
        "timestamp": "2026-07-17 13:16:01",
        "image": "https://media.githubusercontent.com/media/jiakun323/geodata-visualization/refs/heads/main/extracted_frames/2026-07-17_13-16-01.jpg",
        "audio": "",
        "event_mark": "",
        "heart_rate": 96.0,
        "rr": 649.0,
        "temperature": 37.0,
        "attention": 63.0,
        "relaxation": 40.0,
        "sync_rate": 80.0,
        "mental_effort": -1.0,
        "pitch": 29.0,
        "yaw": -24.0,
        "roll": -16.0,
        "delta": 239194,
        "theta": 64084,
        "low_alpha": 976,
        "high_alpha": 6541,
        "alpha": 7517,
        "low_beta": 3700,
        "high_beta": 6614,
        "beta": 10314,
        "low_gamma": 4142,
        "mid_gamma": 3276,
        "gamma": 7418,
        "rank": 96.0,
        "value": 96.0,
        "hr": 96.0,
        "unit": "bpm",
        "interpolated_fields": "",
        "image_expected_filename": "2026-07-17_13-16-01.jpg",
        "spectrogram": "https://media.githubusercontent.com/media/jiakun323/geodata-visualization/refs/heads/main/spectrogram/2026-07-17_13-16-01.jpg",
        "familiarity": 3.0,
        "record_id": "record-0238"
      },
      "geometry": {
        "type": "Point",
        "coordinates": [
          113.996618,
          22.593964
        ]
      }
    },
    {
      "type": "Feature",
      "id": "record-0239",
      "properties": {
        "city": "venice",
        "timestamp": "2026-07-17 13:16:06",
        "image": "https://media.githubusercontent.com/media/jiakun323/geodata-visualization/refs/heads/main/extracted_frames/2026-07-17_13-16-06.jpg",
        "audio": "",
        "event_mark": "",
        "heart_rate": 94.0,
        "rr": 625.0,
        "temperature": 37.1,
        "attention": 67.0,
        "relaxation": 80.0,
        "sync_rate": 55.0,
        "mental_effort": -29.0,
        "pitch": -4.0,
        "yaw": -1.0,
        "roll": -5.0,
        "delta": 81811,
        "theta": 39127,
        "low_alpha": 24212,
        "high_alpha": 30375,
        "alpha": 54587,
        "low_beta": 18955,
        "high_beta": 7212,
        "beta": 26167,
        "low_gamma": 10985,
        "mid_gamma": 4798,
        "gamma": 15783,
        "rank": 94.0,
        "value": 94.0,
        "hr": 94.0,
        "unit": "bpm",
        "interpolated_fields": "",
        "image_expected_filename": "2026-07-17_13-16-06.jpg",
        "spectrogram": "https://media.githubusercontent.com/media/jiakun323/geodata-visualization/refs/heads/main/spectrogram/2026-07-17_13-16-06.jpg",
        "familiarity": 14.0,
        "record_id": "record-0239"
      },
      "geometry": {
        "type": "Point",
        "coordinates": [
          113.996668,
          22.593978
        ]
      }
    },
    {
      "type": "Feature",
      "id": "record-0240",
      "properties": {
        "city": "venice",
        "timestamp": "2026-07-17 13:16:11",
        "image": "https://media.githubusercontent.com/media/jiakun323/geodata-visualization/refs/heads/main/extracted_frames/2026-07-17_13-16-11.jpg",
        "audio": "",
        "event_mark": "",
        "heart_rate": 93.0,
        "rr": 662.0,
        "temperature": 37.0,
        "attention": 60.0,
        "relaxation": 50.0,
        "sync_rate": 66.0,
        "mental_effort": -5.0,
        "pitch": 17.0,
        "yaw": 25.0,
        "roll": -12.0,
        "delta": 21491,
        "theta": 7766,
        "low_alpha": 548,
        "high_alpha": 807,
        "alpha": 1355,
        "low_beta": 1794,
        "high_beta": 2342,
        "beta": 4136,
        "low_gamma": 1557,
        "mid_gamma": 1061,
        "gamma": 2618,
        "rank": 93.0,
        "value": 93.0,
        "hr": 93.0,
        "unit": "bpm",
        "interpolated_fields": "",
        "image_expected_filename": "2026-07-17_13-16-11.jpg",
        "spectrogram": "https://media.githubusercontent.com/media/jiakun323/geodata-visualization/refs/heads/main/spectrogram/2026-07-17_13-16-11.jpg",
        "familiarity": -10.0,
        "record_id": "record-0240"
      },
      "geometry": {
        "type": "Point",
        "coordinates": [
          113.996717,
          22.593991
        ]
      }
    },
    {
      "type": "Feature",
      "id": "record-0241",
      "properties": {
        "city": "venice",
        "timestamp": "2026-07-17 13:16:16",
        "image": "https://media.githubusercontent.com/media/jiakun323/geodata-visualization/refs/heads/main/extracted_frames/2026-07-17_13-16-16.jpg",
        "audio": "",
        "event_mark": "",
        "heart_rate": 92.0,
        "rr": 625.5,
        "temperature": 37.0,
        "attention": 56.0,
        "relaxation": 60.0,
        "sync_rate": 54.0,
        "mental_effort": -14.0,
        "pitch": 1.0,
        "yaw": 46.0,
        "roll": -6.0,
        "delta": 267063,
        "theta": 105692,
        "low_alpha": 10095,
        "high_alpha": 6531,
        "alpha": 16626,
        "low_beta": 1871,
        "high_beta": 6776,
        "beta": 8647,
        "low_gamma": 2522,
        "mid_gamma": 5983,
        "gamma": 8505,
        "rank": 92.0,
        "value": 92.0,
        "hr": 92.0,
        "unit": "bpm",
        "interpolated_fields": "rr",
        "image_expected_filename": "2026-07-17_13-16-16.jpg",
        "spectrogram": "https://media.githubusercontent.com/media/jiakun323/geodata-visualization/refs/heads/main/spectrogram/2026-07-17_13-16-16.jpg",
        "familiarity": 2.0,
        "record_id": "record-0241"
      },
      "geometry": {
        "type": "Point",
        "coordinates": [
          113.996766,
          22.594004
        ]
      }
    },
    {
      "type": "Feature",
      "id": "record-0242",
      "properties": {
        "city": "venice",
        "timestamp": "2026-07-17 13:16:21",
        "image": "https://media.githubusercontent.com/media/jiakun323/geodata-visualization/refs/heads/main/extracted_frames/2026-07-17_13-16-21.jpg",
        "audio": "",
        "event_mark": "",
        "heart_rate": 92.0,
        "rr": 643.0,
        "temperature": 37.1,
        "attention": 57.0,
        "relaxation": 44.0,
        "sync_rate": 73.0,
        "mental_effort": -25.0,
        "pitch": 30.0,
        "yaw": 89.0,
        "roll": -25.0,
        "delta": 1331932,
        "theta": 103157,
        "low_alpha": 7090,
        "high_alpha": 6674,
        "alpha": 13764,
        "low_beta": 19007,
        "high_beta": 33166,
        "beta": 52173,
        "low_gamma": 13972,
        "mid_gamma": 15592,
        "gamma": 29564,
        "rank": 92.0,
        "value": 92.0,
        "hr": 92.0,
        "unit": "bpm",
        "interpolated_fields": "",
        "image_expected_filename": "2026-07-17_13-16-21.jpg",
        "spectrogram": "https://media.githubusercontent.com/media/jiakun323/geodata-visualization/refs/heads/main/spectrogram/2026-07-17_13-16-21.jpg",
        "familiarity": -8.0,
        "record_id": "record-0242"
      },
      "geometry": {
        "type": "Point",
        "coordinates": [
          113.996815,
          22.594017
        ]
      }
    },
    {
      "type": "Feature",
      "id": "record-0243",
      "properties": {
        "city": "venice",
        "timestamp": "2026-07-17 13:16:26",
        "image": "https://media.githubusercontent.com/media/jiakun323/geodata-visualization/refs/heads/main/extracted_frames/2026-07-17_13-16-26.jpg",
        "audio": "",
        "event_mark": "",
        "heart_rate": 92.0,
        "rr": 618.417,
        "temperature": 37.0,
        "attention": 61.0,
        "relaxation": 61.0,
        "sync_rate": 79.0,
        "mental_effort": -3.0,
        "pitch": -3.0,
        "yaw": 87.0,
        "roll": -7.0,
        "delta": 1008170,
        "theta": 75625,
        "low_alpha": 14538,
        "high_alpha": 9217,
        "alpha": 23755,
        "low_beta": 7415,
        "high_beta": 19722,
        "beta": 27137,
        "low_gamma": 25492,
        "mid_gamma": 13733,
        "gamma": 39225,
        "rank": 92.0,
        "value": 92.0,
        "hr": 92.0,
        "unit": "bpm",
        "interpolated_fields": "rr",
        "image_expected_filename": "2026-07-17_13-16-26.jpg",
        "spectrogram": "https://media.githubusercontent.com/media/jiakun323/geodata-visualization/refs/heads/main/spectrogram/2026-07-17_13-16-26.jpg",
        "familiarity": -33.0,
        "record_id": "record-0243"
      },
      "geometry": {
        "type": "Point",
        "coordinates": [
          113.996861,
          22.594031
        ]
      }
    },
    {
      "type": "Feature",
      "id": "record-0244",
      "properties": {
        "city": "venice",
        "timestamp": "2026-07-17 13:16:31",
        "image": "https://media.githubusercontent.com/media/jiakun323/geodata-visualization/refs/heads/main/extracted_frames/2026-07-17_13-16-31.jpg",
        "audio": "",
        "event_mark": "",
        "heart_rate": 93.0,
        "rr": 632.0,
        "temperature": 37.0,
        "attention": 51.0,
        "relaxation": 60.0,
        "sync_rate": 42.0,
        "mental_effort": -24.0,
        "pitch": 5.0,
        "yaw": 114.0,
        "roll": -9.0,
        "delta": 325838,
        "theta": 40716,
        "low_alpha": 4215,
        "high_alpha": 11931,
        "alpha": 16146,
        "low_beta": 5960,
        "high_beta": 27745,
        "beta": 33705,
        "low_gamma": 23688,
        "mid_gamma": 3428,
        "gamma": 27116,
        "rank": 93.0,
        "value": 93.0,
        "hr": 93.0,
        "unit": "bpm",
        "interpolated_fields": "",
        "image_expected_filename": "2026-07-17_13-16-31.jpg",
        "spectrogram": "https://media.githubusercontent.com/media/jiakun323/geodata-visualization/refs/heads/main/spectrogram/2026-07-17_13-16-31.jpg",
        "familiarity": -15.0,
        "record_id": "record-0244"
      },
      "geometry": {
        "type": "Point",
        "coordinates": [
          113.996903,
          22.594047
        ]
      }
    },
    {
      "type": "Feature",
      "id": "record-0245",
      "properties": {
        "city": "venice",
        "timestamp": "2026-07-17 13:16:36",
        "image": "https://media.githubusercontent.com/media/jiakun323/geodata-visualization/refs/heads/main/extracted_frames/2026-07-17_13-16-36.jpg",
        "audio": "",
        "event_mark": "",
        "heart_rate": 94.0,
        "rr": 597.533,
        "temperature": 37.0,
        "attention": 51.0,
        "relaxation": 63.0,
        "sync_rate": 26.0,
        "mental_effort": 10.0,
        "pitch": 13.0,
        "yaw": 119.0,
        "roll": -6.0,
        "delta": 681317,
        "theta": 85478,
        "low_alpha": 61621,
        "high_alpha": 16149,
        "alpha": 77770,
        "low_beta": 6330,
        "high_beta": 36247,
        "beta": 42577,
        "low_gamma": 8296,
        "mid_gamma": 16566,
        "gamma": 24862,
        "rank": 94.0,
        "value": 94.0,
        "hr": 94.0,
        "unit": "bpm",
        "interpolated_fields": "rr",
        "image_expected_filename": "2026-07-17_13-16-36.jpg",
        "spectrogram": "https://media.githubusercontent.com/media/jiakun323/geodata-visualization/refs/heads/main/spectrogram/2026-07-17_13-16-36.jpg",
        "familiarity": 14.0,
        "record_id": "record-0245"
      },
      "geometry": {
        "type": "Point",
        "coordinates": [
          113.996946,
          22.594061
        ]
      }
    },
    {
      "type": "Feature",
      "id": "record-0246",
      "properties": {
        "city": "venice",
        "timestamp": "2026-07-17 13:16:41",
        "image": "https://media.githubusercontent.com/media/jiakun323/geodata-visualization/refs/heads/main/extracted_frames/2026-07-17_13-16-41.jpg",
        "audio": "",
        "event_mark": "",
        "heart_rate": 95.0,
        "rr": 613.5,
        "temperature": 37.0,
        "attention": 34.0,
        "relaxation": 51.0,
        "sync_rate": 68.0,
        "mental_effort": -36.0,
        "pitch": 12.0,
        "yaw": 142.0,
        "roll": -12.0,
        "delta": 1154327,
        "theta": 180102,
        "low_alpha": 101222,
        "high_alpha": 16641,
        "alpha": 117863,
        "low_beta": 30546,
        "high_beta": 17158,
        "beta": 47704,
        "low_gamma": 26355,
        "mid_gamma": 5688,
        "gamma": 32043,
        "rank": 95.0,
        "value": 95.0,
        "hr": 95.0,
        "unit": "bpm",
        "interpolated_fields": "",
        "image_expected_filename": "2026-07-17_13-16-41.jpg",
        "spectrogram": "https://media.githubusercontent.com/media/jiakun323/geodata-visualization/refs/heads/main/spectrogram/2026-07-17_13-16-41.jpg",
        "familiarity": -5.0,
        "record_id": "record-0246"
      },
      "geometry": {
        "type": "Point",
        "coordinates": [
          113.996995,
          22.594074
        ]
      }
    },
    {
      "type": "Feature",
      "id": "record-0247",
      "properties": {
        "city": "venice",
        "timestamp": "2026-07-17 13:16:46",
        "image": "https://media.githubusercontent.com/media/jiakun323/geodata-visualization/refs/heads/main/extracted_frames/2026-07-17_13-16-46.jpg",
        "audio": "",
        "event_mark": "",
        "heart_rate": 97.0,
        "rr": 603.8,
        "temperature": 37.0,
        "attention": 29.0,
        "relaxation": 69.0,
        "sync_rate": 25.0,
        "mental_effort": -25.0,
        "pitch": 2.0,
        "yaw": 155.0,
        "roll": -5.0,
        "delta": 32839,
        "theta": 18348,
        "low_alpha": 5706,
        "high_alpha": 3016,
        "alpha": 8722,
        "low_beta": 1647,
        "high_beta": 1882,
        "beta": 3529,
        "low_gamma": 1573,
        "mid_gamma": 530,
        "gamma": 2103,
        "rank": 97.0,
        "value": 97.0,
        "hr": 97.0,
        "unit": "bpm",
        "interpolated_fields": "",
        "image_expected_filename": "2026-07-17_13-16-46.jpg",
        "spectrogram": "https://media.githubusercontent.com/media/jiakun323/geodata-visualization/refs/heads/main/spectrogram/2026-07-17_13-16-46.jpg",
        "familiarity": 2.0,
        "record_id": "record-0247"
      },
      "geometry": {
        "type": "Point",
        "coordinates": [
          113.997044,
          22.594086
        ]
      }
    },
    {
      "type": "Feature",
      "id": "record-0248",
      "properties": {
        "city": "venice",
        "timestamp": "2026-07-17 13:16:51",
        "image": "https://media.githubusercontent.com/media/jiakun323/geodata-visualization/refs/heads/main/extracted_frames/2026-07-17_13-16-51.jpg",
        "audio": "",
        "event_mark": "",
        "heart_rate": 97.0,
        "rr": 677.0,
        "temperature": 37.0,
        "attention": 54.0,
        "relaxation": 87.0,
        "sync_rate": 75.0,
        "mental_effort": -5.0,
        "pitch": 0.0,
        "yaw": 167.0,
        "roll": -6.0,
        "delta": 265162,
        "theta": 27136,
        "low_alpha": 11640,
        "high_alpha": 7123,
        "alpha": 18763,
        "low_beta": 11657,
        "high_beta": 24833,
        "beta": 36490,
        "low_gamma": 35966,
        "mid_gamma": 10064,
        "gamma": 46030,
        "rank": 97.0,
        "value": 97.0,
        "hr": 97.0,
        "unit": "bpm",
        "interpolated_fields": "",
        "image_expected_filename": "2026-07-17_13-16-51.jpg",
        "spectrogram": "https://media.githubusercontent.com/media/jiakun323/geodata-visualization/refs/heads/main/spectrogram/2026-07-17_13-16-51.jpg",
        "familiarity": 8.0,
        "record_id": "record-0248"
      },
      "geometry": {
        "type": "Point",
        "coordinates": [
          113.997093,
          22.594112
        ]
      }
    },
    {
      "type": "Feature",
      "id": "record-0249",
      "properties": {
        "city": "venice",
        "timestamp": "2026-07-17 13:16:56",
        "image": "https://media.githubusercontent.com/media/jiakun323/geodata-visualization/refs/heads/main/extracted_frames/2026-07-17_13-16-56.jpg",
        "audio": "",
        "event_mark": "",
        "heart_rate": 93.0,
        "rr": 639.0,
        "temperature": 37.0,
        "attention": 66.0,
        "relaxation": 43.0,
        "sync_rate": 31.0,
        "mental_effort": 0.0,
        "pitch": 1.0,
        "yaw": -156.0,
        "roll": -3.0,
        "delta": 613757,
        "theta": 261363,
        "low_alpha": 20582,
        "high_alpha": 28303,
        "alpha": 48885,
        "low_beta": 29441,
        "high_beta": 31718,
        "beta": 61159,
        "low_gamma": 13025,
        "mid_gamma": 3906,
        "gamma": 16931,
        "rank": 93.0,
        "value": 93.0,
        "hr": 93.0,
        "unit": "bpm",
        "interpolated_fields": "",
        "image_expected_filename": "2026-07-17_13-16-56.jpg",
        "spectrogram": "https://media.githubusercontent.com/media/jiakun323/geodata-visualization/refs/heads/main/spectrogram/2026-07-17_13-16-56.jpg",
        "familiarity": 1.0,
        "record_id": "record-0249"
      },
      "geometry": {
        "type": "Point",
        "coordinates": [
          113.997141,
          22.594138
        ]
      }
    },
    {
      "type": "Feature",
      "id": "record-0250",
      "properties": {
        "city": "venice",
        "timestamp": "2026-07-17 13:17:01",
        "image": "https://media.githubusercontent.com/media/jiakun323/geodata-visualization/refs/heads/main/extracted_frames/2026-07-17_13-17-01.jpg",
        "audio": "",
        "event_mark": "",
        "heart_rate": 91.0,
        "rr": 666.167,
        "temperature": 37.0,
        "attention": 54.0,
        "relaxation": 51.0,
        "sync_rate": 45.0,
        "mental_effort": 4.0,
        "pitch": -41.0,
        "yaw": -155.0,
        "roll": -3.0,
        "delta": 549942,
        "theta": 61957,
        "low_alpha": 11649,
        "high_alpha": 5179,
        "alpha": 16828,
        "low_beta": 6058,
        "high_beta": 10140,
        "beta": 16198,
        "low_gamma": 4591,
        "mid_gamma": 3675,
        "gamma": 8266,
        "rank": 91.0,
        "value": 91.0,
        "hr": 91.0,
        "unit": "bpm",
        "interpolated_fields": "rr",
        "image_expected_filename": "2026-07-17_13-17-01.jpg",
        "spectrogram": "https://media.githubusercontent.com/media/jiakun323/geodata-visualization/refs/heads/main/spectrogram/2026-07-17_13-17-01.jpg",
        "familiarity": -9.0,
        "record_id": "record-0250"
      },
      "geometry": {
        "type": "Point",
        "coordinates": [
          113.99719,
          22.594164
        ]
      }
    },
    {
      "type": "Feature",
      "id": "record-0251",
      "properties": {
        "city": "venice",
        "timestamp": "2026-07-17 13:17:06",
        "image": "https://media.githubusercontent.com/media/jiakun323/geodata-visualization/refs/heads/main/extracted_frames/2026-07-17_13-17-06.jpg",
        "audio": "",
        "event_mark": "",
        "heart_rate": 91.0,
        "rr": 630.667,
        "temperature": 36.9,
        "attention": 48.0,
        "relaxation": 87.0,
        "sync_rate": 51.0,
        "mental_effort": 34.0,
        "pitch": -9.0,
        "yaw": -135.0,
        "roll": -1.0,
        "delta": 1779678,
        "theta": 313692,
        "low_alpha": 133597,
        "high_alpha": 183039,
        "alpha": 316636,
        "low_beta": 68137,
        "high_beta": 49040,
        "beta": 117177,
        "low_gamma": 84360,
        "mid_gamma": 24591,
        "gamma": 108951,
        "rank": 91.0,
        "value": 91.0,
        "hr": 91.0,
        "unit": "bpm",
        "interpolated_fields": "",
        "image_expected_filename": "2026-07-17_13-17-06.jpg",
        "spectrogram": "https://media.githubusercontent.com/media/jiakun323/geodata-visualization/refs/heads/main/spectrogram/2026-07-17_13-17-06.jpg",
        "familiarity": -8.0,
        "record_id": "record-0251"
      },
      "geometry": {
        "type": "Point",
        "coordinates": [
          113.997238,
          22.59419
        ]
      }
    },
    {
      "type": "Feature",
      "id": "record-0252",
      "properties": {
        "city": "venice",
        "timestamp": "2026-07-17 13:17:11",
        "image": "https://media.githubusercontent.com/media/jiakun323/geodata-visualization/refs/heads/main/extracted_frames/2026-07-17_13-17-11.jpg",
        "audio": "",
        "event_mark": "",
        "heart_rate": 91.0,
        "rr": 608.0,
        "temperature": 36.9,
        "attention": 38.0,
        "relaxation": 67.0,
        "sync_rate": 42.0,
        "mental_effort": -37.0,
        "pitch": -17.0,
        "yaw": -96.0,
        "roll": -17.0,
        "delta": 423781,
        "theta": 96091,
        "low_alpha": 9791,
        "high_alpha": 8444,
        "alpha": 18235,
        "low_beta": 5524,
        "high_beta": 7482,
        "beta": 13006,
        "low_gamma": 9355,
        "mid_gamma": 1381,
        "gamma": 10736,
        "rank": 91.0,
        "value": 91.0,
        "hr": 91.0,
        "unit": "bpm",
        "interpolated_fields": "rr",
        "image_expected_filename": "2026-07-17_13-17-11.jpg",
        "spectrogram": "https://media.githubusercontent.com/media/jiakun323/geodata-visualization/refs/heads/main/spectrogram/2026-07-17_13-17-11.jpg",
        "familiarity": -13.0,
        "record_id": "record-0252"
      },
      "geometry": {
        "type": "Point",
        "coordinates": [
          113.997287,
          22.594215
        ]
      }
    },
    {
      "type": "Feature",
      "id": "record-0253",
      "properties": {
        "city": "venice",
        "timestamp": "2026-07-17 13:17:16",
        "image": "https://media.githubusercontent.com/media/jiakun323/geodata-visualization/refs/heads/main/extracted_frames/2026-07-17_13-17-16.jpg",
        "audio": "",
        "event_mark": "",
        "heart_rate": 93.0,
        "rr": 609.0,
        "temperature": 36.9,
        "attention": 34.0,
        "relaxation": 64.0,
        "sync_rate": 61.0,
        "mental_effort": -9.0,
        "pitch": 19.0,
        "yaw": -76.0,
        "roll": 0.0,
        "delta": 368888,
        "theta": 91942,
        "low_alpha": 8697,
        "high_alpha": 11697,
        "alpha": 20394,
        "low_beta": 2709,
        "high_beta": 8564,
        "beta": 11273,
        "low_gamma": 6842,
        "mid_gamma": 1402,
        "gamma": 8244,
        "rank": 93.0,
        "value": 93.0,
        "hr": 93.0,
        "unit": "bpm",
        "interpolated_fields": "",
        "image_expected_filename": "2026-07-17_13-17-16.jpg",
        "spectrogram": "https://media.githubusercontent.com/media/jiakun323/geodata-visualization/refs/heads/main/spectrogram/2026-07-17_13-17-16.jpg",
        "familiarity": 18.0,
        "record_id": "record-0253"
      },
      "geometry": {
        "type": "Point",
        "coordinates": [
          113.997335,
          22.594242
        ]
      }
    },
    {
      "type": "Feature",
      "id": "record-0254",
      "properties": {
        "city": "venice",
        "timestamp": "2026-07-17 13:17:21",
        "image": "https://media.githubusercontent.com/media/jiakun323/geodata-visualization/refs/heads/main/extracted_frames/2026-07-17_13-17-21.jpg",
        "audio": "",
        "event_mark": "",
        "heart_rate": 96.0,
        "rr": 574.0,
        "temperature": 36.9,
        "attention": 66.0,
        "relaxation": 78.0,
        "sync_rate": 80.0,
        "mental_effort": 36.0,
        "pitch": 3.0,
        "yaw": -58.0,
        "roll": -5.0,
        "delta": 32691,
        "theta": 28875,
        "low_alpha": 8962,
        "high_alpha": 5647,
        "alpha": 14609,
        "low_beta": 11703,
        "high_beta": 15620,
        "beta": 27323,
        "low_gamma": 9962,
        "mid_gamma": 2994,
        "gamma": 12956,
        "rank": 96.0,
        "value": 96.0,
        "hr": 96.0,
        "unit": "bpm",
        "interpolated_fields": "",
        "image_expected_filename": "2026-07-17_13-17-21.jpg",
        "spectrogram": "https://media.githubusercontent.com/media/jiakun323/geodata-visualization/refs/heads/main/spectrogram/2026-07-17_13-17-21.jpg",
        "familiarity": 7.0,
        "record_id": "record-0254"
      },
      "geometry": {
        "type": "Point",
        "coordinates": [
          113.997383,
          22.594271
        ]
      }
    },
    {
      "type": "Feature",
      "id": "record-0255",
      "properties": {
        "city": "venice",
        "timestamp": "2026-07-17 13:17:26",
        "image": "https://media.githubusercontent.com/media/jiakun323/geodata-visualization/refs/heads/main/extracted_frames/2026-07-17_13-17-26.jpg",
        "audio": "",
        "event_mark": "",
        "heart_rate": 99.0,
        "rr": 550.5,
        "temperature": 36.9,
        "attention": 50.0,
        "relaxation": 64.0,
        "sync_rate": 76.0,
        "mental_effort": 6.0,
        "pitch": -4.0,
        "yaw": -18.0,
        "roll": -21.0,
        "delta": 80831,
        "theta": 5246,
        "low_alpha": 1426,
        "high_alpha": 1098,
        "alpha": 2524,
        "low_beta": 1217,
        "high_beta": 2675,
        "beta": 3892,
        "low_gamma": 2554,
        "mid_gamma": 883,
        "gamma": 3437,
        "rank": 99.0,
        "value": 99.0,
        "hr": 99.0,
        "unit": "bpm",
        "interpolated_fields": "",
        "image_expected_filename": "2026-07-17_13-17-26.jpg",
        "spectrogram": "https://media.githubusercontent.com/media/jiakun323/geodata-visualization/refs/heads/main/spectrogram/2026-07-17_13-17-26.jpg",
        "familiarity": 10.0,
        "record_id": "record-0255"
      },
      "geometry": {
        "type": "Point",
        "coordinates": [
          113.99743,
          22.5943
        ]
      }
    },
    {
      "type": "Feature",
      "id": "record-0256",
      "properties": {
        "city": "venice",
        "timestamp": "2026-07-17 13:17:31",
        "image": "https://media.githubusercontent.com/media/jiakun323/geodata-visualization/refs/heads/main/extracted_frames/2026-07-17_13-17-31.jpg",
        "audio": "",
        "event_mark": "",
        "heart_rate": 102.0,
        "rr": 687.0,
        "temperature": 36.9,
        "attention": 75.0,
        "relaxation": 41.0,
        "sync_rate": 36.0,
        "mental_effort": -12.0,
        "pitch": 6.0,
        "yaw": -10.0,
        "roll": -4.0,
        "delta": 68634,
        "theta": 39108,
        "low_alpha": 5826,
        "high_alpha": 5366,
        "alpha": 11192,
        "low_beta": 9057,
        "high_beta": 25525,
        "beta": 34582,
        "low_gamma": 10380,
        "mid_gamma": 11100,
        "gamma": 21480,
        "rank": 102.0,
        "value": 102.0,
        "hr": 102.0,
        "unit": "bpm",
        "interpolated_fields": "",
        "image_expected_filename": "2026-07-17_13-17-31.jpg",
        "spectrogram": "https://media.githubusercontent.com/media/jiakun323/geodata-visualization/refs/heads/main/spectrogram/2026-07-17_13-17-31.jpg",
        "familiarity": 7.0,
        "record_id": "record-0256"
      },
      "geometry": {
        "type": "Point",
        "coordinates": [
          113.997478,
          22.594328
        ]
      }
    },
    {
      "type": "Feature",
      "id": "record-0257",
      "properties": {
        "city": "venice",
        "timestamp": "2026-07-17 13:17:36",
        "image": "https://media.githubusercontent.com/media/jiakun323/geodata-visualization/refs/heads/main/extracted_frames/2026-07-17_13-17-36.jpg",
        "audio": "",
        "event_mark": "",
        "heart_rate": 99.0,
        "rr": 639.0,
        "temperature": 36.9,
        "attention": 57.0,
        "relaxation": 75.0,
        "sync_rate": 33.0,
        "mental_effort": 5.0,
        "pitch": 0.0,
        "yaw": 0.0,
        "roll": 0.0,
        "delta": 115993,
        "theta": 31016,
        "low_alpha": 6164,
        "high_alpha": 20255,
        "alpha": 26419,
        "low_beta": 13824,
        "high_beta": 18425,
        "beta": 32249,
        "low_gamma": 8707,
        "mid_gamma": 2914,
        "gamma": 11621,
        "rank": 99.0,
        "value": 99.0,
        "hr": 99.0,
        "unit": "bpm",
        "interpolated_fields": "rr",
        "image_expected_filename": "2026-07-17_13-17-36.jpg",
        "spectrogram": "https://media.githubusercontent.com/media/jiakun323/geodata-visualization/refs/heads/main/spectrogram/2026-07-17_13-17-36.jpg",
        "familiarity": -6.0,
        "record_id": "record-0257"
      },
      "geometry": {
        "type": "Point",
        "coordinates": [
          113.997526,
          22.594357
        ]
      }
    },
    {
      "type": "Feature",
      "id": "record-0258",
      "properties": {
        "city": "venice",
        "timestamp": "2026-07-17 13:17:41",
        "image": "https://media.githubusercontent.com/media/jiakun323/geodata-visualization/refs/heads/main/extracted_frames/2026-07-17_13-17-41.jpg",
        "audio": "",
        "event_mark": "",
        "heart_rate": 94.0,
        "rr": 629.0,
        "temperature": 36.9,
        "attention": 90.0,
        "relaxation": 61.0,
        "sync_rate": 33.0,
        "mental_effort": 18.0,
        "pitch": 24.0,
        "yaw": 0.0,
        "roll": -1.0,
        "delta": 68960,
        "theta": 22060,
        "low_alpha": 11107,
        "high_alpha": 11679,
        "alpha": 22786,
        "low_beta": 6850,
        "high_beta": 41011,
        "beta": 47861,
        "low_gamma": 19180,
        "mid_gamma": 6172,
        "gamma": 25352,
        "rank": 94.0,
        "value": 94.0,
        "hr": 94.0,
        "unit": "bpm",
        "interpolated_fields": "",
        "image_expected_filename": "2026-07-17_13-17-41.jpg",
        "spectrogram": "https://media.githubusercontent.com/media/jiakun323/geodata-visualization/refs/heads/main/spectrogram/2026-07-17_13-17-41.jpg",
        "familiarity": 19.0,
        "record_id": "record-0258"
      },
      "geometry": {
        "type": "Point",
        "coordinates": [
          113.997573,
          22.594385
        ]
      }
    },
    {
      "type": "Feature",
      "id": "record-0259",
      "properties": {
        "city": "venice",
        "timestamp": "2026-07-17 13:17:46",
        "image": "https://media.githubusercontent.com/media/jiakun323/geodata-visualization/refs/heads/main/extracted_frames/2026-07-17_13-17-46.jpg",
        "audio": "",
        "event_mark": "",
        "heart_rate": 93.0,
        "rr": 627.5,
        "temperature": 36.9,
        "attention": 40.0,
        "relaxation": 57.0,
        "sync_rate": 50.0,
        "mental_effort": -1.0,
        "pitch": 4.0,
        "yaw": 22.0,
        "roll": -13.0,
        "delta": 1215795,
        "theta": 243144,
        "low_alpha": 40993,
        "high_alpha": 10838,
        "alpha": 51831,
        "low_beta": 38943,
        "high_beta": 102373,
        "beta": 141316,
        "low_gamma": 41182,
        "mid_gamma": 15361,
        "gamma": 56543,
        "rank": 93.0,
        "value": 93.0,
        "hr": 93.0,
        "unit": "bpm",
        "interpolated_fields": "",
        "image_expected_filename": "2026-07-17_13-17-46.jpg",
        "spectrogram": "https://media.githubusercontent.com/media/jiakun323/geodata-visualization/refs/heads/main/spectrogram/2026-07-17_13-17-46.jpg",
        "familiarity": -9.0,
        "record_id": "record-0259"
      },
      "geometry": {
        "type": "Point",
        "coordinates": [
          113.997621,
          22.594414
        ]
      }
    },
    {
      "type": "Feature",
      "id": "record-0260",
      "properties": {
        "city": "venice",
        "timestamp": "2026-07-17 13:17:51",
        "image": "https://media.githubusercontent.com/media/jiakun323/geodata-visualization/refs/heads/main/extracted_frames/2026-07-17_13-17-51.jpg",
        "audio": "",
        "event_mark": "",
        "heart_rate": 94.0,
        "rr": 630.167,
        "temperature": 36.8,
        "attention": 51.0,
        "relaxation": 37.0,
        "sync_rate": 41.0,
        "mental_effort": -3.0,
        "pitch": 26.0,
        "yaw": 102.0,
        "roll": -14.0,
        "delta": 152131,
        "theta": 20234,
        "low_alpha": 4683,
        "high_alpha": 30746,
        "alpha": 35429,
        "low_beta": 14203,
        "high_beta": 50891,
        "beta": 65094,
        "low_gamma": 17433,
        "mid_gamma": 17940,
        "gamma": 35373,
        "rank": 94.0,
        "value": 94.0,
        "hr": 94.0,
        "unit": "bpm",
        "interpolated_fields": "rr",
        "image_expected_filename": "2026-07-17_13-17-51.jpg",
        "spectrogram": "https://media.githubusercontent.com/media/jiakun323/geodata-visualization/refs/heads/main/spectrogram/2026-07-17_13-17-51.jpg",
        "familiarity": 1.0,
        "record_id": "record-0260"
      },
      "geometry": {
        "type": "Point",
        "coordinates": [
          113.997668,
          22.594442
        ]
      }
    },
    {
      "type": "Feature",
      "id": "record-0261",
      "properties": {
        "city": "venice",
        "timestamp": "2026-07-17 13:17:56",
        "image": "https://media.githubusercontent.com/media/jiakun323/geodata-visualization/refs/heads/main/extracted_frames/2026-07-17_13-17-56.jpg",
        "audio": "",
        "event_mark": "",
        "heart_rate": 95.0,
        "rr": 612.417,
        "temperature": 36.8,
        "attention": 50.0,
        "relaxation": 75.0,
        "sync_rate": 53.0,
        "mental_effort": -6.0,
        "pitch": 12.0,
        "yaw": 69.0,
        "roll": -9.0,
        "delta": 322736,
        "theta": 62612,
        "low_alpha": 100096,
        "high_alpha": 8312,
        "alpha": 108408,
        "low_beta": 11577,
        "high_beta": 35300,
        "beta": 46877,
        "low_gamma": 15389,
        "mid_gamma": 7817,
        "gamma": 23206,
        "rank": 95.0,
        "value": 95.0,
        "hr": 95.0,
        "unit": "bpm",
        "interpolated_fields": "rr",
        "image_expected_filename": "2026-07-17_13-17-56.jpg",
        "spectrogram": "https://media.githubusercontent.com/media/jiakun323/geodata-visualization/refs/heads/main/spectrogram/2026-07-17_13-17-56.jpg",
        "familiarity": 16.0,
        "record_id": "record-0261"
      },
      "geometry": {
        "type": "Point",
        "coordinates": [
          113.997718,
          22.594458
        ]
      }
    },
    {
      "type": "Feature",
      "id": "record-0262",
      "properties": {
        "city": "venice",
        "timestamp": "2026-07-17 13:18:01",
        "image": "https://media.githubusercontent.com/media/jiakun323/geodata-visualization/refs/heads/main/extracted_frames/2026-07-17_13-18-01.jpg",
        "audio": "",
        "event_mark": "",
        "heart_rate": 94.0,
        "rr": 605.0,
        "temperature": 36.8,
        "attention": 43.0,
        "relaxation": 78.0,
        "sync_rate": 78.0,
        "mental_effort": -12.0,
        "pitch": 30.0,
        "yaw": 88.0,
        "roll": -10.0,
        "delta": 144169,
        "theta": 8069,
        "low_alpha": 3222,
        "high_alpha": 2689,
        "alpha": 5911,
        "low_beta": 1224,
        "high_beta": 929,
        "beta": 2153,
        "low_gamma": 1486,
        "mid_gamma": 913,
        "gamma": 2399,
        "rank": 94.0,
        "value": 94.0,
        "hr": 94.0,
        "unit": "bpm",
        "interpolated_fields": "",
        "image_expected_filename": "2026-07-17_13-18-01.jpg",
        "spectrogram": "https://media.githubusercontent.com/media/jiakun323/geodata-visualization/refs/heads/main/spectrogram/2026-07-17_13-18-01.jpg",
        "familiarity": 14.0,
        "record_id": "record-0262"
      },
      "geometry": {
        "type": "Point",
        "coordinates": [
          113.997767,
          22.59447
        ]
      }
    },
    {
      "type": "Feature",
      "id": "record-0263",
      "properties": {
        "city": "venice",
        "timestamp": "2026-07-17 13:18:06",
        "image": "https://media.githubusercontent.com/media/jiakun323/geodata-visualization/refs/heads/main/extracted_frames/2026-07-17_13-18-06.jpg",
        "audio": "",
        "event_mark": "",
        "heart_rate": 94.0,
        "rr": 612.5,
        "temperature": 36.8,
        "attention": 50.5,
        "relaxation": 69.0,
        "sync_rate": 60.0,
        "mental_effort": -33.5,
        "pitch": 13.0,
        "yaw": 114.0,
        "roll": -6.0,
        "delta": 46612,
        "theta": 33062,
        "low_alpha": 5008,
        "high_alpha": 1962,
        "alpha": 6969,
        "low_beta": 6204,
        "high_beta": 5278,
        "beta": 11483,
        "low_gamma": 4958,
        "mid_gamma": 3559,
        "gamma": 8517,
        "rank": 94.0,
        "value": 94.0,
        "hr": 94.0,
        "unit": "bpm",
        "interpolated_fields": "attention, relaxation, delta, theta, low_alpha, high_alpha, low_beta, high_beta, low_gamma, mid_gamma, pitch, yaw, roll, sync_rate, mental_effort, familarity, temperature, heart_rate",
        "image_expected_filename": "2026-07-17_13-18-06.jpg",
        "spectrogram": "https://media.githubusercontent.com/media/jiakun323/geodata-visualization/refs/heads/main/spectrogram/2026-07-17_13-18-06.jpg",
        "familiarity": 5.5,
        "record_id": "record-0263"
      },
      "geometry": {
        "type": "Point",
        "coordinates": [
          113.997812,
          22.59449
        ]
      }
    },
    {
      "type": "Feature",
      "id": "record-0264",
      "properties": {
        "city": "venice",
        "timestamp": "2026-07-17 13:18:11",
        "image": "https://media.githubusercontent.com/media/jiakun323/geodata-visualization/refs/heads/main/extracted_frames/2026-07-17_13-18-11.jpg",
        "audio": "",
        "event_mark": "",
        "heart_rate": 95.0,
        "rr": 604.5,
        "temperature": 36.8,
        "attention": 61.0,
        "relaxation": 87.0,
        "sync_rate": 60.0,
        "mental_effort": -36.0,
        "pitch": 4.0,
        "yaw": 123.0,
        "roll": -2.0,
        "delta": 92740,
        "theta": 33361,
        "low_alpha": 29512,
        "high_alpha": 5441,
        "alpha": 34953,
        "low_beta": 8352,
        "high_beta": 18828,
        "beta": 27180,
        "low_gamma": 10326,
        "mid_gamma": 3754,
        "gamma": 14080,
        "rank": 95.0,
        "value": 95.0,
        "hr": 95.0,
        "unit": "bpm",
        "interpolated_fields": "",
        "image_expected_filename": "2026-07-17_13-18-11.jpg",
        "spectrogram": "https://media.githubusercontent.com/media/jiakun323/geodata-visualization/refs/heads/main/spectrogram/2026-07-17_13-18-11.jpg",
        "familiarity": -23.0,
        "record_id": "record-0264"
      },
      "geometry": {
        "type": "Point",
        "coordinates": [
          113.997856,
          22.594513
        ]
      }
    },
    {
      "type": "Feature",
      "id": "record-0265",
      "properties": {
        "city": "venice",
        "timestamp": "2026-07-17 13:18:16",
        "image": "https://media.githubusercontent.com/media/jiakun323/geodata-visualization/refs/heads/main/extracted_frames/2026-07-17_13-18-16.jpg",
        "audio": "",
        "event_mark": "",
        "heart_rate": 97.0,
        "rr": 631.2,
        "temperature": 36.8,
        "attention": 84.0,
        "relaxation": 63.0,
        "sync_rate": 58.0,
        "mental_effort": -26.0,
        "pitch": 29.0,
        "yaw": 144.0,
        "roll": 0.0,
        "delta": 151658,
        "theta": 6744,
        "low_alpha": 4637,
        "high_alpha": 9496,
        "alpha": 14133,
        "low_beta": 15764,
        "high_beta": 46882,
        "beta": 62646,
        "low_gamma": 18327,
        "mid_gamma": 3198,
        "gamma": 21525,
        "rank": 97.0,
        "value": 97.0,
        "hr": 97.0,
        "unit": "bpm",
        "interpolated_fields": "rr",
        "image_expected_filename": "2026-07-17_13-18-16.jpg",
        "spectrogram": "https://media.githubusercontent.com/media/jiakun323/geodata-visualization/refs/heads/main/spectrogram/2026-07-17_13-18-16.jpg",
        "familiarity": -1.0,
        "record_id": "record-0265"
      },
      "geometry": {
        "type": "Point",
        "coordinates": [
          113.997912,
          22.594534
        ]
      }
    },
    {
      "type": "Feature",
      "id": "record-0266",
      "properties": {
        "city": "venice",
        "timestamp": "2026-07-17 13:18:21",
        "image": "https://media.githubusercontent.com/media/jiakun323/geodata-visualization/refs/heads/main/extracted_frames/2026-07-17_13-18-21.jpg",
        "audio": "",
        "event_mark": "",
        "heart_rate": 96.0,
        "rr": 608.333,
        "temperature": 36.8,
        "attention": 37.0,
        "relaxation": 74.0,
        "sync_rate": 28.0,
        "mental_effort": -23.0,
        "pitch": 1.0,
        "yaw": 177.0,
        "roll": -9.0,
        "delta": 17038,
        "theta": 22558,
        "low_alpha": 19407,
        "high_alpha": 24192,
        "alpha": 43599,
        "low_beta": 7091,
        "high_beta": 29652,
        "beta": 36743,
        "low_gamma": 12186,
        "mid_gamma": 8390,
        "gamma": 20576,
        "rank": 96.0,
        "value": 96.0,
        "hr": 96.0,
        "unit": "bpm",
        "interpolated_fields": "rr",
        "image_expected_filename": "2026-07-17_13-18-21.jpg",
        "spectrogram": "https://media.githubusercontent.com/media/jiakun323/geodata-visualization/refs/heads/main/spectrogram/2026-07-17_13-18-21.jpg",
        "familiarity": 13.0,
        "record_id": "record-0266"
      },
      "geometry": {
        "type": "Point",
        "coordinates": [
          113.99797,
          22.594555
        ]
      }
    },
    {
      "type": "Feature",
      "id": "record-0267",
      "properties": {
        "city": "venice",
        "timestamp": "2026-07-17 13:18:26",
        "image": "https://media.githubusercontent.com/media/jiakun323/geodata-visualization/refs/heads/main/extracted_frames/2026-07-17_13-18-26.jpg",
        "audio": "",
        "event_mark": "",
        "heart_rate": 95.0,
        "rr": 603.05,
        "temperature": 36.8,
        "attention": 70.0,
        "relaxation": 47.0,
        "sync_rate": 32.0,
        "mental_effort": -25.0,
        "pitch": 11.0,
        "yaw": -169.0,
        "roll": -5.0,
        "delta": 1983051,
        "theta": 1246981,
        "low_alpha": 22602,
        "high_alpha": 45086,
        "alpha": 67688,
        "low_beta": 91679,
        "high_beta": 74337,
        "beta": 166016,
        "low_gamma": 43913,
        "mid_gamma": 27490,
        "gamma": 71403,
        "rank": 95.0,
        "value": 95.0,
        "hr": 95.0,
        "unit": "bpm",
        "interpolated_fields": "rr",
        "image_expected_filename": "2026-07-17_13-18-26.jpg",
        "spectrogram": "https://media.githubusercontent.com/media/jiakun323/geodata-visualization/refs/heads/main/spectrogram/2026-07-17_13-18-26.jpg",
        "familiarity": 3.0,
        "record_id": "record-0267"
      },
      "geometry": {
        "type": "Point",
        "coordinates": [
          113.998028,
          22.594576
        ]
      }
    },
    {
      "type": "Feature",
      "id": "record-0268",
      "properties": {
        "city": "venice",
        "timestamp": "2026-07-17 13:18:31",
        "image": "https://media.githubusercontent.com/media/jiakun323/geodata-visualization/refs/heads/main/extracted_frames/2026-07-17_13-18-31.jpg",
        "audio": "",
        "event_mark": "",
        "heart_rate": 96.0,
        "rr": 634.267,
        "temperature": 36.8,
        "attention": 57.0,
        "relaxation": 77.0,
        "sync_rate": 61.0,
        "mental_effort": -21.0,
        "pitch": 41.0,
        "yaw": -140.0,
        "roll": -13.0,
        "delta": 252038,
        "theta": 14836,
        "low_alpha": 25766,
        "high_alpha": 29340,
        "alpha": 55106,
        "low_beta": 9544,
        "high_beta": 14706,
        "beta": 24250,
        "low_gamma": 15638,
        "mid_gamma": 7175,
        "gamma": 22813,
        "rank": 96.0,
        "value": 96.0,
        "hr": 96.0,
        "unit": "bpm",
        "interpolated_fields": "rr",
        "image_expected_filename": "2026-07-17_13-18-31.jpg",
        "spectrogram": "https://media.githubusercontent.com/media/jiakun323/geodata-visualization/refs/heads/main/spectrogram/2026-07-17_13-18-31.jpg",
        "familiarity": -30.0,
        "record_id": "record-0268"
      },
      "geometry": {
        "type": "Point",
        "coordinates": [
          113.998076,
          22.5946
        ]
      }
    },
    {
      "type": "Feature",
      "id": "record-0269",
      "properties": {
        "city": "venice",
        "timestamp": "2026-07-17 13:18:36",
        "image": "https://media.githubusercontent.com/media/jiakun323/geodata-visualization/refs/heads/main/extracted_frames/2026-07-17_13-18-36.jpg",
        "audio": "",
        "event_mark": "",
        "heart_rate": 96.0,
        "rr": 592.0,
        "temperature": 36.8,
        "attention": 88.0,
        "relaxation": 77.0,
        "sync_rate": 82.0,
        "mental_effort": 5.0,
        "pitch": 18.0,
        "yaw": -115.0,
        "roll": -3.0,
        "delta": 9976,
        "theta": 18436,
        "low_alpha": 11566,
        "high_alpha": 4082,
        "alpha": 15648,
        "low_beta": 10767,
        "high_beta": 15207,
        "beta": 25974,
        "low_gamma": 12368,
        "mid_gamma": 4814,
        "gamma": 17182,
        "rank": 96.0,
        "value": 96.0,
        "hr": 96.0,
        "unit": "bpm",
        "interpolated_fields": "",
        "image_expected_filename": "2026-07-17_13-18-36.jpg",
        "spectrogram": "https://media.githubusercontent.com/media/jiakun323/geodata-visualization/refs/heads/main/spectrogram/2026-07-17_13-18-36.jpg",
        "familiarity": -12.0,
        "record_id": "record-0269"
      },
      "geometry": {
        "type": "Point",
        "coordinates": [
          113.998119,
          22.594627
        ]
      }
    },
    {
      "type": "Feature",
      "id": "record-0270",
      "properties": {
        "city": "venice",
        "timestamp": "2026-07-17 13:18:41",
        "image": "https://media.githubusercontent.com/media/jiakun323/geodata-visualization/refs/heads/main/extracted_frames/2026-07-17_13-18-41.jpg",
        "audio": "",
        "event_mark": "",
        "heart_rate": 96.0,
        "rr": 677.5,
        "temperature": 36.8,
        "attention": 60.0,
        "relaxation": 81.0,
        "sync_rate": 36.0,
        "mental_effort": -20.0,
        "pitch": 12.0,
        "yaw": -87.0,
        "roll": -6.0,
        "delta": 642029,
        "theta": 163322,
        "low_alpha": 45634,
        "high_alpha": 12942,
        "alpha": 58576,
        "low_beta": 17217,
        "high_beta": 18049,
        "beta": 35266,
        "low_gamma": 12447,
        "mid_gamma": 7884,
        "gamma": 20331,
        "rank": 96.0,
        "value": 96.0,
        "hr": 96.0,
        "unit": "bpm",
        "interpolated_fields": "",
        "image_expected_filename": "2026-07-17_13-18-41.jpg",
        "spectrogram": "https://media.githubusercontent.com/media/jiakun323/geodata-visualization/refs/heads/main/spectrogram/2026-07-17_13-18-41.jpg",
        "familiarity": 19.0,
        "record_id": "record-0270"
      },
      "geometry": {
        "type": "Point",
        "coordinates": [
          113.998161,
          22.594654
        ]
      }
    },
    {
      "type": "Feature",
      "id": "record-0271",
      "properties": {
        "city": "venice",
        "timestamp": "2026-07-17 13:18:46",
        "image": "https://media.githubusercontent.com/media/jiakun323/geodata-visualization/refs/heads/main/extracted_frames/2026-07-17_13-18-46.jpg",
        "audio": "",
        "event_mark": "",
        "heart_rate": 95.0,
        "rr": 629.333,
        "temperature": 36.8,
        "attention": 50.0,
        "relaxation": 53.0,
        "sync_rate": 51.0,
        "mental_effort": -39.0,
        "pitch": 24.0,
        "yaw": -69.0,
        "roll": -14.0,
        "delta": 556666,
        "theta": 238696,
        "low_alpha": 61637,
        "high_alpha": 44009,
        "alpha": 105646,
        "low_beta": 5819,
        "high_beta": 20701,
        "beta": 26520,
        "low_gamma": 15840,
        "mid_gamma": 15313,
        "gamma": 31153,
        "rank": 95.0,
        "value": 95.0,
        "hr": 95.0,
        "unit": "bpm",
        "interpolated_fields": "",
        "image_expected_filename": "2026-07-17_13-18-46.jpg",
        "spectrogram": "https://media.githubusercontent.com/media/jiakun323/geodata-visualization/refs/heads/main/spectrogram/2026-07-17_13-18-46.jpg",
        "familiarity": 2.0,
        "record_id": "record-0271"
      },
      "geometry": {
        "type": "Point",
        "coordinates": [
          113.998203,
          22.594681
        ]
      }
    },
    {
      "type": "Feature",
      "id": "record-0272",
      "properties": {
        "city": "venice",
        "timestamp": "2026-07-17 13:18:51",
        "image": "https://media.githubusercontent.com/media/jiakun323/geodata-visualization/refs/heads/main/extracted_frames/2026-07-17_13-18-51.jpg",
        "audio": "",
        "event_mark": "",
        "heart_rate": 93.0,
        "rr": 595.333,
        "temperature": 36.8,
        "attention": 34.0,
        "relaxation": 63.0,
        "sync_rate": 34.0,
        "mental_effort": 1.0,
        "pitch": -2.0,
        "yaw": -43.0,
        "roll": 5.0,
        "delta": 1202758,
        "theta": 156563,
        "low_alpha": 11388,
        "high_alpha": 9388,
        "alpha": 20776,
        "low_beta": 9759,
        "high_beta": 18050,
        "beta": 27809,
        "low_gamma": 5616,
        "mid_gamma": 10876,
        "gamma": 16492,
        "rank": 93.0,
        "value": 93.0,
        "hr": 93.0,
        "unit": "bpm",
        "interpolated_fields": "",
        "image_expected_filename": "2026-07-17_13-18-51.jpg",
        "spectrogram": "https://media.githubusercontent.com/media/jiakun323/geodata-visualization/refs/heads/main/spectrogram/2026-07-17_13-18-51.jpg",
        "familiarity": -9.0,
        "record_id": "record-0272"
      },
      "geometry": {
        "type": "Point",
        "coordinates": [
          113.998246,
          22.594708
        ]
      }
    },
    {
      "type": "Feature",
      "id": "record-0273",
      "properties": {
        "city": "venice",
        "timestamp": "2026-07-17 13:18:56",
        "image": "https://media.githubusercontent.com/media/jiakun323/geodata-visualization/refs/heads/main/extracted_frames/2026-07-17_13-18-56.jpg",
        "audio": "",
        "event_mark": "",
        "heart_rate": 96.0,
        "rr": 630.333,
        "temperature": 36.8,
        "attention": 61.0,
        "relaxation": 37.0,
        "sync_rate": 27.0,
        "mental_effort": 13.0,
        "pitch": -2.0,
        "yaw": -41.0,
        "roll": -13.0,
        "delta": 100916,
        "theta": 99491,
        "low_alpha": 7941,
        "high_alpha": 7058,
        "alpha": 14999,
        "low_beta": 10259,
        "high_beta": 26253,
        "beta": 36512,
        "low_gamma": 9617,
        "mid_gamma": 11379,
        "gamma": 20996,
        "rank": 96.0,
        "value": 96.0,
        "hr": 96.0,
        "unit": "bpm",
        "interpolated_fields": "",
        "image_expected_filename": "2026-07-17_13-18-56.jpg",
        "spectrogram": "https://media.githubusercontent.com/media/jiakun323/geodata-visualization/refs/heads/main/spectrogram/2026-07-17_13-18-56.jpg",
        "familiarity": -15.0,
        "record_id": "record-0273"
      },
      "geometry": {
        "type": "Point",
        "coordinates": [
          113.998288,
          22.594735
        ]
      }
    },
    {
      "type": "Feature",
      "id": "record-0274",
      "properties": {
        "city": "venice",
        "timestamp": "2026-07-17 13:19:01",
        "image": "https://media.githubusercontent.com/media/jiakun323/geodata-visualization/refs/heads/main/extracted_frames/2026-07-17_13-19-01.jpg",
        "audio": "",
        "event_mark": "",
        "heart_rate": 98.0,
        "rr": 602.5,
        "temperature": 36.8,
        "attention": 24.0,
        "relaxation": 48.0,
        "sync_rate": 45.0,
        "mental_effort": -5.0,
        "pitch": 17.0,
        "yaw": 35.0,
        "roll": -4.0,
        "delta": 619293,
        "theta": 99144,
        "low_alpha": 23183,
        "high_alpha": 20736,
        "alpha": 43919,
        "low_beta": 14479,
        "high_beta": 10084,
        "beta": 24563,
        "low_gamma": 13819,
        "mid_gamma": 7078,
        "gamma": 20897,
        "rank": 98.0,
        "value": 98.0,
        "hr": 98.0,
        "unit": "bpm",
        "interpolated_fields": "",
        "image_expected_filename": "2026-07-17_13-19-01.jpg",
        "spectrogram": "https://media.githubusercontent.com/media/jiakun323/geodata-visualization/refs/heads/main/spectrogram/2026-07-17_13-19-01.jpg",
        "familiarity": 1.0,
        "record_id": "record-0274"
      },
      "geometry": {
        "type": "Point",
        "coordinates": [
          113.998341,
          22.594748
        ]
      }
    },
    {
      "type": "Feature",
      "id": "record-0275",
      "properties": {
        "city": "venice",
        "timestamp": "2026-07-17 13:19:06",
        "image": "https://media.githubusercontent.com/media/jiakun323/geodata-visualization/refs/heads/main/extracted_frames/2026-07-17_13-19-06.jpg",
        "audio": "",
        "event_mark": "",
        "heart_rate": 98.0,
        "rr": 658.286,
        "temperature": 36.0,
        "attention": 27.0,
        "relaxation": 57.0,
        "sync_rate": 24.0,
        "mental_effort": 9.0,
        "pitch": 16.0,
        "yaw": 35.0,
        "roll": -16.0,
        "delta": 3631,
        "theta": 4202,
        "low_alpha": 1324,
        "high_alpha": 851,
        "alpha": 2175,
        "low_beta": 813,
        "high_beta": 1075,
        "beta": 1888,
        "low_gamma": 600,
        "mid_gamma": 228,
        "gamma": 828,
        "rank": 98.0,
        "value": 98.0,
        "hr": 98.0,
        "unit": "bpm",
        "interpolated_fields": "",
        "image_expected_filename": "2026-07-17_13-19-06.jpg",
        "spectrogram": "https://media.githubusercontent.com/media/jiakun323/geodata-visualization/refs/heads/main/spectrogram/2026-07-17_13-19-06.jpg",
        "familiarity": 22.0,
        "record_id": "record-0275"
      },
      "geometry": {
        "type": "Point",
        "coordinates": [
          113.998393,
          22.594761
        ]
      }
    },
    {
      "type": "Feature",
      "id": "record-0276",
      "properties": {
        "city": "venice",
        "timestamp": "2026-07-17 13:19:11",
        "image": "https://media.githubusercontent.com/media/jiakun323/geodata-visualization/refs/heads/main/extracted_frames/2026-07-17_13-19-11.jpg",
        "audio": "",
        "event_mark": "",
        "heart_rate": 98.0,
        "rr": 640.0,
        "temperature": 36.0,
        "attention": 8.0,
        "relaxation": 74.0,
        "sync_rate": 34.0,
        "mental_effort": -12.0,
        "pitch": -5.0,
        "yaw": 60.0,
        "roll": -5.0,
        "delta": 1333111,
        "theta": 122651,
        "low_alpha": 101165,
        "high_alpha": 121945,
        "alpha": 223110,
        "low_beta": 18324,
        "high_beta": 23899,
        "beta": 42223,
        "low_gamma": 15852,
        "mid_gamma": 5433,
        "gamma": 21285,
        "rank": 98.0,
        "value": 98.0,
        "hr": 98.0,
        "unit": "bpm",
        "interpolated_fields": "",
        "image_expected_filename": "2026-07-17_13-19-11.jpg",
        "spectrogram": "https://media.githubusercontent.com/media/jiakun323/geodata-visualization/refs/heads/main/spectrogram/2026-07-17_13-19-11.jpg",
        "familiarity": -7.0,
        "record_id": "record-0276"
      },
      "geometry": {
        "type": "Point",
        "coordinates": [
          113.998446,
          22.594774
        ]
      }
    },
    {
      "type": "Feature",
      "id": "record-0277",
      "properties": {
        "city": "venice",
        "timestamp": "2026-07-17 13:19:16",
        "image": "https://media.githubusercontent.com/media/jiakun323/geodata-visualization/refs/heads/main/extracted_frames/2026-07-17_13-19-16.jpg",
        "audio": "",
        "event_mark": "",
        "heart_rate": 98.0,
        "rr": 615.0,
        "temperature": 36.1,
        "attention": 29.0,
        "relaxation": 84.0,
        "sync_rate": 56.0,
        "mental_effort": -9.0,
        "pitch": 15.0,
        "yaw": 112.0,
        "roll": -12.0,
        "delta": 83453,
        "theta": 6047,
        "low_alpha": 11788,
        "high_alpha": 4085,
        "alpha": 15873,
        "low_beta": 5961,
        "high_beta": 2467,
        "beta": 8428,
        "low_gamma": 834,
        "mid_gamma": 391,
        "gamma": 1225,
        "rank": 98.0,
        "value": 98.0,
        "hr": 98.0,
        "unit": "bpm",
        "interpolated_fields": "",
        "image_expected_filename": "2026-07-17_13-19-16.jpg",
        "spectrogram": "https://media.githubusercontent.com/media/jiakun323/geodata-visualization/refs/heads/main/spectrogram/2026-07-17_13-19-16.jpg",
        "familiarity": -1.0,
        "record_id": "record-0277"
      },
      "geometry": {
        "type": "Point",
        "coordinates": [
          113.998499,
          22.594787
        ]
      }
    },
    {
      "type": "Feature",
      "id": "record-0278",
      "properties": {
        "city": "venice",
        "timestamp": "2026-07-17 13:19:21",
        "image": "https://media.githubusercontent.com/media/jiakun323/geodata-visualization/refs/heads/main/extracted_frames/2026-07-17_13-19-21.jpg",
        "audio": "",
        "event_mark": "",
        "heart_rate": 97.0,
        "rr": 616.5,
        "temperature": 36.2,
        "attention": 26.0,
        "relaxation": 74.0,
        "sync_rate": 83.0,
        "mental_effort": -24.0,
        "pitch": -4.0,
        "yaw": 154.0,
        "roll": -8.0,
        "delta": 818174,
        "theta": 50208,
        "low_alpha": 9256,
        "high_alpha": 8823,
        "alpha": 18079,
        "low_beta": 8909,
        "high_beta": 8324,
        "beta": 17233,
        "low_gamma": 3422,
        "mid_gamma": 1334,
        "gamma": 4756,
        "rank": 97.0,
        "value": 97.0,
        "hr": 97.0,
        "unit": "bpm",
        "interpolated_fields": "",
        "image_expected_filename": "2026-07-17_13-19-21.jpg",
        "spectrogram": "https://media.githubusercontent.com/media/jiakun323/geodata-visualization/refs/heads/main/spectrogram/2026-07-17_13-19-21.jpg",
        "familiarity": 7.0,
        "record_id": "record-0278"
      },
      "geometry": {
        "type": "Point",
        "coordinates": [
          113.998551,
          22.5948
        ]
      }
    },
    {
      "type": "Feature",
      "id": "record-0279",
      "properties": {
        "city": "venice",
        "timestamp": "2026-07-17 13:19:26",
        "image": "https://media.githubusercontent.com/media/jiakun323/geodata-visualization/refs/heads/main/extracted_frames/2026-07-17_13-19-26.jpg",
        "audio": "",
        "event_mark": "",
        "heart_rate": 97.0,
        "rr": 642.5,
        "temperature": 36.2,
        "attention": 10.0,
        "relaxation": 50.0,
        "sync_rate": 75.0,
        "mental_effort": 2.0,
        "pitch": 29.0,
        "yaw": 117.0,
        "roll": -6.0,
        "delta": 335389,
        "theta": 87755,
        "low_alpha": 14025,
        "high_alpha": 18949,
        "alpha": 32974,
        "low_beta": 30465,
        "high_beta": 21844,
        "beta": 52309,
        "low_gamma": 24240,
        "mid_gamma": 15157,
        "gamma": 39397,
        "rank": 97.0,
        "value": 97.0,
        "hr": 97.0,
        "unit": "bpm",
        "interpolated_fields": "",
        "image_expected_filename": "2026-07-17_13-19-26.jpg",
        "spectrogram": "https://media.githubusercontent.com/media/jiakun323/geodata-visualization/refs/heads/main/spectrogram/2026-07-17_13-19-26.jpg",
        "familiarity": 7.0,
        "record_id": "record-0279"
      },
      "geometry": {
        "type": "Point",
        "coordinates": [
          113.998602,
          22.594809
        ]
      }
    },
    {
      "type": "Feature",
      "id": "record-0280",
      "properties": {
        "city": "venice",
        "timestamp": "2026-07-17 13:19:31",
        "image": "https://media.githubusercontent.com/media/jiakun323/geodata-visualization/refs/heads/main/extracted_frames/2026-07-17_13-19-31.jpg",
        "audio": "",
        "event_mark": "",
        "heart_rate": 96.0,
        "rr": 708.5,
        "temperature": 36.3,
        "attention": 20.0,
        "relaxation": 63.0,
        "sync_rate": 54.0,
        "mental_effort": -8.0,
        "pitch": 23.0,
        "yaw": -174.0,
        "roll": 0.0,
        "delta": 1033911,
        "theta": 232028,
        "low_alpha": 64986,
        "high_alpha": 12627,
        "alpha": 77613,
        "low_beta": 49871,
        "high_beta": 70361,
        "beta": 120232,
        "low_gamma": 69697,
        "mid_gamma": 31178,
        "gamma": 100875,
        "rank": 96.0,
        "value": 96.0,
        "hr": 96.0,
        "unit": "bpm",
        "interpolated_fields": "",
        "image_expected_filename": "2026-07-17_13-19-31.jpg",
        "spectrogram": "https://media.githubusercontent.com/media/jiakun323/geodata-visualization/refs/heads/main/spectrogram/2026-07-17_13-19-31.jpg",
        "familiarity": 10.0,
        "record_id": "record-0280"
      },
      "geometry": {
        "type": "Point",
        "coordinates": [
          113.99865,
          22.594813
        ]
      }
    },
    {
      "type": "Feature",
      "id": "record-0281",
      "properties": {
        "city": "venice",
        "timestamp": "2026-07-17 13:19:36",
        "image": "https://media.githubusercontent.com/media/jiakun323/geodata-visualization/refs/heads/main/extracted_frames/2026-07-17_13-19-36.jpg",
        "audio": "",
        "event_mark": "",
        "heart_rate": 96.0,
        "rr": 616.5,
        "temperature": 36.4,
        "attention": 44.0,
        "relaxation": 81.0,
        "sync_rate": 68.0,
        "mental_effort": 6.0,
        "pitch": -5.0,
        "yaw": -165.0,
        "roll": 0.0,
        "delta": 403280,
        "theta": 32695,
        "low_alpha": 19062,
        "high_alpha": 46804,
        "alpha": 65866,
        "low_beta": 11492,
        "high_beta": 19210,
        "beta": 30702,
        "low_gamma": 11646,
        "mid_gamma": 10413,
        "gamma": 22059,
        "rank": 96.0,
        "value": 96.0,
        "hr": 96.0,
        "unit": "bpm",
        "interpolated_fields": "",
        "image_expected_filename": "2026-07-17_13-19-36.jpg",
        "spectrogram": "https://media.githubusercontent.com/media/jiakun323/geodata-visualization/refs/heads/main/spectrogram/2026-07-17_13-19-36.jpg",
        "familiarity": -8.0,
        "record_id": "record-0281"
      },
      "geometry": {
        "type": "Point",
        "coordinates": [
          113.998697,
          22.59482
        ]
      }
    },
    {
      "type": "Feature",
      "id": "record-0282",
      "properties": {
        "city": "venice",
        "timestamp": "2026-07-17 13:19:41",
        "image": "https://media.githubusercontent.com/media/jiakun323/geodata-visualization/refs/heads/main/extracted_frames/2026-07-17_13-19-41.jpg",
        "audio": "",
        "event_mark": "",
        "heart_rate": 98.0,
        "rr": 586.35,
        "temperature": 36.4,
        "attention": 35.0,
        "relaxation": 84.0,
        "sync_rate": 72.0,
        "mental_effort": -35.0,
        "pitch": 21.0,
        "yaw": -146.0,
        "roll": -17.0,
        "delta": 116368,
        "theta": 9288,
        "low_alpha": 5261,
        "high_alpha": 1461,
        "alpha": 6722,
        "low_beta": 603,
        "high_beta": 2040,
        "beta": 2643,
        "low_gamma": 772,
        "mid_gamma": 532,
        "gamma": 1304,
        "rank": 98.0,
        "value": 98.0,
        "hr": 98.0,
        "unit": "bpm",
        "interpolated_fields": "rr",
        "image_expected_filename": "2026-07-17_13-19-41.jpg",
        "spectrogram": "https://media.githubusercontent.com/media/jiakun323/geodata-visualization/refs/heads/main/spectrogram/2026-07-17_13-19-41.jpg",
        "familiarity": -14.0,
        "record_id": "record-0282"
      },
      "geometry": {
        "type": "Point",
        "coordinates": [
          113.998743,
          22.594838
        ]
      }
    },
    {
      "type": "Feature",
      "id": "record-0283",
      "properties": {
        "city": "venice",
        "timestamp": "2026-07-17 13:19:46",
        "image": "https://media.githubusercontent.com/media/jiakun323/geodata-visualization/refs/heads/main/extracted_frames/2026-07-17_13-19-46.jpg",
        "audio": "",
        "event_mark": "",
        "heart_rate": 99.0,
        "rr": 583.5,
        "temperature": 36.4,
        "attention": 4.0,
        "relaxation": 63.0,
        "sync_rate": 63.0,
        "mental_effort": 7.0,
        "pitch": 7.0,
        "yaw": -137.0,
        "roll": -11.0,
        "delta": 637376,
        "theta": 81235,
        "low_alpha": 14133,
        "high_alpha": 8522,
        "alpha": 22655,
        "low_beta": 1758,
        "high_beta": 2610,
        "beta": 4368,
        "low_gamma": 2665,
        "mid_gamma": 2278,
        "gamma": 4943,
        "rank": 99.0,
        "value": 99.0,
        "hr": 99.0,
        "unit": "bpm",
        "interpolated_fields": "",
        "image_expected_filename": "2026-07-17_13-19-46.jpg",
        "spectrogram": "https://media.githubusercontent.com/media/jiakun323/geodata-visualization/refs/heads/main/spectrogram/2026-07-17_13-19-46.jpg",
        "familiarity": 15.0,
        "record_id": "record-0283"
      },
      "geometry": {
        "type": "Point",
        "coordinates": [
          113.99879,
          22.594858
        ]
      }
    },
    {
      "type": "Feature",
      "id": "record-0284",
      "properties": {
        "city": "venice",
        "timestamp": "2026-07-17 13:19:51",
        "image": "https://media.githubusercontent.com/media/jiakun323/geodata-visualization/refs/heads/main/extracted_frames/2026-07-17_13-19-51.jpg",
        "audio": "",
        "event_mark": "",
        "heart_rate": 100.0,
        "rr": 602.0,
        "temperature": 36.4,
        "attention": 13.0,
        "relaxation": 57.0,
        "sync_rate": 34.0,
        "mental_effort": 6.0,
        "pitch": 25.0,
        "yaw": -137.0,
        "roll": -10.0,
        "delta": 1622624,
        "theta": 76335,
        "low_alpha": 32242,
        "high_alpha": 36154,
        "alpha": 68396,
        "low_beta": 25955,
        "high_beta": 21824,
        "beta": 47779,
        "low_gamma": 35989,
        "mid_gamma": 10906,
        "gamma": 46895,
        "rank": 100.0,
        "value": 100.0,
        "hr": 100.0,
        "unit": "bpm",
        "interpolated_fields": "",
        "image_expected_filename": "2026-07-17_13-19-51.jpg",
        "spectrogram": "https://media.githubusercontent.com/media/jiakun323/geodata-visualization/refs/heads/main/spectrogram/2026-07-17_13-19-51.jpg",
        "familiarity": 21.0,
        "record_id": "record-0284"
      },
      "geometry": {
        "type": "Point",
        "coordinates": [
          113.998837,
          22.594886
        ]
      }
    },
    {
      "type": "Feature",
      "id": "record-0285",
      "properties": {
        "city": "venice",
        "timestamp": "2026-07-17 13:19:56",
        "image": "https://media.githubusercontent.com/media/jiakun323/geodata-visualization/refs/heads/main/extracted_frames/2026-07-17_13-19-56.jpg",
        "audio": "",
        "event_mark": "",
        "heart_rate": 101.0,
        "rr": 601.0,
        "temperature": 36.5,
        "attention": 40.0,
        "relaxation": 57.0,
        "sync_rate": 31.0,
        "mental_effort": -28.0,
        "pitch": 39.0,
        "yaw": -135.0,
        "roll": -10.0,
        "delta": 416475,
        "theta": 78345,
        "low_alpha": 44922,
        "high_alpha": 78500,
        "alpha": 123422,
        "low_beta": 12229,
        "high_beta": 18640,
        "beta": 30869,
        "low_gamma": 17785,
        "mid_gamma": 11302,
        "gamma": 29087,
        "rank": 101.0,
        "value": 101.0,
        "hr": 101.0,
        "unit": "bpm",
        "interpolated_fields": "",
        "image_expected_filename": "2026-07-17_13-19-56.jpg",
        "spectrogram": "https://media.githubusercontent.com/media/jiakun323/geodata-visualization/refs/heads/main/spectrogram/2026-07-17_13-19-56.jpg",
        "familiarity": 14.0,
        "record_id": "record-0285"
      },
      "geometry": {
        "type": "Point",
        "coordinates": [
          113.998886,
          22.594915
        ]
      }
    },
    {
      "type": "Feature",
      "id": "record-0286",
      "properties": {
        "city": "venice",
        "timestamp": "2026-07-17 13:20:01",
        "image": "https://media.githubusercontent.com/media/jiakun323/geodata-visualization/refs/heads/main/extracted_frames/2026-07-17_13-20-01.jpg",
        "audio": "",
        "event_mark": "",
        "heart_rate": 99.0,
        "rr": 615.4,
        "temperature": 36.5,
        "attention": 16.0,
        "relaxation": 80.0,
        "sync_rate": 47.0,
        "mental_effort": -31.0,
        "pitch": 18.0,
        "yaw": -139.0,
        "roll": -8.0,
        "delta": 199957,
        "theta": 12002,
        "low_alpha": 5698,
        "high_alpha": 1547,
        "alpha": 7245,
        "low_beta": 1179,
        "high_beta": 1406,
        "beta": 2585,
        "low_gamma": 1565,
        "mid_gamma": 937,
        "gamma": 2502,
        "rank": 99.0,
        "value": 99.0,
        "hr": 99.0,
        "unit": "bpm",
        "interpolated_fields": "",
        "image_expected_filename": "2026-07-17_13-20-01.jpg",
        "spectrogram": "https://media.githubusercontent.com/media/jiakun323/geodata-visualization/refs/heads/main/spectrogram/2026-07-17_13-20-01.jpg",
        "familiarity": 4.0,
        "record_id": "record-0286"
      },
      "geometry": {
        "type": "Point",
        "coordinates": [
          113.998935,
          22.594945
        ]
      }
    },
    {
      "type": "Feature",
      "id": "record-0287",
      "properties": {
        "city": "venice",
        "timestamp": "2026-07-17 13:20:06",
        "image": "https://media.githubusercontent.com/media/jiakun323/geodata-visualization/refs/heads/main/extracted_frames/2026-07-17_13-20-06.jpg",
        "audio": "",
        "event_mark": "",
        "heart_rate": 98.0,
        "rr": 607.0,
        "temperature": 36.5,
        "attention": 40.0,
        "relaxation": 57.0,
        "sync_rate": 48.0,
        "mental_effort": -30.0,
        "pitch": 19.0,
        "yaw": -99.0,
        "roll": -8.0,
        "delta": 108086,
        "theta": 9523,
        "low_alpha": 8883,
        "high_alpha": 13487,
        "alpha": 22370,
        "low_beta": 16098,
        "high_beta": 10465,
        "beta": 26563,
        "low_gamma": 7593,
        "mid_gamma": 1167,
        "gamma": 8760,
        "rank": 98.0,
        "value": 98.0,
        "hr": 98.0,
        "unit": "bpm",
        "interpolated_fields": "",
        "image_expected_filename": "2026-07-17_13-20-06.jpg",
        "spectrogram": "https://media.githubusercontent.com/media/jiakun323/geodata-visualization/refs/heads/main/spectrogram/2026-07-17_13-20-06.jpg",
        "familiarity": -10.0,
        "record_id": "record-0287"
      },
      "geometry": {
        "type": "Point",
        "coordinates": [
          113.998981,
          22.594981
        ]
      }
    },
    {
      "type": "Feature",
      "id": "record-0288",
      "properties": {
        "city": "venice",
        "timestamp": "2026-07-17 13:20:11",
        "image": "https://media.githubusercontent.com/media/jiakun323/geodata-visualization/refs/heads/main/extracted_frames/2026-07-17_13-20-11.jpg",
        "audio": "",
        "event_mark": "",
        "heart_rate": 97.0,
        "rr": 726.5,
        "temperature": 36.5,
        "attention": 35.0,
        "relaxation": 66.0,
        "sync_rate": 71.0,
        "mental_effort": -17.0,
        "pitch": 11.0,
        "yaw": -107.0,
        "roll": -5.0,
        "delta": 185200,
        "theta": 166836,
        "low_alpha": 12270,
        "high_alpha": 44379,
        "alpha": 56649,
        "low_beta": 14306,
        "high_beta": 26667,
        "beta": 40973,
        "low_gamma": 18976,
        "mid_gamma": 16392,
        "gamma": 35368,
        "rank": 97.0,
        "value": 97.0,
        "hr": 97.0,
        "unit": "bpm",
        "interpolated_fields": "",
        "image_expected_filename": "2026-07-17_13-20-11.jpg",
        "spectrogram": "https://media.githubusercontent.com/media/jiakun323/geodata-visualization/refs/heads/main/spectrogram/2026-07-17_13-20-11.jpg",
        "familiarity": -4.0,
        "record_id": "record-0288"
      },
      "geometry": {
        "type": "Point",
        "coordinates": [
          113.999025,
          22.59502
        ]
      }
    },
    {
      "type": "Feature",
      "id": "record-0289",
      "properties": {
        "city": "venice",
        "timestamp": "2026-07-17 13:20:16",
        "image": "https://media.githubusercontent.com/media/jiakun323/geodata-visualization/refs/heads/main/extracted_frames/2026-07-17_13-20-16.jpg",
        "audio": "",
        "event_mark": "",
        "heart_rate": 97.0,
        "rr": 621.5,
        "temperature": 36.5,
        "attention": 57.0,
        "relaxation": 53.0,
        "sync_rate": 22.0,
        "mental_effort": -29.0,
        "pitch": 7.0,
        "yaw": -130.0,
        "roll": -2.0,
        "delta": 86908,
        "theta": 19572,
        "low_alpha": 2752,
        "high_alpha": 9012,
        "alpha": 11764,
        "low_beta": 3172,
        "high_beta": 5177,
        "beta": 8349,
        "low_gamma": 3739,
        "mid_gamma": 2380,
        "gamma": 6119,
        "rank": 97.0,
        "value": 97.0,
        "hr": 97.0,
        "unit": "bpm",
        "interpolated_fields": "rr",
        "image_expected_filename": "2026-07-17_13-20-16.jpg",
        "spectrogram": "https://media.githubusercontent.com/media/jiakun323/geodata-visualization/refs/heads/main/spectrogram/2026-07-17_13-20-16.jpg",
        "familiarity": 14.0,
        "record_id": "record-0289"
      },
      "geometry": {
        "type": "Point",
        "coordinates": [
          113.999069,
          22.595059
        ]
      }
    },
    {
      "type": "Feature",
      "id": "record-0290",
      "properties": {
        "city": "venice",
        "timestamp": "2026-07-17 13:20:21",
        "image": "https://media.githubusercontent.com/media/jiakun323/geodata-visualization/refs/heads/main/extracted_frames/2026-07-17_13-20-21.jpg",
        "audio": "",
        "event_mark": "",
        "heart_rate": 96.0,
        "rr": 652.0,
        "temperature": 36.5,
        "attention": 21.0,
        "relaxation": 40.0,
        "sync_rate": 65.0,
        "mental_effort": -22.0,
        "pitch": 0.0,
        "yaw": -117.0,
        "roll": -8.0,
        "delta": 189198,
        "theta": 91767,
        "low_alpha": 11087,
        "high_alpha": 4011,
        "alpha": 15098,
        "low_beta": 3301,
        "high_beta": 8839,
        "beta": 12140,
        "low_gamma": 4347,
        "mid_gamma": 3455,
        "gamma": 7802,
        "rank": 96.0,
        "value": 96.0,
        "hr": 96.0,
        "unit": "bpm",
        "interpolated_fields": "",
        "image_expected_filename": "2026-07-17_13-20-21.jpg",
        "spectrogram": "https://media.githubusercontent.com/media/jiakun323/geodata-visualization/refs/heads/main/spectrogram/2026-07-17_13-20-21.jpg",
        "familiarity": 7.0,
        "record_id": "record-0290"
      },
      "geometry": {
        "type": "Point",
        "coordinates": [
          113.999113,
          22.595098
        ]
      }
    },
    {
      "type": "Feature",
      "id": "record-0291",
      "properties": {
        "city": "venice",
        "timestamp": "2026-07-17 13:20:26",
        "image": "https://media.githubusercontent.com/media/jiakun323/geodata-visualization/refs/heads/main/extracted_frames/2026-07-17_13-20-26.jpg",
        "audio": "",
        "event_mark": "",
        "heart_rate": 95.0,
        "rr": 626.917,
        "temperature": 36.5,
        "attention": 23.0,
        "relaxation": 63.0,
        "sync_rate": 60.0,
        "mental_effort": 9.0,
        "pitch": 3.0,
        "yaw": -97.0,
        "roll": -1.0,
        "delta": 585439,
        "theta": 242735,
        "low_alpha": 44780,
        "high_alpha": 10917,
        "alpha": 55697,
        "low_beta": 11489,
        "high_beta": 5847,
        "beta": 17336,
        "low_gamma": 11846,
        "mid_gamma": 8734,
        "gamma": 20580,
        "rank": 95.0,
        "value": 95.0,
        "hr": 95.0,
        "unit": "bpm",
        "interpolated_fields": "rr",
        "image_expected_filename": "2026-07-17_13-20-26.jpg",
        "spectrogram": "https://media.githubusercontent.com/media/jiakun323/geodata-visualization/refs/heads/main/spectrogram/2026-07-17_13-20-26.jpg",
        "familiarity": 7.0,
        "record_id": "record-0291"
      },
      "geometry": {
        "type": "Point",
        "coordinates": [
          113.999155,
          22.595122
        ]
      }
    },
    {
      "type": "Feature",
      "id": "record-0292",
      "properties": {
        "city": "venice",
        "timestamp": "2026-07-17 13:20:31",
        "image": "https://media.githubusercontent.com/media/jiakun323/geodata-visualization/refs/heads/main/extracted_frames/2026-07-17_13-20-31.jpg",
        "audio": "",
        "event_mark": "",
        "heart_rate": 93.0,
        "rr": 637.0,
        "temperature": 36.5,
        "attention": 1.0,
        "relaxation": 38.0,
        "sync_rate": 54.0,
        "mental_effort": -2.0,
        "pitch": 40.0,
        "yaw": -65.0,
        "roll": -15.0,
        "delta": 94813,
        "theta": 35704,
        "low_alpha": 5725,
        "high_alpha": 1917,
        "alpha": 7642,
        "low_beta": 2177,
        "high_beta": 2063,
        "beta": 4240,
        "low_gamma": 5609,
        "mid_gamma": 1147,
        "gamma": 6756,
        "rank": 93.0,
        "value": 93.0,
        "hr": 93.0,
        "unit": "bpm",
        "interpolated_fields": "",
        "image_expected_filename": "2026-07-17_13-20-31.jpg",
        "spectrogram": "https://media.githubusercontent.com/media/jiakun323/geodata-visualization/refs/heads/main/spectrogram/2026-07-17_13-20-31.jpg",
        "familiarity": 15.0,
        "record_id": "record-0292"
      },
      "geometry": {
        "type": "Point",
        "coordinates": [
          113.999197,
          22.595146
        ]
      }
    },
    {
      "type": "Feature",
      "id": "record-0293",
      "properties": {
        "city": "venice",
        "timestamp": "2026-07-17 13:20:36",
        "image": "https://media.githubusercontent.com/media/jiakun323/geodata-visualization/refs/heads/main/extracted_frames/2026-07-17_13-20-36.jpg",
        "audio": "",
        "event_mark": "",
        "heart_rate": 93.0,
        "rr": 630.0,
        "temperature": 36.5,
        "attention": 21.0,
        "relaxation": 51.0,
        "sync_rate": 38.0,
        "mental_effort": -26.0,
        "pitch": 15.0,
        "yaw": -47.0,
        "roll": -8.0,
        "delta": 428813,
        "theta": 109488,
        "low_alpha": 6369,
        "high_alpha": 43852,
        "alpha": 50221,
        "low_beta": 57528,
        "high_beta": 18399,
        "beta": 75927,
        "low_gamma": 13869,
        "mid_gamma": 9949,
        "gamma": 23818,
        "rank": 93.0,
        "value": 93.0,
        "hr": 93.0,
        "unit": "bpm",
        "interpolated_fields": "",
        "image_expected_filename": "2026-07-17_13-20-36.jpg",
        "spectrogram": "https://media.githubusercontent.com/media/jiakun323/geodata-visualization/refs/heads/main/spectrogram/2026-07-17_13-20-36.jpg",
        "familiarity": -25.0,
        "record_id": "record-0293"
      },
      "geometry": {
        "type": "Point",
        "coordinates": [
          113.999239,
          22.59517
        ]
      }
    },
    {
      "type": "Feature",
      "id": "record-0294",
      "properties": {
        "city": "venice",
        "timestamp": "2026-07-17 13:20:41",
        "image": "https://media.githubusercontent.com/media/jiakun323/geodata-visualization/refs/heads/main/extracted_frames/2026-07-17_13-20-41.jpg",
        "audio": "",
        "event_mark": "",
        "heart_rate": 93.0,
        "rr": 622.511,
        "temperature": 36.5,
        "attention": 16.0,
        "relaxation": 77.0,
        "sync_rate": 83.0,
        "mental_effort": -38.0,
        "pitch": 2.0,
        "yaw": -33.0,
        "roll": 3.0,
        "delta": 1035684,
        "theta": 434952,
        "low_alpha": 63232,
        "high_alpha": 24483,
        "alpha": 87715,
        "low_beta": 16355,
        "high_beta": 13840,
        "beta": 30195,
        "low_gamma": 16216,
        "mid_gamma": 7556,
        "gamma": 23772,
        "rank": 93.0,
        "value": 93.0,
        "hr": 93.0,
        "unit": "bpm",
        "interpolated_fields": "rr",
        "image_expected_filename": "2026-07-17_13-20-41.jpg",
        "spectrogram": "https://media.githubusercontent.com/media/jiakun323/geodata-visualization/refs/heads/main/spectrogram/2026-07-17_13-20-41.jpg",
        "familiarity": -22.0,
        "record_id": "record-0294"
      },
      "geometry": {
        "type": "Point",
        "coordinates": [
          113.999281,
          22.595194
        ]
      }
    },
    {
      "type": "Feature",
      "id": "record-0295",
      "properties": {
        "city": "venice",
        "timestamp": "2026-07-17 13:20:46",
        "image": "https://media.githubusercontent.com/media/jiakun323/geodata-visualization/refs/heads/main/extracted_frames/2026-07-17_13-20-46.jpg",
        "audio": "",
        "event_mark": "",
        "heart_rate": 94.0,
        "rr": 626.0,
        "temperature": 36.5,
        "attention": 26.0,
        "relaxation": 56.0,
        "sync_rate": 63.0,
        "mental_effort": -36.0,
        "pitch": 21.0,
        "yaw": 8.0,
        "roll": -15.0,
        "delta": 1261125,
        "theta": 113243,
        "low_alpha": 15163,
        "high_alpha": 24039,
        "alpha": 39202,
        "low_beta": 8164,
        "high_beta": 8256,
        "beta": 16420,
        "low_gamma": 14416,
        "mid_gamma": 5994,
        "gamma": 20410,
        "rank": 94.0,
        "value": 94.0,
        "hr": 94.0,
        "unit": "bpm",
        "interpolated_fields": "",
        "image_expected_filename": "2026-07-17_13-20-46.jpg",
        "spectrogram": "https://media.githubusercontent.com/media/jiakun323/geodata-visualization/refs/heads/main/spectrogram/2026-07-17_13-20-46.jpg",
        "familiarity": -10.0,
        "record_id": "record-0295"
      },
      "geometry": {
        "type": "Point",
        "coordinates": [
          113.999323,
          22.595218
        ]
      }
    },
    {
      "type": "Feature",
      "id": "record-0296",
      "properties": {
        "city": "venice",
        "timestamp": "2026-07-17 13:20:51",
        "image": "https://media.githubusercontent.com/media/jiakun323/geodata-visualization/refs/heads/main/extracted_frames/2026-07-17_13-20-51.jpg",
        "audio": "",
        "event_mark": "",
        "heart_rate": 94.0,
        "rr": 612.5,
        "temperature": 36.5,
        "attention": 29.0,
        "relaxation": 66.0,
        "sync_rate": 40.0,
        "mental_effort": -30.0,
        "pitch": 15.0,
        "yaw": 12.0,
        "roll": -5.0,
        "delta": 1497697,
        "theta": 539257,
        "low_alpha": 88149,
        "high_alpha": 245576,
        "alpha": 333725,
        "low_beta": 86173,
        "high_beta": 48442,
        "beta": 134615,
        "low_gamma": 42917,
        "mid_gamma": 20015,
        "gamma": 62932,
        "rank": 94.0,
        "value": 94.0,
        "hr": 94.0,
        "unit": "bpm",
        "interpolated_fields": "",
        "image_expected_filename": "2026-07-17_13-20-51.jpg",
        "spectrogram": "https://media.githubusercontent.com/media/jiakun323/geodata-visualization/refs/heads/main/spectrogram/2026-07-17_13-20-51.jpg",
        "familiarity": -29.0,
        "record_id": "record-0296"
      },
      "geometry": {
        "type": "Point",
        "coordinates": [
          113.999352,
          22.595245
        ]
      }
    },
    {
      "type": "Feature",
      "id": "record-0297",
      "properties": {
        "city": "venice",
        "timestamp": "2026-07-17 13:20:56",
        "image": "https://media.githubusercontent.com/media/jiakun323/geodata-visualization/refs/heads/main/extracted_frames/2026-07-17_13-20-56.jpg",
        "audio": "",
        "event_mark": "",
        "heart_rate": 95.0,
        "rr": 612.5,
        "temperature": 36.5,
        "attention": 14.0,
        "relaxation": 60.0,
        "sync_rate": 44.0,
        "mental_effort": -5.0,
        "pitch": 4.0,
        "yaw": 38.0,
        "roll": -7.0,
        "delta": 197128,
        "theta": 52088,
        "low_alpha": 3382,
        "high_alpha": 1915,
        "alpha": 5297,
        "low_beta": 1421,
        "high_beta": 1036,
        "beta": 2457,
        "low_gamma": 1777,
        "mid_gamma": 469,
        "gamma": 2246,
        "rank": 95.0,
        "value": 95.0,
        "hr": 95.0,
        "unit": "bpm",
        "interpolated_fields": "rr",
        "image_expected_filename": "2026-07-17_13-20-56.jpg",
        "spectrogram": "https://media.githubusercontent.com/media/jiakun323/geodata-visualization/refs/heads/main/spectrogram/2026-07-17_13-20-56.jpg",
        "familiarity": 4.0,
        "record_id": "record-0297"
      },
      "geometry": {
        "type": "Point",
        "coordinates": [
          113.999329,
          22.595286
        ]
      }
    },
    {
      "type": "Feature",
      "id": "record-0298",
      "properties": {
        "city": "venice",
        "timestamp": "2026-07-17 13:21:01",
        "image": "https://media.githubusercontent.com/media/jiakun323/geodata-visualization/refs/heads/main/extracted_frames/2026-07-17_13-21-01.jpg",
        "audio": "",
        "event_mark": "",
        "heart_rate": 97.0,
        "rr": 612.5,
        "temperature": 36.5,
        "attention": 48.0,
        "relaxation": 56.0,
        "sync_rate": 42.0,
        "mental_effort": -24.0,
        "pitch": -3.0,
        "yaw": 59.0,
        "roll": -4.0,
        "delta": 354629,
        "theta": 102364,
        "low_alpha": 7845,
        "high_alpha": 29994,
        "alpha": 37839,
        "low_beta": 21944,
        "high_beta": 23038,
        "beta": 44982,
        "low_gamma": 10755,
        "mid_gamma": 6066,
        "gamma": 16821,
        "rank": 97.0,
        "value": 97.0,
        "hr": 97.0,
        "unit": "bpm",
        "interpolated_fields": "rr",
        "image_expected_filename": "2026-07-17_13-21-01.jpg",
        "spectrogram": "https://media.githubusercontent.com/media/jiakun323/geodata-visualization/refs/heads/main/spectrogram/2026-07-17_13-21-01.jpg",
        "familiarity": 6.0,
        "record_id": "record-0298"
      },
      "geometry": {
        "type": "Point",
        "coordinates": [
          113.999306,
          22.595326
        ]
      }
    },
    {
      "type": "Feature",
      "id": "record-0299",
      "properties": {
        "city": "venice",
        "timestamp": "2026-07-17 13:21:06",
        "image": "https://media.githubusercontent.com/media/jiakun323/geodata-visualization/refs/heads/main/extracted_frames/2026-07-17_13-21-06.jpg",
        "audio": "",
        "event_mark": "",
        "heart_rate": 101.0,
        "rr": 612.5,
        "temperature": 36.5,
        "attention": 17.0,
        "relaxation": 77.0,
        "sync_rate": 48.0,
        "mental_effort": -30.0,
        "pitch": 12.0,
        "yaw": 71.0,
        "roll": -5.0,
        "delta": 1517219,
        "theta": 304496,
        "low_alpha": 7077,
        "high_alpha": 161926,
        "alpha": 169003,
        "low_beta": 43067,
        "high_beta": 31301,
        "beta": 74368,
        "low_gamma": 47301,
        "mid_gamma": 24835,
        "gamma": 72136,
        "rank": 101.0,
        "value": 101.0,
        "hr": 101.0,
        "unit": "bpm",
        "interpolated_fields": "rr",
        "image_expected_filename": "2026-07-17_13-21-06.jpg",
        "spectrogram": "https://media.githubusercontent.com/media/jiakun323/geodata-visualization/refs/heads/main/spectrogram/2026-07-17_13-21-06.jpg",
        "familiarity": -10.0,
        "record_id": "record-0299"
      },
      "geometry": {
        "type": "Point",
        "coordinates": [
          113.999282,
          22.595367
        ]
      }
    },
    {
      "type": "Feature",
      "id": "record-0300",
      "properties": {
        "city": "venice",
        "timestamp": "2026-07-17 13:21:11",
        "image": "https://media.githubusercontent.com/media/jiakun323/geodata-visualization/refs/heads/main/extracted_frames/2026-07-17_13-21-11.jpg",
        "audio": "",
        "event_mark": "",
        "heart_rate": 102.0,
        "rr": 612.5,
        "temperature": 36.6,
        "attention": 10.0,
        "relaxation": 48.0,
        "sync_rate": 68.0,
        "mental_effort": -31.0,
        "pitch": 0.0,
        "yaw": 107.0,
        "roll": 2.0,
        "delta": 628198,
        "theta": 16784,
        "low_alpha": 7052,
        "high_alpha": 7012,
        "alpha": 14064,
        "low_beta": 1789,
        "high_beta": 2641,
        "beta": 4430,
        "low_gamma": 3328,
        "mid_gamma": 537,
        "gamma": 3865,
        "rank": 102.0,
        "value": 102.0,
        "hr": 102.0,
        "unit": "bpm",
        "interpolated_fields": "rr",
        "image_expected_filename": "2026-07-17_13-21-11.jpg",
        "spectrogram": "https://media.githubusercontent.com/media/jiakun323/geodata-visualization/refs/heads/main/spectrogram/2026-07-17_13-21-11.jpg",
        "familiarity": 8.0,
        "record_id": "record-0300"
      },
      "geometry": {
        "type": "Point",
        "coordinates": [
          113.999259,
          22.595407
        ]
      }
    },
    {
      "type": "Feature",
      "id": "record-0301",
      "properties": {
        "city": "venice",
        "timestamp": "2026-07-17 13:21:16",
        "image": "https://media.githubusercontent.com/media/jiakun323/geodata-visualization/refs/heads/main/extracted_frames/2026-07-17_13-21-16.jpg",
        "audio": "",
        "event_mark": "",
        "heart_rate": 102.0,
        "rr": 612.5,
        "temperature": 36.6,
        "attention": 37.0,
        "relaxation": 74.0,
        "sync_rate": 58.0,
        "mental_effort": -22.0,
        "pitch": -11.0,
        "yaw": 144.0,
        "roll": -10.0,
        "delta": 275257,
        "theta": 6687,
        "low_alpha": 4484,
        "high_alpha": 24348,
        "alpha": 28832,
        "low_beta": 10748,
        "high_beta": 16510,
        "beta": 27258,
        "low_gamma": 13829,
        "mid_gamma": 2273,
        "gamma": 16102,
        "rank": 102.0,
        "value": 102.0,
        "hr": 102.0,
        "unit": "bpm",
        "interpolated_fields": "rr",
        "image_expected_filename": "2026-07-17_13-21-16.jpg",
        "spectrogram": "https://media.githubusercontent.com/media/jiakun323/geodata-visualization/refs/heads/main/spectrogram/2026-07-17_13-21-16.jpg",
        "familiarity": 1.0,
        "record_id": "record-0301"
      },
      "geometry": {
        "type": "Point",
        "coordinates": [
          113.999223,
          22.595445
        ]
      }
    },
    {
      "type": "Feature",
      "id": "record-0302",
      "properties": {
        "city": "venice",
        "timestamp": "2026-07-17 13:21:21",
        "image": "https://media.githubusercontent.com/media/jiakun323/geodata-visualization/refs/heads/main/extracted_frames/2026-07-17_13-21-21.jpg",
        "audio": "",
        "event_mark": "下坡路段有一个电瓶车从他身边过去",
        "heart_rate": 101.0,
        "rr": 612.5,
        "temperature": 36.6,
        "attention": 47.0,
        "relaxation": 60.0,
        "sync_rate": 85.0,
        "mental_effort": -7.0,
        "pitch": 0.0,
        "yaw": 155.0,
        "roll": 1.0,
        "delta": 1049094,
        "theta": 227385,
        "low_alpha": 10234,
        "high_alpha": 32251,
        "alpha": 42485,
        "low_beta": 41757,
        "high_beta": 33835,
        "beta": 75592,
        "low_gamma": 33628,
        "mid_gamma": 11851,
        "gamma": 45479,
        "rank": 101.0,
        "value": 101.0,
        "hr": 101.0,
        "unit": "bpm",
        "interpolated_fields": "rr",
        "image_expected_filename": "2026-07-17_13-21-21.jpg",
        "spectrogram": "https://media.githubusercontent.com/media/jiakun323/geodata-visualization/refs/heads/main/spectrogram/2026-07-17_13-21-21.jpg",
        "familiarity": 3.0,
        "record_id": "record-0302"
      },
      "geometry": {
        "type": "Point",
        "coordinates": [
          113.999187,
          22.595483
        ]
      }
    },
    {
      "type": "Feature",
      "id": "record-0303",
      "properties": {
        "city": "venice",
        "timestamp": "2026-07-17 13:21:26",
        "image": "https://media.githubusercontent.com/media/jiakun323/geodata-visualization/refs/heads/main/extracted_frames/2026-07-17_13-21-26.jpg",
        "audio": "",
        "event_mark": "",
        "heart_rate": 97.0,
        "rr": 612.5,
        "temperature": 36.6,
        "attention": 50.0,
        "relaxation": 64.0,
        "sync_rate": 63.0,
        "mental_effort": -21.0,
        "pitch": 5.0,
        "yaw": 175.0,
        "roll": -8.0,
        "delta": 1037421,
        "theta": 204180,
        "low_alpha": 68178,
        "high_alpha": 16199,
        "alpha": 84377,
        "low_beta": 33578,
        "high_beta": 30053,
        "beta": 63631,
        "low_gamma": 16030,
        "mid_gamma": 9494,
        "gamma": 25524,
        "rank": 97.0,
        "value": 97.0,
        "hr": 97.0,
        "unit": "bpm",
        "interpolated_fields": "rr",
        "image_expected_filename": "2026-07-17_13-21-26.jpg",
        "spectrogram": "https://media.githubusercontent.com/media/jiakun323/geodata-visualization/refs/heads/main/spectrogram/2026-07-17_13-21-26.jpg",
        "familiarity": -5.0,
        "record_id": "record-0303"
      },
      "geometry": {
        "type": "Point",
        "coordinates": [
          113.999151,
          22.595521
        ]
      }
    },
    {
      "type": "Feature",
      "id": "record-0304",
      "properties": {
        "city": "venice",
        "timestamp": "2026-07-17 13:21:31",
        "image": "https://media.githubusercontent.com/media/jiakun323/geodata-visualization/refs/heads/main/extracted_frames/2026-07-17_13-21-31.jpg",
        "audio": "",
        "event_mark": "",
        "heart_rate": 94.0,
        "rr": 612.5,
        "temperature": 36.6,
        "attention": 27.0,
        "relaxation": 41.0,
        "sync_rate": 68.0,
        "mental_effort": -21.0,
        "pitch": 20.0,
        "yaw": -140.0,
        "roll": -9.0,
        "delta": 89534,
        "theta": 9979,
        "low_alpha": 3082,
        "high_alpha": 1703,
        "alpha": 4785,
        "low_beta": 4240,
        "high_beta": 1987,
        "beta": 6227,
        "low_gamma": 4024,
        "mid_gamma": 634,
        "gamma": 4658,
        "rank": 94.0,
        "value": 94.0,
        "hr": 94.0,
        "unit": "bpm",
        "interpolated_fields": "rr",
        "image_expected_filename": "2026-07-17_13-21-31.jpg",
        "spectrogram": "https://media.githubusercontent.com/media/jiakun323/geodata-visualization/refs/heads/main/spectrogram/2026-07-17_13-21-31.jpg",
        "familiarity": -43.0,
        "record_id": "record-0304"
      },
      "geometry": {
        "type": "Point",
        "coordinates": [
          113.999115,
          22.595559
        ]
      }
    },
    {
      "type": "Feature",
      "id": "record-0305",
      "properties": {
        "city": "venice",
        "timestamp": "2026-07-17 13:21:36",
        "image": "https://media.githubusercontent.com/media/jiakun323/geodata-visualization/refs/heads/main/extracted_frames/2026-07-17_13-21-36.jpg",
        "audio": "",
        "event_mark": "",
        "heart_rate": 92.0,
        "rr": 612.5,
        "temperature": 36.6,
        "attention": 26.0,
        "relaxation": 54.0,
        "sync_rate": 43.0,
        "mental_effort": -25.0,
        "pitch": 20.0,
        "yaw": -134.0,
        "roll": -9.0,
        "delta": 368455,
        "theta": 11189,
        "low_alpha": 1141,
        "high_alpha": 780,
        "alpha": 1921,
        "low_beta": 1964,
        "high_beta": 1445,
        "beta": 3409,
        "low_gamma": 3365,
        "mid_gamma": 1768,
        "gamma": 5133,
        "rank": 92.0,
        "value": 92.0,
        "hr": 92.0,
        "unit": "bpm",
        "interpolated_fields": "rr",
        "image_expected_filename": "2026-07-17_13-21-36.jpg",
        "spectrogram": "https://media.githubusercontent.com/media/jiakun323/geodata-visualization/refs/heads/main/spectrogram/2026-07-17_13-21-36.jpg",
        "familiarity": -18.0,
        "record_id": "record-0305"
      },
      "geometry": {
        "type": "Point",
        "coordinates": [
          113.999079,
          22.595598
        ]
      }
    },
    {
      "type": "Feature",
      "id": "record-0306",
      "properties": {
        "city": "venice",
        "timestamp": "2026-07-17 13:21:41",
        "image": "https://media.githubusercontent.com/media/jiakun323/geodata-visualization/refs/heads/main/extracted_frames/2026-07-17_13-21-41.jpg",
        "audio": "",
        "event_mark": "",
        "heart_rate": 92.0,
        "rr": 612.5,
        "temperature": 36.6,
        "attention": 21.0,
        "relaxation": 48.0,
        "sync_rate": 51.0,
        "mental_effort": 12.0,
        "pitch": 17.0,
        "yaw": -121.0,
        "roll": -4.0,
        "delta": 90985,
        "theta": 25516,
        "low_alpha": 5311,
        "high_alpha": 5145,
        "alpha": 10456,
        "low_beta": 12650,
        "high_beta": 12539,
        "beta": 25189,
        "low_gamma": 5314,
        "mid_gamma": 6645,
        "gamma": 11959,
        "rank": 92.0,
        "value": 92.0,
        "hr": 92.0,
        "unit": "bpm",
        "interpolated_fields": "rr",
        "image_expected_filename": "2026-07-17_13-21-41.jpg",
        "spectrogram": "https://media.githubusercontent.com/media/jiakun323/geodata-visualization/refs/heads/main/spectrogram/2026-07-17_13-21-41.jpg",
        "familiarity": 12.0,
        "record_id": "record-0306"
      },
      "geometry": {
        "type": "Point",
        "coordinates": [
          113.999043,
          22.595636
        ]
      }
    },
    {
      "type": "Feature",
      "id": "record-0307",
      "properties": {
        "city": "venice",
        "timestamp": "2026-07-17 13:21:46",
        "image": "https://media.githubusercontent.com/media/jiakun323/geodata-visualization/refs/heads/main/extracted_frames/2026-07-17_13-21-46.jpg",
        "audio": "",
        "event_mark": "",
        "heart_rate": 93.0,
        "rr": 612.5,
        "temperature": 36.6,
        "attention": 1.0,
        "relaxation": 61.0,
        "sync_rate": 24.0,
        "mental_effort": 14.0,
        "pitch": 9.0,
        "yaw": -108.0,
        "roll": 0.0,
        "delta": 143460,
        "theta": 95167,
        "low_alpha": 25925,
        "high_alpha": 1781,
        "alpha": 27706,
        "low_beta": 2687,
        "high_beta": 7299,
        "beta": 9986,
        "low_gamma": 11572,
        "mid_gamma": 3028,
        "gamma": 14600,
        "rank": 93.0,
        "value": 93.0,
        "hr": 93.0,
        "unit": "bpm",
        "interpolated_fields": "rr",
        "image_expected_filename": "2026-07-17_13-21-46.jpg",
        "spectrogram": "https://media.githubusercontent.com/media/jiakun323/geodata-visualization/refs/heads/main/spectrogram/2026-07-17_13-21-46.jpg",
        "familiarity": -4.0,
        "record_id": "record-0307"
      },
      "geometry": {
        "type": "Point",
        "coordinates": [
          113.999006,
          22.595674
        ]
      }
    },
    {
      "type": "Feature",
      "id": "record-0308",
      "properties": {
        "city": "venice",
        "timestamp": "2026-07-17 13:21:51",
        "image": "https://media.githubusercontent.com/media/jiakun323/geodata-visualization/refs/heads/main/extracted_frames/2026-07-17_13-21-51.jpg",
        "audio": "",
        "event_mark": "",
        "heart_rate": 93.0,
        "rr": 612.5,
        "temperature": 36.6,
        "attention": 26.0,
        "relaxation": 64.0,
        "sync_rate": 40.0,
        "mental_effort": 23.0,
        "pitch": -10.0,
        "yaw": -81.0,
        "roll": -11.0,
        "delta": 72022,
        "theta": 55626,
        "low_alpha": 10472,
        "high_alpha": 23120,
        "alpha": 33592,
        "low_beta": 20015,
        "high_beta": 8840,
        "beta": 28855,
        "low_gamma": 4079,
        "mid_gamma": 2952,
        "gamma": 7031,
        "rank": 93.0,
        "value": 93.0,
        "hr": 93.0,
        "unit": "bpm",
        "interpolated_fields": "rr",
        "image_expected_filename": "2026-07-17_13-21-51.jpg",
        "spectrogram": "https://media.githubusercontent.com/media/jiakun323/geodata-visualization/refs/heads/main/spectrogram/2026-07-17_13-21-51.jpg",
        "familiarity": 2.0,
        "record_id": "record-0308"
      },
      "geometry": {
        "type": "Point",
        "coordinates": [
          113.998997,
          22.595725
        ]
      }
    },
    {
      "type": "Feature",
      "id": "record-0309",
      "properties": {
        "city": "venice",
        "timestamp": "2026-07-17 13:21:56",
        "image": "https://media.githubusercontent.com/media/jiakun323/geodata-visualization/refs/heads/main/extracted_frames/2026-07-17_13-21-56.jpg",
        "audio": "",
        "event_mark": "",
        "heart_rate": 92.0,
        "rr": 612.5,
        "temperature": 36.6,
        "attention": 60.0,
        "relaxation": 80.0,
        "sync_rate": 81.0,
        "mental_effort": -28.0,
        "pitch": 11.0,
        "yaw": -64.0,
        "roll": -4.0,
        "delta": 382061,
        "theta": 14354,
        "low_alpha": 9758,
        "high_alpha": 22019,
        "alpha": 31777,
        "low_beta": 4845,
        "high_beta": 15715,
        "beta": 20560,
        "low_gamma": 7728,
        "mid_gamma": 2269,
        "gamma": 9997,
        "rank": 92.0,
        "value": 92.0,
        "hr": 92.0,
        "unit": "bpm",
        "interpolated_fields": "rr",
        "image_expected_filename": "2026-07-17_13-21-56.jpg",
        "spectrogram": "https://media.githubusercontent.com/media/jiakun323/geodata-visualization/refs/heads/main/spectrogram/2026-07-17_13-21-56.jpg",
        "familiarity": -11.0,
        "record_id": "record-0309"
      },
      "geometry": {
        "type": "Point",
        "coordinates": [
          113.999005,
          22.595784
        ]
      }
    },
    {
      "type": "Feature",
      "id": "record-0310",
      "properties": {
        "city": "venice",
        "timestamp": "2026-07-17 13:22:01",
        "image": "https://media.githubusercontent.com/media/jiakun323/geodata-visualization/refs/heads/main/extracted_frames/2026-07-17_13-22-01.jpg",
        "audio": "",
        "event_mark": "",
        "heart_rate": 92.0,
        "rr": 612.5,
        "temperature": 36.6,
        "attention": 35.0,
        "relaxation": 91.0,
        "sync_rate": 50.0,
        "mental_effort": -9.0,
        "pitch": -3.0,
        "yaw": -44.0,
        "roll": -6.0,
        "delta": 1427516,
        "theta": 208974,
        "low_alpha": 314641,
        "high_alpha": 242217,
        "alpha": 556858,
        "low_beta": 50040,
        "high_beta": 95764,
        "beta": 145804,
        "low_gamma": 29728,
        "mid_gamma": 15453,
        "gamma": 45181,
        "rank": 92.0,
        "value": 92.0,
        "hr": 92.0,
        "unit": "bpm",
        "interpolated_fields": "rr",
        "image_expected_filename": "2026-07-17_13-22-01.jpg",
        "spectrogram": "https://media.githubusercontent.com/media/jiakun323/geodata-visualization/refs/heads/main/spectrogram/2026-07-17_13-22-01.jpg",
        "familiarity": -4.0,
        "record_id": "record-0310"
      },
      "geometry": {
        "type": "Point",
        "coordinates": [
          113.999012,
          22.595844
        ]
      }
    },
    {
      "type": "Feature",
      "id": "record-0311",
      "properties": {
        "city": "venice",
        "timestamp": "2026-07-17 13:22:06",
        "image": "https://media.githubusercontent.com/media/jiakun323/geodata-visualization/refs/heads/main/extracted_frames/2026-07-17_13-22-06.jpg",
        "audio": "",
        "event_mark": "",
        "heart_rate": 91.0,
        "rr": 612.5,
        "temperature": 36.6,
        "attention": 41.0,
        "relaxation": 78.0,
        "sync_rate": 68.0,
        "mental_effort": -37.0,
        "pitch": 17.0,
        "yaw": -17.0,
        "roll": -5.0,
        "delta": 2192374,
        "theta": 249679,
        "low_alpha": 27847,
        "high_alpha": 96461,
        "alpha": 124308,
        "low_beta": 43951,
        "high_beta": 45335,
        "beta": 89286,
        "low_gamma": 39242,
        "mid_gamma": 12434,
        "gamma": 51676,
        "rank": 91.0,
        "value": 91.0,
        "hr": 91.0,
        "unit": "bpm",
        "interpolated_fields": "rr",
        "image_expected_filename": "2026-07-17_13-22-06.jpg",
        "spectrogram": "https://media.githubusercontent.com/media/jiakun323/geodata-visualization/refs/heads/main/spectrogram/2026-07-17_13-22-06.jpg",
        "familiarity": -22.0,
        "record_id": "record-0311"
      },
      "geometry": {
        "type": "Point",
        "coordinates": [
          113.999054,
          22.595893
        ]
      }
    },
    {
      "type": "Feature",
      "id": "record-0312",
      "properties": {
        "city": "venice",
        "timestamp": "2026-07-17 13:22:11",
        "image": "https://media.githubusercontent.com/media/jiakun323/geodata-visualization/refs/heads/main/extracted_frames/2026-07-17_13-22-11.jpg",
        "audio": "",
        "event_mark": "",
        "heart_rate": 92.0,
        "rr": 612.5,
        "temperature": 36.6,
        "attention": 51.0,
        "relaxation": 56.0,
        "sync_rate": 58.0,
        "mental_effort": -32.0,
        "pitch": -23.0,
        "yaw": -7.0,
        "roll": -3.0,
        "delta": 31493,
        "theta": 66984,
        "low_alpha": 8761,
        "high_alpha": 17168,
        "alpha": 25929,
        "low_beta": 31406,
        "high_beta": 27708,
        "beta": 59114,
        "low_gamma": 11579,
        "mid_gamma": 5198,
        "gamma": 16777,
        "rank": 92.0,
        "value": 92.0,
        "hr": 92.0,
        "unit": "bpm",
        "interpolated_fields": "rr",
        "image_expected_filename": "2026-07-17_13-22-11.jpg",
        "spectrogram": "https://media.githubusercontent.com/media/jiakun323/geodata-visualization/refs/heads/main/spectrogram/2026-07-17_13-22-11.jpg",
        "familiarity": -10.0,
        "record_id": "record-0312"
      },
      "geometry": {
        "type": "Point",
        "coordinates": [
          113.999094,
          22.595938
        ]
      }
    },
    {
      "type": "Feature",
      "id": "record-0313",
      "properties": {
        "city": "venice",
        "timestamp": "2026-07-17 13:22:16",
        "image": "https://media.githubusercontent.com/media/jiakun323/geodata-visualization/refs/heads/main/extracted_frames/2026-07-17_13-22-16.jpg",
        "audio": "",
        "event_mark": "",
        "heart_rate": 91.0,
        "rr": 612.5,
        "temperature": 36.6,
        "attention": 67.0,
        "relaxation": 67.0,
        "sync_rate": 73.0,
        "mental_effort": -15.0,
        "pitch": 32.0,
        "yaw": -45.0,
        "roll": -4.0,
        "delta": 54164,
        "theta": 55842,
        "low_alpha": 26111,
        "high_alpha": 3447,
        "alpha": 29558,
        "low_beta": 10905,
        "high_beta": 26479,
        "beta": 37384,
        "low_gamma": 3106,
        "mid_gamma": 6333,
        "gamma": 9439,
        "rank": 91.0,
        "value": 91.0,
        "hr": 91.0,
        "unit": "bpm",
        "interpolated_fields": "rr",
        "image_expected_filename": "2026-07-17_13-22-16.jpg",
        "spectrogram": "https://media.githubusercontent.com/media/jiakun323/geodata-visualization/refs/heads/main/spectrogram/2026-07-17_13-22-16.jpg",
        "familiarity": -23.0,
        "record_id": "record-0313"
      },
      "geometry": {
        "type": "Point",
        "coordinates": [
          113.99912,
          22.595983
        ]
      }
    },
    {
      "type": "Feature",
      "id": "record-0314",
      "properties": {
        "city": "venice",
        "timestamp": "2026-07-17 13:22:21",
        "image": "https://media.githubusercontent.com/media/jiakun323/geodata-visualization/refs/heads/main/extracted_frames/2026-07-17_13-22-21.jpg",
        "audio": "",
        "event_mark": "",
        "heart_rate": 91.0,
        "rr": 612.5,
        "temperature": 36.6,
        "attention": 35.5,
        "relaxation": 65.0,
        "sync_rate": 56.0,
        "mental_effort": -3.5,
        "pitch": 9.0,
        "yaw": 38.0,
        "roll": 1.0,
        "delta": 102734,
        "theta": 42193,
        "low_alpha": 15346,
        "high_alpha": 5676,
        "alpha": 21022,
        "low_beta": 6570,
        "high_beta": 7664,
        "beta": 14234,
        "low_gamma": 2549,
        "mid_gamma": 2432,
        "gamma": 4981,
        "rank": 91.0,
        "value": 91.0,
        "hr": 91.0,
        "unit": "bpm",
        "interpolated_fields": "rr, attention, relaxation, delta, theta, low_alpha, high_alpha, low_beta, high_beta, low_gamma, mid_gamma, pitch, yaw, roll, sync_rate, mental_effort, familarity, temperature, heart_rate",
        "image_expected_filename": "2026-07-17_13-22-21.jpg",
        "spectrogram": "https://media.githubusercontent.com/media/jiakun323/geodata-visualization/refs/heads/main/spectrogram/2026-07-17_13-22-21.jpg",
        "familiarity": -19.0,
        "record_id": "record-0314"
      },
      "geometry": {
        "type": "Point",
        "coordinates": [
          113.999146,
          22.596027
        ]
      }
    },
    {
      "type": "Feature",
      "id": "record-0315",
      "properties": {
        "city": "venice",
        "timestamp": "2026-07-17 13:22:26",
        "image": "https://media.githubusercontent.com/media/jiakun323/geodata-visualization/refs/heads/main/extracted_frames/2026-07-17_13-22-26.jpg",
        "audio": "",
        "event_mark": "",
        "heart_rate": 91.0,
        "rr": 612.5,
        "temperature": 36.6,
        "attention": 8.0,
        "relaxation": 84.0,
        "sync_rate": 29.0,
        "mental_effort": -32.0,
        "pitch": 28.0,
        "yaw": 53.0,
        "roll": -10.0,
        "delta": 1561892,
        "theta": 351132,
        "low_alpha": 79758,
        "high_alpha": 49903,
        "alpha": 129661,
        "low_beta": 20226,
        "high_beta": 21750,
        "beta": 41976,
        "low_gamma": 25608,
        "mid_gamma": 12470,
        "gamma": 38078,
        "rank": 91.0,
        "value": 91.0,
        "hr": 91.0,
        "unit": "bpm",
        "interpolated_fields": "rr",
        "image_expected_filename": "2026-07-17_13-22-26.jpg",
        "spectrogram": "https://media.githubusercontent.com/media/jiakun323/geodata-visualization/refs/heads/main/spectrogram/2026-07-17_13-22-26.jpg",
        "familiarity": -26.0,
        "record_id": "record-0315"
      },
      "geometry": {
        "type": "Point",
        "coordinates": [
          113.999172,
          22.596072
        ]
      }
    },
    {
      "type": "Feature",
      "id": "record-0316",
      "properties": {
        "city": "venice",
        "timestamp": "2026-07-17 13:22:31",
        "image": "https://media.githubusercontent.com/media/jiakun323/geodata-visualization/refs/heads/main/extracted_frames/2026-07-17_13-22-31.jpg",
        "audio": "",
        "event_mark": "",
        "heart_rate": 91.0,
        "rr": 612.5,
        "temperature": 36.6,
        "attention": 13.0,
        "relaxation": 48.0,
        "sync_rate": 36.0,
        "mental_effort": -6.0,
        "pitch": 25.0,
        "yaw": 61.0,
        "roll": -18.0,
        "delta": 1494829,
        "theta": 610799,
        "low_alpha": 83052,
        "high_alpha": 39941,
        "alpha": 122993,
        "low_beta": 22473,
        "high_beta": 27931,
        "beta": 50404,
        "low_gamma": 26309,
        "mid_gamma": 12673,
        "gamma": 38982,
        "rank": 91.0,
        "value": 91.0,
        "hr": 91.0,
        "unit": "bpm",
        "interpolated_fields": "rr",
        "image_expected_filename": "2026-07-17_13-22-31.jpg",
        "spectrogram": "https://media.githubusercontent.com/media/jiakun323/geodata-visualization/refs/heads/main/spectrogram/2026-07-17_13-22-31.jpg",
        "familiarity": 9.0,
        "record_id": "record-0316"
      },
      "geometry": {
        "type": "Point",
        "coordinates": [
          113.999198,
          22.596117
        ]
      }
    },
    {
      "type": "Feature",
      "id": "record-0317",
      "properties": {
        "city": "venice",
        "timestamp": "2026-07-17 13:22:36",
        "image": "https://media.githubusercontent.com/media/jiakun323/geodata-visualization/refs/heads/main/extracted_frames/2026-07-17_13-22-36.jpg",
        "audio": "",
        "event_mark": "",
        "heart_rate": 90.0,
        "rr": 612.5,
        "temperature": 36.6,
        "attention": 51.0,
        "relaxation": 63.0,
        "sync_rate": 40.0,
        "mental_effort": -18.0,
        "pitch": 12.0,
        "yaw": 103.0,
        "roll": -2.0,
        "delta": 119115,
        "theta": 16002,
        "low_alpha": 18122,
        "high_alpha": 17439,
        "alpha": 35561,
        "low_beta": 4655,
        "high_beta": 14360,
        "beta": 19015,
        "low_gamma": 11039,
        "mid_gamma": 5627,
        "gamma": 16666,
        "rank": 90.0,
        "value": 90.0,
        "hr": 90.0,
        "unit": "bpm",
        "interpolated_fields": "rr",
        "image_expected_filename": "2026-07-17_13-22-36.jpg",
        "spectrogram": "https://media.githubusercontent.com/media/jiakun323/geodata-visualization/refs/heads/main/spectrogram/2026-07-17_13-22-36.jpg",
        "familiarity": 3.0,
        "record_id": "record-0317"
      },
      "geometry": {
        "type": "Point",
        "coordinates": [
          113.999224,
          22.596162
        ]
      }
    },
    {
      "type": "Feature",
      "id": "record-0318",
      "properties": {
        "city": "venice",
        "timestamp": "2026-07-17 13:22:41",
        "image": "https://media.githubusercontent.com/media/jiakun323/geodata-visualization/refs/heads/main/extracted_frames/2026-07-17_13-22-41.jpg",
        "audio": "",
        "event_mark": "",
        "heart_rate": 88.0,
        "rr": 612.5,
        "temperature": 36.6,
        "attention": 61.0,
        "relaxation": 70.0,
        "sync_rate": 80.0,
        "mental_effort": -10.0,
        "pitch": 4.0,
        "yaw": 114.0,
        "roll": -5.0,
        "delta": 32891,
        "theta": 40771,
        "low_alpha": 9754,
        "high_alpha": 11063,
        "alpha": 20817,
        "low_beta": 17214,
        "high_beta": 29699,
        "beta": 46913,
        "low_gamma": 8815,
        "mid_gamma": 17613,
        "gamma": 26428,
        "rank": 88.0,
        "value": 88.0,
        "hr": 88.0,
        "unit": "bpm",
        "interpolated_fields": "rr",
        "image_expected_filename": "2026-07-17_13-22-41.jpg",
        "spectrogram": "https://media.githubusercontent.com/media/jiakun323/geodata-visualization/refs/heads/main/spectrogram/2026-07-17_13-22-41.jpg",
        "familiarity": 6.0,
        "record_id": "record-0318"
      },
      "geometry": {
        "type": "Point",
        "coordinates": [
          113.99925,
          22.596206
        ]
      }
    },
    {
      "type": "Feature",
      "id": "record-0319",
      "properties": {
        "city": "venice",
        "timestamp": "2026-07-17 13:22:46",
        "image": "https://media.githubusercontent.com/media/jiakun323/geodata-visualization/refs/heads/main/extracted_frames/2026-07-17_13-22-46.jpg",
        "audio": "",
        "event_mark": "",
        "heart_rate": 87.0,
        "rr": 612.5,
        "temperature": 36.6,
        "attention": 10.0,
        "relaxation": 60.0,
        "sync_rate": 64.0,
        "mental_effort": -35.0,
        "pitch": -17.0,
        "yaw": 128.0,
        "roll": -8.0,
        "delta": 230433,
        "theta": 65221,
        "low_alpha": 12127,
        "high_alpha": 21352,
        "alpha": 33479,
        "low_beta": 14109,
        "high_beta": 13234,
        "beta": 27343,
        "low_gamma": 6060,
        "mid_gamma": 6184,
        "gamma": 12244,
        "rank": 87.0,
        "value": 87.0,
        "hr": 87.0,
        "unit": "bpm",
        "interpolated_fields": "rr",
        "image_expected_filename": "2026-07-17_13-22-46.jpg",
        "spectrogram": "https://media.githubusercontent.com/media/jiakun323/geodata-visualization/refs/heads/main/spectrogram/2026-07-17_13-22-46.jpg",
        "familiarity": 24.0,
        "record_id": "record-0319"
      },
      "geometry": {
        "type": "Point",
        "coordinates": [
          113.999276,
          22.596251
        ]
      }
    },
    {
      "type": "Feature",
      "id": "record-0320",
      "properties": {
        "city": "venice",
        "timestamp": "2026-07-17 13:22:51",
        "image": "https://media.githubusercontent.com/media/jiakun323/geodata-visualization/refs/heads/main/extracted_frames/2026-07-17_13-22-51.jpg",
        "audio": "",
        "event_mark": "",
        "heart_rate": 87.0,
        "rr": 612.5,
        "temperature": 36.6,
        "attention": 29.0,
        "relaxation": 83.0,
        "sync_rate": 47.0,
        "mental_effort": -32.0,
        "pitch": 26.0,
        "yaw": 156.0,
        "roll": -16.0,
        "delta": 107038,
        "theta": 46316,
        "low_alpha": 52009,
        "high_alpha": 2892,
        "alpha": 54901,
        "low_beta": 9348,
        "high_beta": 11718,
        "beta": 21066,
        "low_gamma": 14643,
        "mid_gamma": 3764,
        "gamma": 18407,
        "rank": 87.0,
        "value": 87.0,
        "hr": 87.0,
        "unit": "bpm",
        "interpolated_fields": "rr",
        "image_expected_filename": "2026-07-17_13-22-51.jpg",
        "spectrogram": "https://media.githubusercontent.com/media/jiakun323/geodata-visualization/refs/heads/main/spectrogram/2026-07-17_13-22-51.jpg",
        "familiarity": 1.0,
        "record_id": "record-0320"
      },
      "geometry": {
        "type": "Point",
        "coordinates": [
          113.999302,
          22.596296
        ]
      }
    },
    {
      "type": "Feature",
      "id": "record-0321",
      "properties": {
        "city": "venice",
        "timestamp": "2026-07-17 13:22:56",
        "image": "https://media.githubusercontent.com/media/jiakun323/geodata-visualization/refs/heads/main/extracted_frames/2026-07-17_13-22-56.jpg",
        "audio": "",
        "event_mark": "",
        "heart_rate": 89.0,
        "rr": 612.5,
        "temperature": 36.6,
        "attention": 21.0,
        "relaxation": 48.0,
        "sync_rate": 82.0,
        "mental_effort": -16.0,
        "pitch": 13.0,
        "yaw": -147.0,
        "roll": -6.0,
        "delta": 75850,
        "theta": 92562,
        "low_alpha": 6721,
        "high_alpha": 8202,
        "alpha": 14923,
        "low_beta": 16747,
        "high_beta": 6898,
        "beta": 23645,
        "low_gamma": 2270,
        "mid_gamma": 4916,
        "gamma": 7186,
        "rank": 89.0,
        "value": 89.0,
        "hr": 89.0,
        "unit": "bpm",
        "interpolated_fields": "rr",
        "image_expected_filename": "2026-07-17_13-22-56.jpg",
        "spectrogram": "https://media.githubusercontent.com/media/jiakun323/geodata-visualization/refs/heads/main/spectrogram/2026-07-17_13-22-56.jpg",
        "familiarity": -8.0,
        "record_id": "record-0321"
      },
      "geometry": {
        "type": "Point",
        "coordinates": [
          113.999328,
          22.59634
        ]
      }
    },
    {
      "type": "Feature",
      "id": "record-0322",
      "properties": {
        "city": "venice",
        "timestamp": "2026-07-17 13:23:01",
        "image": "https://media.githubusercontent.com/media/jiakun323/geodata-visualization/refs/heads/main/extracted_frames/2026-07-17_13-23-01.jpg",
        "audio": "",
        "event_mark": "",
        "heart_rate": 91.0,
        "rr": 612.5,
        "temperature": 36.6,
        "attention": 37.0,
        "relaxation": 54.0,
        "sync_rate": 55.0,
        "mental_effort": 6.0,
        "pitch": 34.0,
        "yaw": -169.0,
        "roll": -12.0,
        "delta": 1815343,
        "theta": 616098,
        "low_alpha": 34045,
        "high_alpha": 113296,
        "alpha": 147341,
        "low_beta": 121405,
        "high_beta": 52872,
        "beta": 174277,
        "low_gamma": 51231,
        "mid_gamma": 59568,
        "gamma": 110799,
        "rank": 91.0,
        "value": 91.0,
        "hr": 91.0,
        "unit": "bpm",
        "interpolated_fields": "rr",
        "image_expected_filename": "2026-07-17_13-23-01.jpg",
        "spectrogram": "https://media.githubusercontent.com/media/jiakun323/geodata-visualization/refs/heads/main/spectrogram/2026-07-17_13-23-01.jpg",
        "familiarity": -7.0,
        "record_id": "record-0322"
      },
      "geometry": {
        "type": "Point",
        "coordinates": [
          113.999354,
          22.596385
        ]
      }
    },
    {
      "type": "Feature",
      "id": "record-0323",
      "properties": {
        "city": "venice",
        "timestamp": "2026-07-17 13:23:06",
        "image": "https://media.githubusercontent.com/media/jiakun323/geodata-visualization/refs/heads/main/extracted_frames/2026-07-17_13-23-06.jpg",
        "audio": "",
        "event_mark": "",
        "heart_rate": 95.0,
        "rr": 612.5,
        "temperature": 36.6,
        "attention": 10.0,
        "relaxation": 67.0,
        "sync_rate": 54.0,
        "mental_effort": 0.0,
        "pitch": -1.0,
        "yaw": -120.0,
        "roll": -5.0,
        "delta": 186119,
        "theta": 21474,
        "low_alpha": 5339,
        "high_alpha": 6965,
        "alpha": 12304,
        "low_beta": 2357,
        "high_beta": 1065,
        "beta": 3422,
        "low_gamma": 1920,
        "mid_gamma": 1967,
        "gamma": 3887,
        "rank": 95.0,
        "value": 95.0,
        "hr": 95.0,
        "unit": "bpm",
        "interpolated_fields": "rr",
        "image_expected_filename": "2026-07-17_13-23-06.jpg",
        "spectrogram": "https://media.githubusercontent.com/media/jiakun323/geodata-visualization/refs/heads/main/spectrogram/2026-07-17_13-23-06.jpg",
        "familiarity": -5.0,
        "record_id": "record-0323"
      },
      "geometry": {
        "type": "Point",
        "coordinates": [
          113.99938,
          22.59643
        ]
      }
    },
    {
      "type": "Feature",
      "id": "record-0324",
      "properties": {
        "city": "venice",
        "timestamp": "2026-07-17 13:23:11",
        "image": "https://media.githubusercontent.com/media/jiakun323/geodata-visualization/refs/heads/main/extracted_frames/2026-07-17_13-23-11.jpg",
        "audio": "",
        "event_mark": "",
        "heart_rate": 95.0,
        "rr": 612.5,
        "temperature": 36.6,
        "attention": 26.0,
        "relaxation": 50.0,
        "sync_rate": 39.0,
        "mental_effort": -18.0,
        "pitch": 11.0,
        "yaw": -112.0,
        "roll": 2.0,
        "delta": 48462,
        "theta": 43820,
        "low_alpha": 6529,
        "high_alpha": 3676,
        "alpha": 10205,
        "low_beta": 1698,
        "high_beta": 1370,
        "beta": 3068,
        "low_gamma": 5382,
        "mid_gamma": 1088,
        "gamma": 6470,
        "rank": 95.0,
        "value": 95.0,
        "hr": 95.0,
        "unit": "bpm",
        "interpolated_fields": "rr",
        "image_expected_filename": "2026-07-17_13-23-11.jpg",
        "spectrogram": "https://media.githubusercontent.com/media/jiakun323/geodata-visualization/refs/heads/main/spectrogram/2026-07-17_13-23-11.jpg",
        "familiarity": -3.0,
        "record_id": "record-0324"
      },
      "geometry": {
        "type": "Point",
        "coordinates": [
          113.999406,
          22.596475
        ]
      }
    },
    {
      "type": "Feature",
      "id": "record-0325",
      "properties": {
        "city": "venice",
        "timestamp": "2026-07-17 13:23:16",
        "image": "https://media.githubusercontent.com/media/jiakun323/geodata-visualization/refs/heads/main/extracted_frames/2026-07-17_13-23-16.jpg",
        "audio": "",
        "event_mark": "",
        "heart_rate": 92.0,
        "rr": 612.5,
        "temperature": 36.6,
        "attention": 1.0,
        "relaxation": 29.0,
        "sync_rate": 62.0,
        "mental_effort": 13.0,
        "pitch": 15.0,
        "yaw": -68.0,
        "roll": -10.0,
        "delta": 397193,
        "theta": 661714,
        "low_alpha": 26536,
        "high_alpha": 13815,
        "alpha": 40351,
        "low_beta": 11736,
        "high_beta": 25048,
        "beta": 36784,
        "low_gamma": 24166,
        "mid_gamma": 5903,
        "gamma": 30069,
        "rank": 92.0,
        "value": 92.0,
        "hr": 92.0,
        "unit": "bpm",
        "interpolated_fields": "rr",
        "image_expected_filename": "2026-07-17_13-23-16.jpg",
        "spectrogram": "https://media.githubusercontent.com/media/jiakun323/geodata-visualization/refs/heads/main/spectrogram/2026-07-17_13-23-16.jpg",
        "familiarity": 14.0,
        "record_id": "record-0325"
      },
      "geometry": {
        "type": "Point",
        "coordinates": [
          113.999432,
          22.596519
        ]
      }
    },
    {
      "type": "Feature",
      "id": "record-0326",
      "properties": {
        "city": "venice",
        "timestamp": "2026-07-17 13:23:21",
        "image": "https://media.githubusercontent.com/media/jiakun323/geodata-visualization/refs/heads/main/extracted_frames/2026-07-17_13-23-21.jpg",
        "audio": "",
        "event_mark": "",
        "heart_rate": 90.0,
        "rr": 612.5,
        "temperature": 36.6,
        "attention": 11.0,
        "relaxation": 38.0,
        "sync_rate": 62.0,
        "mental_effort": 13.0,
        "pitch": 13.0,
        "yaw": -32.0,
        "roll": -10.0,
        "delta": 1055065,
        "theta": 296693,
        "low_alpha": 13437,
        "high_alpha": 9967,
        "alpha": 23404,
        "low_beta": 8699,
        "high_beta": 3938,
        "beta": 12637,
        "low_gamma": 5417,
        "mid_gamma": 2731,
        "gamma": 8148,
        "rank": 90.0,
        "value": 90.0,
        "hr": 90.0,
        "unit": "bpm",
        "interpolated_fields": "rr, mental_effort, familarity",
        "image_expected_filename": "2026-07-17_13-23-21.jpg",
        "spectrogram": "https://media.githubusercontent.com/media/jiakun323/geodata-visualization/refs/heads/main/spectrogram/2026-07-17_13-23-21.jpg",
        "familiarity": 14.0,
        "record_id": "record-0326"
      },
      "geometry": {
        "type": "Point",
        "coordinates": [
          113.999458,
          22.596564
        ]
      }
    },
    {
      "type": "Feature",
      "id": "record-0327",
      "properties": {
        "city": "venice",
        "timestamp": "2026-07-17 13:23:26",
        "image": "https://media.githubusercontent.com/media/jiakun323/geodata-visualization/refs/heads/main/extracted_frames/2026-07-17_13-23-26.jpg",
        "audio": "",
        "event_mark": "",
        "heart_rate": 89.0,
        "rr": 612.5,
        "temperature": 36.6,
        "attention": 57.0,
        "relaxation": 61.0,
        "sync_rate": 80.0,
        "mental_effort": 13.0,
        "pitch": 9.0,
        "yaw": 120.0,
        "roll": -8.0,
        "delta": 86902,
        "theta": 39069,
        "low_alpha": 4780,
        "high_alpha": 4374,
        "alpha": 9154,
        "low_beta": 4181,
        "high_beta": 9741,
        "beta": 13922,
        "low_gamma": 2673,
        "mid_gamma": 2258,
        "gamma": 4931,
        "rank": 89.0,
        "value": 89.0,
        "hr": 89.0,
        "unit": "bpm",
        "interpolated_fields": "rr, mental_effort, familarity",
        "image_expected_filename": "2026-07-17_13-23-26.jpg",
        "spectrogram": "https://media.githubusercontent.com/media/jiakun323/geodata-visualization/refs/heads/main/spectrogram/2026-07-17_13-23-26.jpg",
        "familiarity": 14.0,
        "record_id": "record-0327"
      },
      "geometry": {
        "type": "Point",
        "coordinates": [
          113.999487,
          22.596618
        ]
      }
    },
    {
      "type": "Feature",
      "id": "record-0328",
      "properties": {
        "city": "venice",
        "timestamp": "2026-07-17 13:23:31",
        "image": "https://media.githubusercontent.com/media/jiakun323/geodata-visualization/refs/heads/main/extracted_frames/2026-07-17_13-23-31.jpg",
        "audio": "",
        "event_mark": "",
        "heart_rate": 87.0,
        "rr": 612.5,
        "temperature": 36.6,
        "attention": 67.0,
        "relaxation": 54.0,
        "sync_rate": 86.0,
        "mental_effort": 13.0,
        "pitch": -43.0,
        "yaw": -173.0,
        "roll": 3.0,
        "delta": 74141,
        "theta": 40235,
        "low_alpha": 483,
        "high_alpha": 4288,
        "alpha": 4771,
        "low_beta": 2493,
        "high_beta": 3415,
        "beta": 5908,
        "low_gamma": 4001,
        "mid_gamma": 587,
        "gamma": 4588,
        "rank": 87.0,
        "value": 87.0,
        "hr": 87.0,
        "unit": "bpm",
        "interpolated_fields": "rr, mental_effort, familarity",
        "image_expected_filename": "2026-07-17_13-23-31.jpg",
        "spectrogram": "https://media.githubusercontent.com/media/jiakun323/geodata-visualization/refs/heads/main/spectrogram/2026-07-17_13-23-31.jpg",
        "familiarity": 14.0,
        "record_id": "record-0328"
      },
      "geometry": {
        "type": "Point",
        "coordinates": [
          113.999516,
          22.596676
        ]
      }
    },
    {
      "type": "Feature",
      "id": "record-0329",
      "properties": {
        "city": "venice",
        "timestamp": "2026-07-17 13:23:36",
        "image": "https://media.githubusercontent.com/media/jiakun323/geodata-visualization/refs/heads/main/extracted_frames/2026-07-17_13-23-36.jpg",
        "audio": "",
        "event_mark": "",
        "heart_rate": 87.0,
        "rr": 612.5,
        "temperature": 36.6,
        "attention": 64.0,
        "relaxation": 69.0,
        "sync_rate": 32.0,
        "mental_effort": 13.0,
        "pitch": 11.0,
        "yaw": -173.0,
        "roll": -8.0,
        "delta": 59706,
        "theta": 17835,
        "low_alpha": 16120,
        "high_alpha": 5533,
        "alpha": 21653,
        "low_beta": 12933,
        "high_beta": 14688,
        "beta": 27621,
        "low_gamma": 17422,
        "mid_gamma": 5545,
        "gamma": 22967,
        "rank": 87.0,
        "value": 87.0,
        "hr": 87.0,
        "unit": "bpm",
        "interpolated_fields": "rr, mental_effort, familarity",
        "image_expected_filename": "2026-07-17_13-23-36.jpg",
        "spectrogram": "https://media.githubusercontent.com/media/jiakun323/geodata-visualization/refs/heads/main/spectrogram/2026-07-17_13-23-36.jpg",
        "familiarity": 14.0,
        "record_id": "record-0329"
      },
      "geometry": {
        "type": "Point",
        "coordinates": [
          113.999537,
          22.596723
        ]
      }
    },
    {
      "type": "Feature",
      "id": "record-0330",
      "properties": {
        "city": "venice",
        "timestamp": "2026-07-17 13:23:41",
        "image": "https://media.githubusercontent.com/media/jiakun323/geodata-visualization/refs/heads/main/extracted_frames/2026-07-17_13-23-41.jpg",
        "audio": "",
        "event_mark": "",
        "heart_rate": 87.0,
        "rr": 612.5,
        "temperature": 36.6,
        "attention": 81.0,
        "relaxation": 60.0,
        "sync_rate": 45.0,
        "mental_effort": 13.0,
        "pitch": -41.0,
        "yaw": 71.0,
        "roll": 4.0,
        "delta": 64723,
        "theta": 35366,
        "low_alpha": 6819,
        "high_alpha": 7457,
        "alpha": 14276,
        "low_beta": 13291,
        "high_beta": 17884,
        "beta": 31175,
        "low_gamma": 4255,
        "mid_gamma": 6020,
        "gamma": 10275,
        "rank": 87.0,
        "value": 87.0,
        "hr": 87.0,
        "unit": "bpm",
        "interpolated_fields": "rr, mental_effort, familarity",
        "image_expected_filename": "2026-07-17_13-23-41.jpg",
        "spectrogram": "https://media.githubusercontent.com/media/jiakun323/geodata-visualization/refs/heads/main/spectrogram/2026-07-17_13-23-41.jpg",
        "familiarity": 14.0,
        "record_id": "record-0330"
      },
      "geometry": {
        "type": "Point",
        "coordinates": [
          113.999558,
          22.596769
        ]
      }
    },
    {
      "type": "Feature",
      "id": "record-0331",
      "properties": {
        "city": "venice",
        "timestamp": "2026-07-17 13:23:46",
        "image": "https://media.githubusercontent.com/media/jiakun323/geodata-visualization/refs/heads/main/extracted_frames/2026-07-17_13-23-46.jpg",
        "audio": "",
        "event_mark": "",
        "heart_rate": 87.0,
        "rr": 612.5,
        "temperature": 36.6,
        "attention": 51.0,
        "relaxation": 57.0,
        "sync_rate": 45.0,
        "mental_effort": 13.0,
        "pitch": 7.0,
        "yaw": 69.0,
        "roll": -12.0,
        "delta": 1117763,
        "theta": 382111,
        "low_alpha": 73076,
        "high_alpha": 23985,
        "alpha": 97061,
        "low_beta": 16673,
        "high_beta": 34673,
        "beta": 51346,
        "low_gamma": 11492,
        "mid_gamma": 9922,
        "gamma": 21414,
        "rank": 87.0,
        "value": 87.0,
        "hr": 87.0,
        "unit": "bpm",
        "interpolated_fields": "rr, mental_effort, familarity",
        "image_expected_filename": "2026-07-17_13-23-46.jpg",
        "spectrogram": "https://media.githubusercontent.com/media/jiakun323/geodata-visualization/refs/heads/main/spectrogram/2026-07-17_13-23-46.jpg",
        "familiarity": 14.0,
        "record_id": "record-0331"
      },
      "geometry": {
        "type": "Point",
        "coordinates": [
          113.999579,
          22.596816
        ]
      }
    },
    {
      "type": "Feature",
      "id": "record-0332",
      "properties": {
        "city": "venice",
        "timestamp": "2026-07-17 13:23:51",
        "image": "https://media.githubusercontent.com/media/jiakun323/geodata-visualization/refs/heads/main/extracted_frames/2026-07-17_13-23-51.jpg",
        "audio": "",
        "event_mark": "",
        "heart_rate": 85.0,
        "rr": 612.5,
        "temperature": 36.6,
        "attention": 27.0,
        "relaxation": 53.0,
        "sync_rate": 54.0,
        "mental_effort": 13.0,
        "pitch": 21.0,
        "yaw": 55.0,
        "roll": -4.0,
        "delta": 20961,
        "theta": 44437,
        "low_alpha": 6151,
        "high_alpha": 2462,
        "alpha": 8613,
        "low_beta": 1484,
        "high_beta": 13861,
        "beta": 15345,
        "low_gamma": 15109,
        "mid_gamma": 7860,
        "gamma": 22969,
        "rank": 85.0,
        "value": 85.0,
        "hr": 85.0,
        "unit": "bpm",
        "interpolated_fields": "rr, mental_effort, familarity",
        "image_expected_filename": "2026-07-17_13-23-51.jpg",
        "spectrogram": "https://media.githubusercontent.com/media/jiakun323/geodata-visualization/refs/heads/main/spectrogram/2026-07-17_13-23-51.jpg",
        "familiarity": 14.0,
        "record_id": "record-0332"
      },
      "geometry": {
        "type": "Point",
        "coordinates": [
          113.999599,
          22.596862
        ]
      }
    },
    {
      "type": "Feature",
      "id": "record-0333",
      "properties": {
        "city": "venice",
        "timestamp": "2026-07-17 13:23:56",
        "image": "https://media.githubusercontent.com/media/jiakun323/geodata-visualization/refs/heads/main/extracted_frames/2026-07-17_13-23-56.jpg",
        "audio": "",
        "event_mark": "",
        "heart_rate": 83.0,
        "rr": 612.5,
        "temperature": 36.6,
        "attention": 41.0,
        "relaxation": 70.0,
        "sync_rate": 66.0,
        "mental_effort": 13.0,
        "pitch": -29.0,
        "yaw": 140.0,
        "roll": 3.0,
        "delta": 986385,
        "theta": 360712,
        "low_alpha": 80739,
        "high_alpha": 114297,
        "alpha": 195036,
        "low_beta": 57913,
        "high_beta": 101558,
        "beta": 159471,
        "low_gamma": 128583,
        "mid_gamma": 27944,
        "gamma": 156527,
        "rank": 83.0,
        "value": 83.0,
        "hr": 83.0,
        "unit": "bpm",
        "interpolated_fields": "rr, mental_effort, familarity",
        "image_expected_filename": "2026-07-17_13-23-56.jpg",
        "spectrogram": "https://media.githubusercontent.com/media/jiakun323/geodata-visualization/refs/heads/main/spectrogram/2026-07-17_13-23-56.jpg",
        "familiarity": 14.0,
        "record_id": "record-0333"
      },
      "geometry": {
        "type": "Point",
        "coordinates": [
          113.99962,
          22.596909
        ]
      }
    },
    {
      "type": "Feature",
      "id": "record-0334",
      "properties": {
        "city": "venice",
        "timestamp": "2026-07-17 13:24:01",
        "image": "https://media.githubusercontent.com/media/jiakun323/geodata-visualization/refs/heads/main/extracted_frames/2026-07-17_13-24-01.jpg",
        "audio": "",
        "event_mark": "",
        "heart_rate": 87.0,
        "rr": 612.5,
        "temperature": 36.6,
        "attention": 20.0,
        "relaxation": 43.0,
        "sync_rate": 61.0,
        "mental_effort": 13.0,
        "pitch": -19.0,
        "yaw": 164.0,
        "roll": -4.0,
        "delta": 914626,
        "theta": 278093,
        "low_alpha": 9579,
        "high_alpha": 23147,
        "alpha": 32726,
        "low_beta": 15440,
        "high_beta": 17188,
        "beta": 32628,
        "low_gamma": 16576,
        "mid_gamma": 8498,
        "gamma": 25074,
        "rank": 87.0,
        "value": 87.0,
        "hr": 87.0,
        "unit": "bpm",
        "interpolated_fields": "rr, mental_effort, familarity",
        "image_expected_filename": "2026-07-17_13-24-01.jpg",
        "spectrogram": "https://media.githubusercontent.com/media/jiakun323/geodata-visualization/refs/heads/main/spectrogram/2026-07-17_13-24-01.jpg",
        "familiarity": 14.0,
        "record_id": "record-0334"
      },
      "geometry": {
        "type": "Point",
        "coordinates": [
          113.999641,
          22.596955
        ]
      }
    },
    {
      "type": "Feature",
      "id": "record-0335",
      "properties": {
        "city": "venice",
        "timestamp": "2026-07-17 13:24:06",
        "image": "https://media.githubusercontent.com/media/jiakun323/geodata-visualization/refs/heads/main/extracted_frames/2026-07-17_13-24-06.jpg",
        "audio": "",
        "event_mark": "",
        "heart_rate": 94.0,
        "rr": 612.5,
        "temperature": 36.6,
        "attention": 20.0,
        "relaxation": 48.0,
        "sync_rate": 55.0,
        "mental_effort": 13.0,
        "pitch": -45.0,
        "yaw": -149.0,
        "roll": -108.0,
        "delta": 635221,
        "theta": 70279,
        "low_alpha": 27255,
        "high_alpha": 6799,
        "alpha": 34054,
        "low_beta": 6400,
        "high_beta": 19296,
        "beta": 25696,
        "low_gamma": 10194,
        "mid_gamma": 2745,
        "gamma": 12939,
        "rank": 94.0,
        "value": 94.0,
        "hr": 94.0,
        "unit": "bpm",
        "interpolated_fields": "rr, mental_effort, familarity",
        "image_expected_filename": "2026-07-17_13-24-06.jpg",
        "spectrogram": "https://media.githubusercontent.com/media/jiakun323/geodata-visualization/refs/heads/main/spectrogram/2026-07-17_13-24-06.jpg",
        "familiarity": 14.0,
        "record_id": "record-0335"
      },
      "geometry": {
        "type": "Point",
        "coordinates": [
          113.999662,
          22.597001
        ]
      }
    },
    {
      "type": "Feature",
      "id": "record-0336",
      "properties": {
        "city": "venice",
        "timestamp": "2026-07-17 13:24:11",
        "image": "https://media.githubusercontent.com/media/jiakun323/geodata-visualization/refs/heads/main/extracted_frames/2026-07-17_13-24-11.jpg",
        "audio": "",
        "event_mark": "",
        "heart_rate": 100.0,
        "rr": 612.5,
        "temperature": 36.6,
        "attention": 35.0,
        "relaxation": 64.0,
        "sync_rate": 67.0,
        "mental_effort": 13.0,
        "pitch": 0.0,
        "yaw": 0.0,
        "roll": 0.0,
        "delta": 1657944,
        "theta": 94393,
        "low_alpha": 34315,
        "high_alpha": 60397,
        "alpha": 94712,
        "low_beta": 23375,
        "high_beta": 27198,
        "beta": 50573,
        "low_gamma": 53846,
        "mid_gamma": 9542,
        "gamma": 63388,
        "rank": 100.0,
        "value": 100.0,
        "hr": 100.0,
        "unit": "bpm",
        "interpolated_fields": "rr, pitch, yaw, roll, mental_effort, familarity",
        "image_expected_filename": "2026-07-17_13-24-11.jpg",
        "spectrogram": "https://media.githubusercontent.com/media/jiakun323/geodata-visualization/refs/heads/main/spectrogram/2026-07-17_13-24-11.jpg",
        "familiarity": 14.0,
        "record_id": "record-0336"
      },
      "geometry": {
        "type": "Point",
        "coordinates": [
          113.99968,
          22.59705
        ]
      }
    },
    {
      "type": "Feature",
      "id": "record-0337",
      "properties": {
        "city": "venice",
        "timestamp": "2026-07-17 13:24:16",
        "image": "https://media.githubusercontent.com/media/jiakun323/geodata-visualization/refs/heads/main/extracted_frames/2026-07-17_13-24-16.jpg",
        "audio": "",
        "event_mark": "",
        "heart_rate": 101.0,
        "rr": 612.5,
        "temperature": 36.6,
        "attention": 48.0,
        "relaxation": 70.0,
        "sync_rate": 76.0,
        "mental_effort": 13.0,
        "pitch": 0.0,
        "yaw": 0.0,
        "roll": 0.0,
        "delta": 177085,
        "theta": 24539,
        "low_alpha": 3054,
        "high_alpha": 8650,
        "alpha": 11704,
        "low_beta": 17937,
        "high_beta": 15448,
        "beta": 33385,
        "low_gamma": 7143,
        "mid_gamma": 2389,
        "gamma": 9532,
        "rank": 101.0,
        "value": 101.0,
        "hr": 101.0,
        "unit": "bpm",
        "interpolated_fields": "rr, pitch, yaw, roll, mental_effort, familarity",
        "image_expected_filename": "2026-07-17_13-24-16.jpg",
        "spectrogram": "https://media.githubusercontent.com/media/jiakun323/geodata-visualization/refs/heads/main/spectrogram/2026-07-17_13-24-16.jpg",
        "familiarity": 14.0,
        "record_id": "record-0337"
      },
      "geometry": {
        "type": "Point",
        "coordinates": [
          113.999698,
          22.597099
        ]
      }
    },
    {
      "type": "Feature",
      "id": "record-0338",
      "properties": {
        "city": "venice",
        "timestamp": "2026-07-17 13:24:21",
        "image": "https://media.githubusercontent.com/media/jiakun323/geodata-visualization/refs/heads/main/extracted_frames/2026-07-17_13-24-21.jpg",
        "audio": "",
        "event_mark": "",
        "heart_rate": 98.0,
        "rr": 612.5,
        "temperature": 36.5,
        "attention": 41.0,
        "relaxation": 51.0,
        "sync_rate": 58.0,
        "mental_effort": 13.0,
        "pitch": 0.0,
        "yaw": 0.0,
        "roll": 0.0,
        "delta": 45491,
        "theta": 2463,
        "low_alpha": 1756,
        "high_alpha": 4396,
        "alpha": 6152,
        "low_beta": 3772,
        "high_beta": 9270,
        "beta": 13042,
        "low_gamma": 3411,
        "mid_gamma": 1078,
        "gamma": 4489,
        "rank": 98.0,
        "value": 98.0,
        "hr": 98.0,
        "unit": "bpm",
        "interpolated_fields": "rr, pitch, yaw, roll, mental_effort, familarity",
        "image_expected_filename": "2026-07-17_13-24-21.jpg",
        "spectrogram": "https://media.githubusercontent.com/media/jiakun323/geodata-visualization/refs/heads/main/spectrogram/2026-07-17_13-24-21.jpg",
        "familiarity": 14.0,
        "record_id": "record-0338"
      },
      "geometry": {
        "type": "Point",
        "coordinates": [
          113.999716,
          22.597149
        ]
      }
    },
    {
      "type": "Feature",
      "id": "record-0339",
      "properties": {
        "city": "venice",
        "timestamp": "2026-07-17 13:24:26",
        "image": "https://media.githubusercontent.com/media/jiakun323/geodata-visualization/refs/heads/main/extracted_frames/2026-07-17_13-24-26.jpg",
        "audio": "",
        "event_mark": "",
        "heart_rate": 95.0,
        "rr": 612.5,
        "temperature": 36.6,
        "attention": 54.0,
        "relaxation": 57.0,
        "sync_rate": 69.0,
        "mental_effort": 13.0,
        "pitch": 0.0,
        "yaw": 0.0,
        "roll": 0.0,
        "delta": 1082842,
        "theta": 52428,
        "low_alpha": 7832,
        "high_alpha": 8595,
        "alpha": 16427,
        "low_beta": 5136,
        "high_beta": 7734,
        "beta": 12870,
        "low_gamma": 9262,
        "mid_gamma": 6881,
        "gamma": 16143,
        "rank": 95.0,
        "value": 95.0,
        "hr": 95.0,
        "unit": "bpm",
        "interpolated_fields": "rr, pitch, yaw, roll, mental_effort, familarity",
        "image_expected_filename": "2026-07-17_13-24-26.jpg",
        "spectrogram": "https://media.githubusercontent.com/media/jiakun323/geodata-visualization/refs/heads/main/spectrogram/2026-07-17_13-24-26.jpg",
        "familiarity": 14.0,
        "record_id": "record-0339"
      },
      "geometry": {
        "type": "Point",
        "coordinates": [
          113.999733,
          22.597198
        ]
      }
    },
    {
      "type": "Feature",
      "id": "record-0340",
      "properties": {
        "city": "venice",
        "timestamp": "2026-07-17 13:24:31",
        "image": "https://media.githubusercontent.com/media/jiakun323/geodata-visualization/refs/heads/main/extracted_frames/2026-07-17_13-24-31.jpg",
        "audio": "",
        "event_mark": "",
        "heart_rate": 90.0,
        "rr": 612.5,
        "temperature": 36.5,
        "attention": 66.0,
        "relaxation": 43.0,
        "sync_rate": 65.0,
        "mental_effort": 13.0,
        "pitch": 0.0,
        "yaw": 0.0,
        "roll": 0.0,
        "delta": 299049,
        "theta": 61452,
        "low_alpha": 16404,
        "high_alpha": 5471,
        "alpha": 21875,
        "low_beta": 3978,
        "high_beta": 30149,
        "beta": 34127,
        "low_gamma": 17404,
        "mid_gamma": 5004,
        "gamma": 22408,
        "rank": 90.0,
        "value": 90.0,
        "hr": 90.0,
        "unit": "bpm",
        "interpolated_fields": "rr, pitch, yaw, roll, mental_effort, familarity",
        "image_expected_filename": "2026-07-17_13-24-31.jpg",
        "spectrogram": "https://media.githubusercontent.com/media/jiakun323/geodata-visualization/refs/heads/main/spectrogram/2026-07-17_13-24-31.jpg",
        "familiarity": 14.0,
        "record_id": "record-0340"
      },
      "geometry": {
        "type": "Point",
        "coordinates": [
          113.999772,
          22.597252
        ]
      }
    },
    {
      "type": "Feature",
      "id": "record-0341",
      "properties": {
        "city": "venice",
        "timestamp": "2026-07-17 13:24:36",
        "image": "https://media.githubusercontent.com/media/jiakun323/geodata-visualization/refs/heads/main/extracted_frames/2026-07-17_13-24-36.jpg",
        "audio": "",
        "event_mark": "",
        "heart_rate": 89.0,
        "rr": 612.5,
        "temperature": 36.5,
        "attention": 30.0,
        "relaxation": 66.0,
        "sync_rate": 22.0,
        "mental_effort": 13.0,
        "pitch": 0.0,
        "yaw": 0.0,
        "roll": 0.0,
        "delta": 593595,
        "theta": 86717,
        "low_alpha": 18011,
        "high_alpha": 11853,
        "alpha": 29864,
        "low_beta": 8808,
        "high_beta": 12422,
        "beta": 21230,
        "low_gamma": 19073,
        "mid_gamma": 7195,
        "gamma": 26268,
        "rank": 89.0,
        "value": 89.0,
        "hr": 89.0,
        "unit": "bpm",
        "interpolated_fields": "rr, pitch, yaw, roll, mental_effort, familarity",
        "image_expected_filename": "2026-07-17_13-24-36.jpg",
        "spectrogram": "https://media.githubusercontent.com/media/jiakun323/geodata-visualization/refs/heads/main/spectrogram/2026-07-17_13-24-36.jpg",
        "familiarity": 14.0,
        "record_id": "record-0341"
      },
      "geometry": {
        "type": "Point",
        "coordinates": [
          113.999789,
          22.597289
        ]
      }
    },
    {
      "type": "Feature",
      "id": "record-0342",
      "properties": {
        "city": "venice",
        "timestamp": "2026-07-17 13:24:41",
        "image": "https://media.githubusercontent.com/media/jiakun323/geodata-visualization/refs/heads/main/extracted_frames/2026-07-17_13-24-41.jpg",
        "audio": "",
        "event_mark": "横过马路，注意观察。",
        "heart_rate": 90.0,
        "rr": 612.5,
        "temperature": 36.5,
        "attention": 35.0,
        "relaxation": 66.0,
        "sync_rate": 29.0,
        "mental_effort": 13.0,
        "pitch": 0.0,
        "yaw": 0.0,
        "roll": 0.0,
        "delta": 93842,
        "theta": 36413,
        "low_alpha": 7259,
        "high_alpha": 12468,
        "alpha": 19727,
        "low_beta": 1644,
        "high_beta": 2938,
        "beta": 4582,
        "low_gamma": 3160,
        "mid_gamma": 3335,
        "gamma": 6495,
        "rank": 90.0,
        "value": 90.0,
        "hr": 90.0,
        "unit": "bpm",
        "interpolated_fields": "rr, pitch, yaw, roll, mental_effort, familarity",
        "image_expected_filename": "2026-07-17_13-24-41.jpg",
        "spectrogram": "https://media.githubusercontent.com/media/jiakun323/geodata-visualization/refs/heads/main/spectrogram/2026-07-17_13-24-41.jpg",
        "familiarity": 14.0,
        "record_id": "record-0342"
      },
      "geometry": {
        "type": "Point",
        "coordinates": [
          113.999791,
          22.597315
        ]
      }
    },
    {
      "type": "Feature",
      "id": "record-0343",
      "properties": {
        "city": "venice",
        "timestamp": "2026-07-17 13:24:46",
        "image": "https://media.githubusercontent.com/media/jiakun323/geodata-visualization/refs/heads/main/extracted_frames/2026-07-17_13-24-46.jpg",
        "audio": "",
        "event_mark": "",
        "heart_rate": 90.0,
        "rr": 612.5,
        "temperature": 36.55,
        "attention": 26.0,
        "relaxation": 45.5,
        "sync_rate": 60.5,
        "mental_effort": 13.0,
        "pitch": 0.0,
        "yaw": 0.0,
        "roll": 0.0,
        "delta": 871416,
        "theta": 257968,
        "low_alpha": 26702,
        "high_alpha": 24917,
        "alpha": 51618,
        "low_beta": 11468,
        "high_beta": 37202,
        "beta": 48670,
        "low_gamma": 19002,
        "mid_gamma": 8948,
        "gamma": 27950,
        "rank": 90.0,
        "value": 90.0,
        "hr": 90.0,
        "unit": "bpm",
        "interpolated_fields": "rr, attention, relaxation, delta, theta, low_alpha, high_alpha, low_beta, high_beta, low_gamma, mid_gamma, pitch, yaw, roll, sync_rate, mental_effort, familarity, temperature, heart_rate",
        "image_expected_filename": "2026-07-17_13-24-46.jpg",
        "spectrogram": "https://media.githubusercontent.com/media/jiakun323/geodata-visualization/refs/heads/main/spectrogram/2026-07-17_13-24-46.jpg",
        "familiarity": 14.0,
        "record_id": "record-0343"
      },
      "geometry": {
        "type": "Point",
        "coordinates": [
          113.999794,
          22.597341
        ]
      }
    },
    {
      "type": "Feature",
      "id": "record-0344",
      "properties": {
        "city": "venice",
        "timestamp": "2026-07-17 13:24:51",
        "image": "https://media.githubusercontent.com/media/jiakun323/geodata-visualization/refs/heads/main/extracted_frames/2026-07-17_13-24-51.jpg",
        "audio": "",
        "event_mark": "",
        "heart_rate": 90.0,
        "rr": 612.5,
        "temperature": 36.5,
        "attention": 43.0,
        "relaxation": 80.0,
        "sync_rate": 78.0,
        "mental_effort": 13.0,
        "pitch": 0.0,
        "yaw": 0.0,
        "roll": 0.0,
        "delta": 1045815,
        "theta": 430158,
        "low_alpha": 90380,
        "high_alpha": 62515,
        "alpha": 152895,
        "low_beta": 44458,
        "high_beta": 82036,
        "beta": 126494,
        "low_gamma": 37897,
        "mid_gamma": 11137,
        "gamma": 49034,
        "rank": 90.0,
        "value": 90.0,
        "hr": 90.0,
        "unit": "bpm",
        "interpolated_fields": "rr, pitch, yaw, roll, mental_effort, familarity",
        "image_expected_filename": "2026-07-17_13-24-51.jpg",
        "spectrogram": "https://media.githubusercontent.com/media/jiakun323/geodata-visualization/refs/heads/main/spectrogram/2026-07-17_13-24-51.jpg",
        "familiarity": 14.0,
        "record_id": "record-0344"
      },
      "geometry": {
        "type": "Point",
        "coordinates": [
          113.999797,
          22.597368
        ]
      }
    },
    {
      "type": "Feature",
      "id": "record-0345",
      "properties": {
        "city": "venice",
        "timestamp": "2026-07-17 13:24:56",
        "image": "https://media.githubusercontent.com/media/jiakun323/geodata-visualization/refs/heads/main/extracted_frames/2026-07-17_13-24-56.jpg",
        "audio": "",
        "event_mark": "",
        "heart_rate": 92.0,
        "rr": 612.5,
        "temperature": 36.6,
        "attention": 21.0,
        "relaxation": 77.0,
        "sync_rate": 43.0,
        "mental_effort": 13.0,
        "pitch": 0.0,
        "yaw": 0.0,
        "roll": 0.0,
        "delta": 139573,
        "theta": 44323,
        "low_alpha": 24892,
        "high_alpha": 29557,
        "alpha": 54449,
        "low_beta": 5835,
        "high_beta": 5396,
        "beta": 11231,
        "low_gamma": 9695,
        "mid_gamma": 16456,
        "gamma": 26151,
        "rank": 92.0,
        "value": 92.0,
        "hr": 92.0,
        "unit": "bpm",
        "interpolated_fields": "rr, pitch, yaw, roll, mental_effort, familarity",
        "image_expected_filename": "2026-07-17_13-24-56.jpg",
        "spectrogram": "https://media.githubusercontent.com/media/jiakun323/geodata-visualization/refs/heads/main/spectrogram/2026-07-17_13-24-56.jpg",
        "familiarity": 14.0,
        "record_id": "record-0345"
      },
      "geometry": {
        "type": "Point",
        "coordinates": [
          113.9998,
          22.597394
        ]
      }
    },
    {
      "type": "Feature",
      "id": "record-0346",
      "properties": {
        "city": "venice",
        "timestamp": "2026-07-17 13:25:01",
        "image": "https://media.githubusercontent.com/media/jiakun323/geodata-visualization/refs/heads/main/extracted_frames/2026-07-17_13-25-01.jpg",
        "audio": "",
        "event_mark": "",
        "heart_rate": 95.0,
        "rr": 612.5,
        "temperature": 36.6,
        "attention": 40.0,
        "relaxation": 40.0,
        "sync_rate": 54.0,
        "mental_effort": 13.0,
        "pitch": 0.0,
        "yaw": 0.0,
        "roll": 0.0,
        "delta": 1173111,
        "theta": 300370,
        "low_alpha": 15481,
        "high_alpha": 27815,
        "alpha": 43296,
        "low_beta": 4796,
        "high_beta": 29187,
        "beta": 33983,
        "low_gamma": 29473,
        "mid_gamma": 4983,
        "gamma": 34456,
        "rank": 95.0,
        "value": 95.0,
        "hr": 95.0,
        "unit": "bpm",
        "interpolated_fields": "rr, pitch, yaw, roll, mental_effort, familarity",
        "image_expected_filename": "2026-07-17_13-25-01.jpg",
        "spectrogram": "https://media.githubusercontent.com/media/jiakun323/geodata-visualization/refs/heads/main/spectrogram/2026-07-17_13-25-01.jpg",
        "familiarity": 14.0,
        "record_id": "record-0346"
      },
      "geometry": {
        "type": "Point",
        "coordinates": [
          113.999803,
          22.59742
        ]
      }
    },
    {
      "type": "Feature",
      "id": "record-0347",
      "properties": {
        "city": "venice",
        "timestamp": "2026-07-17 13:25:06",
        "image": "https://media.githubusercontent.com/media/jiakun323/geodata-visualization/refs/heads/main/extracted_frames/2026-07-17_13-25-06.jpg",
        "audio": "",
        "event_mark": "",
        "heart_rate": 96.0,
        "rr": 612.5,
        "temperature": 36.6,
        "attention": 48.0,
        "relaxation": 74.0,
        "sync_rate": 60.0,
        "mental_effort": 13.0,
        "pitch": 0.0,
        "yaw": 0.0,
        "roll": 0.0,
        "delta": 649273,
        "theta": 177168,
        "low_alpha": 31143,
        "high_alpha": 23035,
        "alpha": 54178,
        "low_beta": 11036,
        "high_beta": 31129,
        "beta": 42165,
        "low_gamma": 55205,
        "mid_gamma": 7738,
        "gamma": 62943,
        "rank": 96.0,
        "value": 96.0,
        "hr": 96.0,
        "unit": "bpm",
        "interpolated_fields": "rr, pitch, yaw, roll, mental_effort, familarity",
        "image_expected_filename": "2026-07-17_13-25-06.jpg",
        "spectrogram": "https://media.githubusercontent.com/media/jiakun323/geodata-visualization/refs/heads/main/spectrogram/2026-07-17_13-25-06.jpg",
        "familiarity": 14.0,
        "record_id": "record-0347"
      },
      "geometry": {
        "type": "Point",
        "coordinates": [
          113.999805,
          22.597447
        ]
      }
    },
    {
      "type": "Feature",
      "id": "record-0348",
      "properties": {
        "city": "venice",
        "timestamp": "2026-07-17 13:25:11",
        "image": "https://media.githubusercontent.com/media/jiakun323/geodata-visualization/refs/heads/main/extracted_frames/2026-07-17_13-25-11.jpg",
        "audio": "",
        "event_mark": "",
        "heart_rate": 96.0,
        "rr": 612.5,
        "temperature": 36.6,
        "attention": 23.0,
        "relaxation": 43.0,
        "sync_rate": 68.0,
        "mental_effort": 13.0,
        "pitch": 0.0,
        "yaw": 0.0,
        "roll": 0.0,
        "delta": 584963,
        "theta": 64800,
        "low_alpha": 44111,
        "high_alpha": 35123,
        "alpha": 79234,
        "low_beta": 14395,
        "high_beta": 9823,
        "beta": 24218,
        "low_gamma": 7392,
        "mid_gamma": 18539,
        "gamma": 25931,
        "rank": 96.0,
        "value": 96.0,
        "hr": 96.0,
        "unit": "bpm",
        "interpolated_fields": "rr, pitch, yaw, roll, mental_effort, familarity",
        "image_expected_filename": "2026-07-17_13-25-11.jpg",
        "spectrogram": "https://media.githubusercontent.com/media/jiakun323/geodata-visualization/refs/heads/main/spectrogram/2026-07-17_13-25-11.jpg",
        "familiarity": 14.0,
        "record_id": "record-0348"
      },
      "geometry": {
        "type": "Point",
        "coordinates": [
          113.999808,
          22.597473
        ]
      }
    },
    {
      "type": "Feature",
      "id": "record-0349",
      "properties": {
        "city": "venice",
        "timestamp": "2026-07-17 13:25:16",
        "image": "https://media.githubusercontent.com/media/jiakun323/geodata-visualization/refs/heads/main/extracted_frames/2026-07-17_13-25-16.jpg",
        "audio": "",
        "event_mark": "结束",
        "heart_rate": 97.0,
        "rr": 612.5,
        "temperature": 36.6,
        "attention": 21.0,
        "relaxation": 70.0,
        "sync_rate": 47.0,
        "mental_effort": 13.0,
        "pitch": 0.0,
        "yaw": 0.0,
        "roll": 0.0,
        "delta": 1498063,
        "theta": 188475,
        "low_alpha": 83746,
        "high_alpha": 18871,
        "alpha": 102617,
        "low_beta": 16145,
        "high_beta": 18043,
        "beta": 34188,
        "low_gamma": 35229,
        "mid_gamma": 23825,
        "gamma": 59054,
        "rank": 97.0,
        "value": 97.0,
        "hr": 97.0,
        "unit": "bpm",
        "interpolated_fields": "rr, pitch, yaw, roll, mental_effort, familarity",
        "image_expected_filename": "2026-07-17_13-25-16.jpg",
        "spectrogram": "https://media.githubusercontent.com/media/jiakun323/geodata-visualization/refs/heads/main/spectrogram/2026-07-17_13-25-16.jpg",
        "familiarity": 14.0,
        "record_id": "record-0349"
      },
      "geometry": {
        "type": "Point",
        "coordinates": [
          113.999811,
          22.597499
        ]
      }
    }
  ]
}